Traceback (most recent call last):
  File "/Users/tinayu/sleep-dashboard/update_dashboard.py", line 176, in <module>
    summary = parse_json_files()
  File "/Users/tinayu/sleep-dashboard/update_dashboard.py", line 31, in parse_json_files
    print(f"資料夾內容: {len(os.listdir(ICLOUD_FOLDER)) if os.path.exists(ICLOUD_FOLDER) else 0} 個檔案")
PermissionError: [Errno 1] Operation not permitted: '/Users/tinayu/Library/Mobile Documents/iCloud~com~ifunography~HealthExport/Documents/Daily Sleep Update'
cat: /Users/tinayu/Library/Mobile Documents/iCloud~com~ifunography~HealthExport/Documents/Daily Sleep Update/HealthAutoExport-2026-01-02.json: Resource deadlock avoided
cat: /Users/tinayu/Library/Mobile Documents/iCloud~com~ifunography~HealthExport/Documents/Daily Sleep Update/HealthAutoExport-2026-01-05.json: Resource deadlock avoided
cat: /Users/tinayu/Library/Mobile Documents/iCloud~com~ifunography~HealthExport/Documents/Daily Sleep Update/HealthAutoExport-2026-01-06.json: Resource deadlock avoided
cat: /Users/tinayu/Library/Mobile Documents/iCloud~com~ifunography~HealthExport/Documents/Daily Sleep Update/HealthAutoExport-2026-01-07.json: Resource deadlock avoided
cat: /Users/tinayu/Library/Mobile Documents/iCloud~com~ifunography~HealthExport/Documents/Daily Sleep Update/HealthAutoExport-2026-01-08.json: Resource deadlock avoided
cat: /Users/tinayu/Library/Mobile Documents/iCloud~com~ifunography~HealthExport/Documents/Daily Sleep Update/HealthAutoExport-2026-01-09.json: Resource deadlock avoided
cat: /Users/tinayu/Library/Mobile Documents/iCloud~com~ifunography~HealthExport/Documents/Daily Sleep Update/HealthAutoExport-2026-01-12.json: Resource deadlock avoided
cat: /Users/tinayu/Library/Mobile Documents/iCloud~com~ifunography~HealthExport/Documents/Daily Sleep Update/HealthAutoExport-2026-01-13.json: Resource deadlock avoided
cat: /Users/tinayu/Library/Mobile Documents/iCloud~com~ifunography~HealthExport/Documents/Daily Sleep Update/HealthAutoExport-2026-01-14.json: Resource deadlock avoided
cat: /Users/tinayu/Library/Mobile Documents/iCloud~com~ifunography~HealthExport/Documents/Daily Sleep Update/HealthAutoExport-2026-01-16.json: Resource deadlock avoided
cat: /Users/tinayu/Library/Mobile Documents/iCloud~com~ifunography~HealthExport/Documents/Daily Sleep Update/HealthAutoExport-2026-01-19.json: Resource deadlock avoided
cat: /Users/tinayu/Library/Mobile Documents/iCloud~com~ifunography~HealthExport/Documents/Daily Sleep Update/HealthAutoExport-2026-01-20.json: Resource deadlock avoided
cat: /Users/tinayu/Library/Mobile Documents/iCloud~com~ifunography~HealthExport/Documents/Daily Sleep Update/HealthAutoExport-2026-01-21.json: Resource deadlock avoided
cat: /Users/tinayu/Library/Mobile Documents/iCloud~com~ifunography~HealthExport/Documents/Daily Sleep Update/HealthAutoExport-2026-01-22.json: Resource deadlock avoided
cat: /Users/tinayu/Library/Mobile Documents/iCloud~com~ifunography~HealthExport/Documents/Daily Sleep Update/HealthAutoExport-2026-01-23.json: Resource deadlock avoided
cat: /Users/tinayu/Library/Mobile Documents/iCloud~com~ifunography~HealthExport/Documents/Daily Sleep Update/HealthAutoExport-2026-01-26.json: Resource deadlock avoided
cat: /Users/tinayu/Library/Mobile Documents/iCloud~com~ifunography~HealthExport/Documents/Daily Sleep Update/HealthAutoExport-2026-01-27.json: Resource deadlock avoided
cat: /Users/tinayu/Library/Mobile Documents/iCloud~com~ifunography~HealthExport/Documents/Daily Sleep Update/HealthAutoExport-2026-01-28.json: Resource deadlock avoided
cat: /Users/tinayu/Library/Mobile Documents/iCloud~com~ifunography~HealthExport/Documents/Daily Sleep Update/HealthAutoExport-2026-01-29.json: Resource deadlock avoided
cat: /Users/tinayu/Library/Mobile Documents/iCloud~com~ifunography~HealthExport/Documents/Daily Sleep Update/HealthAutoExport-2026-01-30.json: Resource deadlock avoided
cat: /Users/tinayu/Library/Mobile Documents/iCloud~com~ifunography~HealthExport/Documents/Daily Sleep Update/HealthAutoExport-2026-02-02.json: Resource deadlock avoided
cat: /Users/tinayu/Library/Mobile Documents/iCloud~com~ifunography~HealthExport/Documents/Daily Sleep Update/HealthAutoExport-2026-02-03.json: Resource deadlock avoided
cat: /Users/tinayu/Library/Mobile Documents/iCloud~com~ifunography~HealthExport/Documents/Daily Sleep Update/HealthAutoExport-2026-02-04.json: Resource deadlock avoided
cat: /Users/tinayu/Library/Mobile Documents/iCloud~com~ifunography~HealthExport/Documents/Daily Sleep Update/HealthAutoExport-2026-02-05.json: Resource deadlock avoided
cat: /Users/tinayu/Library/Mobile Documents/iCloud~com~ifunography~HealthExport/Documents/Daily Sleep Update/HealthAutoExport-2026-02-06.json: Resource deadlock avoided
cat: /Users/tinayu/Library/Mobile Documents/iCloud~com~ifunography~HealthExport/Documents/Daily Sleep Update/HealthAutoExport-2026-02-07.json: Resource deadlock avoided
cat: /Users/tinayu/Library/Mobile Documents/iCloud~com~ifunography~HealthExport/Documents/Daily Sleep Update/HealthAutoExport-2026-02-08.json: Resource deadlock avoided
cat: /Users/tinayu/Library/Mobile Documents/iCloud~com~ifunography~HealthExport/Documents/Daily Sleep Update/HealthAutoExport-2026-02-09.json: Resource deadlock avoided
cat: /Users/tinayu/Library/Mobile Documents/iCloud~com~ifunography~HealthExport/Documents/Daily Sleep Update/HealthAutoExport-2026-02-10.json: Resource deadlock avoided
cat: /Users/tinayu/Library/Mobile Documents/iCloud~com~ifunography~HealthExport/Documents/Daily Sleep Update/HealthAutoExport-2026-02-11.json: Resource deadlock avoided
cat: /Users/tinayu/Library/Mobile Documents/iCloud~com~ifunography~HealthExport/Documents/Daily Sleep Update/HealthAutoExport-2026-02-12.json: Resource deadlock avoided
cat: /Users/tinayu/Library/Mobile Documents/iCloud~com~ifunography~HealthExport/Documents/Daily Sleep Update/HealthAutoExport-2026-02-13.json: Resource deadlock avoided
cat: /Users/tinayu/Library/Mobile Documents/iCloud~com~ifunography~HealthExport/Documents/Daily Sleep Update/HealthAutoExport-2026-02-14.json: Resource deadlock avoided
cat: /Users/tinayu/Library/Mobile Documents/iCloud~com~ifunography~HealthExport/Documents/Daily Sleep Update/HealthAutoExport-2026-02-15.json: Resource deadlock avoided
cat: /Users/tinayu/Library/Mobile Documents/iCloud~com~ifunography~HealthExport/Documents/Daily Sleep Update/HealthAutoExport-2026-02-16.json: Resource deadlock avoided
cat: /Users/tinayu/Library/Mobile Documents/iCloud~com~ifunography~HealthExport/Documents/Daily Sleep Update/HealthAutoExport-2026-02-17.json: Resource deadlock avoided
cat: /Users/tinayu/Library/Mobile Documents/iCloud~com~ifunography~HealthExport/Documents/Daily Sleep Update/HealthAutoExport-2026-02-18.json: Resource deadlock avoided
cat: /Users/tinayu/Library/Mobile Documents/iCloud~com~ifunography~HealthExport/Documents/Daily Sleep Update/HealthAutoExport-2026-02-19.json: Resource deadlock avoided
cat: /Users/tinayu/Library/Mobile Documents/iCloud~com~ifunography~HealthExport/Documents/Daily Sleep Update/HealthAutoExport-2026-02-20.json: Resource deadlock avoided
cat: /Users/tinayu/Library/Mobile Documents/iCloud~com~ifunography~HealthExport/Documents/Daily Sleep Update/HealthAutoExport-2026-02-21.json: Resource deadlock avoided
cat: /Users/tinayu/Library/Mobile Documents/iCloud~com~ifunography~HealthExport/Documents/Daily Sleep Update/HealthAutoExport-2026-02-22.json: Resource deadlock avoided
cat: /Users/tinayu/Library/Mobile Documents/iCloud~com~ifunography~HealthExport/Documents/Daily Sleep Update/HealthAutoExport-2026-02-23.json: Resource deadlock avoided
cat: /Users/tinayu/Library/Mobile Documents/iCloud~com~ifunography~HealthExport/Documents/Daily Sleep Update/HealthAutoExport-2026-02-24.json: Resource deadlock avoided
cat: /Users/tinayu/Library/Mobile Documents/iCloud~com~ifunography~HealthExport/Documents/Daily Sleep Update/HealthAutoExport-2026-02-25.json: Resource deadlock avoided
cat: /Users/tinayu/Library/Mobile Documents/iCloud~com~ifunography~HealthExport/Documents/Daily Sleep Update/HealthAutoExport-2026-02-26.json: Resource deadlock avoided
cat: /Users/tinayu/Library/Mobile Documents/iCloud~com~ifunography~HealthExport/Documents/Daily Sleep Update/HealthAutoExport-2026-02-27.json: Resource deadlock avoided
cat: /Users/tinayu/Library/Mobile Documents/iCloud~com~ifunography~HealthExport/Documents/Daily Sleep Update/HealthAutoExport-2026-02-28.json: Resource deadlock avoided
cat: /Users/tinayu/Library/Mobile Documents/iCloud~com~ifunography~HealthExport/Documents/Daily Sleep Update/HealthAutoExport-2026-03-01.json: Resource deadlock avoided
cat: /Users/tinayu/Library/Mobile Documents/iCloud~com~ifunography~HealthExport/Documents/Daily Sleep Update/HealthAutoExport-2026-03-02.json: Resource deadlock avoided
cat: /Users/tinayu/Library/Mobile Documents/iCloud~com~ifunography~HealthExport/Documents/Daily Sleep Update/HealthAutoExport-2026-03-03.json: Resource deadlock avoided
cat: /Users/tinayu/Library/Mobile Documents/iCloud~com~ifunography~HealthExport/Documents/Daily Sleep Update/HealthAutoExport-2026-03-04.json: Resource deadlock avoided
cat: /Users/tinayu/Library/Mobile Documents/iCloud~com~ifunography~HealthExport/Documents/Daily Sleep Update/HealthAutoExport-2026-03-05.json: Resource deadlock avoided
cat: /Users/tinayu/Library/Mobile Documents/iCloud~com~ifunography~HealthExport/Documents/Daily Sleep Update/HealthAutoExport-2026-03-06.json: Resource deadlock avoided
cat: /Users/tinayu/Library/Mobile Documents/iCloud~com~ifunography~HealthExport/Documents/Daily Sleep Update/HealthAutoExport-2026-03-07.json: Resource deadlock avoided
cat: /Users/tinayu/Library/Mobile Documents/iCloud~com~ifunography~HealthExport/Documents/Daily Sleep Update/HealthAutoExport-2026-03-08.json: Resource deadlock avoided
cat: /Users/tinayu/Library/Mobile Documents/iCloud~com~ifunography~HealthExport/Documents/Daily Sleep Update/HealthAutoExport-2026-03-09.json: Resource deadlock avoided
cat: /Users/tinayu/Library/Mobile Documents/iCloud~com~ifunography~HealthExport/Documents/Daily Sleep Update/HealthAutoExport-2026-03-10.json: Resource deadlock avoided
cat: /Users/tinayu/Library/Mobile Documents/iCloud~com~ifunography~HealthExport/Documents/Daily Sleep Update/HealthAutoExport-2026-03-11.json: Resource deadlock avoided
cat: /Users/tinayu/Library/Mobile Documents/iCloud~com~ifunography~HealthExport/Documents/Daily Sleep Update/HealthAutoExport-2026-03-12.json: Resource deadlock avoided
cat: /Users/tinayu/Library/Mobile Documents/iCloud~com~ifunography~HealthExport/Documents/Daily Sleep Update/HealthAutoExport-2026-03-13.json: Resource deadlock avoided
cat: /Users/tinayu/Library/Mobile Documents/iCloud~com~ifunography~HealthExport/Documents/Daily Sleep Update/HealthAutoExport-2026-03-14.json: Resource deadlock avoided
cat: /Users/tinayu/Library/Mobile Documents/iCloud~com~ifunography~HealthExport/Documents/Daily Sleep Update/HealthAutoExport-2026-03-15.json: Resource deadlock avoided
cat: /Users/tinayu/Library/Mobile Documents/iCloud~com~ifunography~HealthExport/Documents/Daily Sleep Update/HealthAutoExport-2026-03-16.json: Resource deadlock avoided
cat: /Users/tinayu/Library/Mobile Documents/iCloud~com~ifunography~HealthExport/Documents/Daily Sleep Update/HealthAutoExport-2026-03-17.json: Resource deadlock avoided
cat: /Users/tinayu/Library/Mobile Documents/iCloud~com~ifunography~HealthExport/Documents/Daily Sleep Update/HealthAutoExport-2026-03-18.json: Resource deadlock avoided
cat: /Users/tinayu/Library/Mobile Documents/iCloud~com~ifunography~HealthExport/Documents/Daily Sleep Update/HealthAutoExport-2026-03-19.json: Resource deadlock avoided
cat: /Users/tinayu/Library/Mobile Documents/iCloud~com~ifunography~HealthExport/Documents/Daily Sleep Update/HealthAutoExport-2026-03-20.json: Resource deadlock avoided
cat: /Users/tinayu/Library/Mobile Documents/iCloud~com~ifunography~HealthExport/Documents/Daily Sleep Update/HealthAutoExport-2026-03-21.json: Resource deadlock avoided
cat: /Users/tinayu/Library/Mobile Documents/iCloud~com~ifunography~HealthExport/Documents/Daily Sleep Update/HealthAutoExport-2026-03-22.json: Resource deadlock avoided
cat: /Users/tinayu/Library/Mobile Documents/iCloud~com~ifunography~HealthExport/Documents/Daily Sleep Update/HealthAutoExport-2026-03-23.json: Resource deadlock avoided
cat: /Users/tinayu/Library/Mobile Documents/iCloud~com~ifunography~HealthExport/Documents/Daily Sleep Update/HealthAutoExport-2026-03-24.json: Resource deadlock avoided
cat: /Users/tinayu/Library/Mobile Documents/iCloud~com~ifunography~HealthExport/Documents/Daily Sleep Update/HealthAutoExport-2026-03-25.json: Resource deadlock avoided
cat: /Users/tinayu/Library/Mobile Documents/iCloud~com~ifunography~HealthExport/Documents/Daily Sleep Update/HealthAutoExport-2026-03-26.json: Resource deadlock avoided
cat: /Users/tinayu/Library/Mobile Documents/iCloud~com~ifunography~HealthExport/Documents/Daily Sleep Update/HealthAutoExport-2026-03-27.json: Resource deadlock avoided
cat: /Users/tinayu/Library/Mobile Documents/iCloud~com~ifunography~HealthExport/Documents/Daily Sleep Update/HealthAutoExport-2026-03-28.json: Resource deadlock avoided
cat: /Users/tinayu/Library/Mobile Documents/iCloud~com~ifunography~HealthExport/Documents/Daily Sleep Update/HealthAutoExport-2026-03-29.json: Resource deadlock avoided
cat: /Users/tinayu/Library/Mobile Documents/iCloud~com~ifunography~HealthExport/Documents/Daily Sleep Update/HealthAutoExport-2026-03-30.json: Resource deadlock avoided
cat: /Users/tinayu/Library/Mobile Documents/iCloud~com~ifunography~HealthExport/Documents/Daily Sleep Update/HealthAutoExport-2026-03-31.json: Resource deadlock avoided
cat: /Users/tinayu/Library/Mobile Documents/iCloud~com~ifunography~HealthExport/Documents/Daily Sleep Update/HealthAutoExport-2026-04-01.json: Resource deadlock avoided
cat: /Users/tinayu/Library/Mobile Documents/iCloud~com~ifunography~HealthExport/Documents/Daily Sleep Update/HealthAutoExport-2026-04-02.json: Resource deadlock avoided
cat: /Users/tinayu/Library/Mobile Documents/iCloud~com~ifunography~HealthExport/Documents/Daily Sleep Update/HealthAutoExport-2026-04-03.json: Resource deadlock avoided
cat: /Users/tinayu/Library/Mobile Documents/iCloud~com~ifunography~HealthExport/Documents/Daily Sleep Update/HealthAutoExport-2026-04-04.json: Resource deadlock avoided
cat: /Users/tinayu/Library/Mobile Documents/iCloud~com~ifunography~HealthExport/Documents/Daily Sleep Update/HealthAutoExport-2026-04-05.json: Resource deadlock avoided
cat: /Users/tinayu/Library/Mobile Documents/iCloud~com~ifunography~HealthExport/Documents/Daily Sleep Update/HealthAutoExport-2026-04-06.json: Resource deadlock avoided
cat: /Users/tinayu/Library/Mobile Documents/iCloud~com~ifunography~HealthExport/Documents/Daily Sleep Update/HealthAutoExport-2026-04-07.json: Resource deadlock avoided
cat: /Users/tinayu/Library/Mobile Documents/iCloud~com~ifunography~HealthExport/Documents/Daily Sleep Update/HealthAutoExport-2026-04-08.json: Resource deadlock avoided
cat: /Users/tinayu/Library/Mobile Documents/iCloud~com~ifunography~HealthExport/Documents/Daily Sleep Update/HealthAutoExport-2026-04-09.json: Resource deadlock avoided
cat: /Users/tinayu/Library/Mobile Documents/iCloud~com~ifunography~HealthExport/Documents/Daily Sleep Update/HealthAutoExport-2026-04-10.json: Resource deadlock avoided
cat: /Users/tinayu/Library/Mobile Documents/iCloud~com~ifunography~HealthExport/Documents/Daily Sleep Update/HealthAutoExport-2026-04-12.json: Resource deadlock avoided
cat: /Users/tinayu/Library/Mobile Documents/iCloud~com~ifunography~HealthExport/Documents/Daily Sleep Update/HealthAutoExport-2026-04-13.json: Resource deadlock avoided
cat: /Users/tinayu/Library/Mobile Documents/iCloud~com~ifunography~HealthExport/Documents/Daily Sleep Update/HealthAutoExport-2026-04-14.json: Resource deadlock avoided
cat: /Users/tinayu/Library/Mobile Documents/iCloud~com~ifunography~HealthExport/Documents/Daily Sleep Update/HealthAutoExport-2026-04-15.json: Resource deadlock avoided
cat: /Users/tinayu/Library/Mobile Documents/iCloud~com~ifunography~HealthExport/Documents/Daily Sleep Update/HealthAutoExport-2026-04-16.json: Resource deadlock avoided
cat: /Users/tinayu/Library/Mobile Documents/iCloud~com~ifunography~HealthExport/Documents/Daily Sleep Update/HealthAutoExport-2026-04-17.json: Resource deadlock avoided
cat: /Users/tinayu/Library/Mobile Documents/iCloud~com~ifunography~HealthExport/Documents/Daily Sleep Update/HealthAutoExport-2026-04-18.json: Resource deadlock avoided
cat: /Users/tinayu/Library/Mobile Documents/iCloud~com~ifunography~HealthExport/Documents/Daily Sleep Update/HealthAutoExport-2026-04-19.json: Resource deadlock avoided
cat: /Users/tinayu/Library/Mobile Documents/iCloud~com~ifunography~HealthExport/Documents/Daily Sleep Update/HealthAutoExport-2026-04-20.json: Resource deadlock avoided
cat: /Users/tinayu/Library/Mobile Documents/iCloud~com~ifunography~HealthExport/Documents/Daily Sleep Update/HealthAutoExport-2026-04-21.json: Resource deadlock avoided
cat: /Users/tinayu/Library/Mobile Documents/iCloud~com~ifunography~HealthExport/Documents/Daily Sleep Update/HealthAutoExport-2026-04-22.json: Resource deadlock avoided
cat: /Users/tinayu/Library/Mobile Documents/iCloud~com~ifunography~HealthExport/Documents/Daily Sleep Update/HealthAutoExport-2026-04-23.json: Resource deadlock avoided
cat: /Users/tinayu/Library/Mobile Documents/iCloud~com~ifunography~HealthExport/Documents/Daily Sleep Update/HealthAutoExport-2026-04-24.json: Resource deadlock avoided
cat: /Users/tinayu/Library/Mobile Documents/iCloud~com~ifunography~HealthExport/Documents/Daily Sleep Update/HealthAutoExport-2026-04-25.json: Resource deadlock avoided
cat: /Users/tinayu/Library/Mobile Documents/iCloud~com~ifunography~HealthExport/Documents/Daily Sleep Update/HealthAutoExport-2026-04-26.json: Resource deadlock avoided
cat: /Users/tinayu/Library/Mobile Documents/iCloud~com~ifunography~HealthExport/Documents/Daily Sleep Update/HealthAutoExport-2026-04-27.json: Resource deadlock avoided
cat: /Users/tinayu/Library/Mobile Documents/iCloud~com~ifunography~HealthExport/Documents/Daily Sleep Update/HealthAutoExport-2026-04-28.json: Resource deadlock avoided
cat: /Users/tinayu/Library/Mobile Documents/iCloud~com~ifunography~HealthExport/Documents/Daily Sleep Update/HealthAutoExport-2026-04-29.json: Resource deadlock avoided
To https://github.com/resolutetinging/sleep-dashboard.git
   a89c3ed..c2b9706  main -> main
To https://github.com/resolutetinging/sleep-dashboard.git
   c2b9706..e48789c  main -> main
cat: /Users/tinayu/Library/Mobile Documents/iCloud~com~ifunography~HealthExport/Documents/Daily Sleep Update/HealthAutoExport-2026-01-02.json: Resource deadlock avoided
cat: /Users/tinayu/Library/Mobile Documents/iCloud~com~ifunography~HealthExport/Documents/Daily Sleep Update/HealthAutoExport-2026-01-05.json: Resource deadlock avoided
cat: /Users/tinayu/Library/Mobile Documents/iCloud~com~ifunography~HealthExport/Documents/Daily Sleep Update/HealthAutoExport-2026-01-06.json: Resource deadlock avoided
cat: /Users/tinayu/Library/Mobile Documents/iCloud~com~ifunography~HealthExport/Documents/Daily Sleep Update/HealthAutoExport-2026-01-07.json: Resource deadlock avoided
cat: /Users/tinayu/Library/Mobile Documents/iCloud~com~ifunography~HealthExport/Documents/Daily Sleep Update/HealthAutoExport-2026-01-08.json: Resource deadlock avoided
cat: /Users/tinayu/Library/Mobile Documents/iCloud~com~ifunography~HealthExport/Documents/Daily Sleep Update/HealthAutoExport-2026-01-09.json: Resource deadlock avoided
cat: /Users/tinayu/Library/Mobile Documents/iCloud~com~ifunography~HealthExport/Documents/Daily Sleep Update/HealthAutoExport-2026-01-12.json: Resource deadlock avoided
cat: /Users/tinayu/Library/Mobile Documents/iCloud~com~ifunography~HealthExport/Documents/Daily Sleep Update/HealthAutoExport-2026-01-13.json: Resource deadlock avoided
cat: /Users/tinayu/Library/Mobile Documents/iCloud~com~ifunography~HealthExport/Documents/Daily Sleep Update/HealthAutoExport-2026-01-14.json: Resource deadlock avoided
cat: /Users/tinayu/Library/Mobile Documents/iCloud~com~ifunography~HealthExport/Documents/Daily Sleep Update/HealthAutoExport-2026-01-16.json: Resource deadlock avoided
cat: /Users/tinayu/Library/Mobile Documents/iCloud~com~ifunography~HealthExport/Documents/Daily Sleep Update/HealthAutoExport-2026-01-19.json: Resource deadlock avoided
cat: /Users/tinayu/Library/Mobile Documents/iCloud~com~ifunography~HealthExport/Documents/Daily Sleep Update/HealthAutoExport-2026-01-20.json: Resource deadlock avoided
cat: /Users/tinayu/Library/Mobile Documents/iCloud~com~ifunography~HealthExport/Documents/Daily Sleep Update/HealthAutoExport-2026-01-21.json: Resource deadlock avoided
cat: /Users/tinayu/Library/Mobile Documents/iCloud~com~ifunography~HealthExport/Documents/Daily Sleep Update/HealthAutoExport-2026-01-22.json: Resource deadlock avoided
cat: /Users/tinayu/Library/Mobile Documents/iCloud~com~ifunography~HealthExport/Documents/Daily Sleep Update/HealthAutoExport-2026-01-23.json: Resource deadlock avoided
cat: /Users/tinayu/Library/Mobile Documents/iCloud~com~ifunography~HealthExport/Documents/Daily Sleep Update/HealthAutoExport-2026-01-26.json: Resource deadlock avoided
cat: /Users/tinayu/Library/Mobile Documents/iCloud~com~ifunography~HealthExport/Documents/Daily Sleep Update/HealthAutoExport-2026-01-27.json: Resource deadlock avoided
cat: /Users/tinayu/Library/Mobile Documents/iCloud~com~ifunography~HealthExport/Documents/Daily Sleep Update/HealthAutoExport-2026-01-28.json: Resource deadlock avoided
cat: /Users/tinayu/Library/Mobile Documents/iCloud~com~ifunography~HealthExport/Documents/Daily Sleep Update/HealthAutoExport-2026-01-29.json: Resource deadlock avoided
cat: /Users/tinayu/Library/Mobile Documents/iCloud~com~ifunography~HealthExport/Documents/Daily Sleep Update/HealthAutoExport-2026-01-30.json: Resource deadlock avoided
cat: /Users/tinayu/Library/Mobile Documents/iCloud~com~ifunography~HealthExport/Documents/Daily Sleep Update/HealthAutoExport-2026-02-02.json: Resource deadlock avoided
cat: /Users/tinayu/Library/Mobile Documents/iCloud~com~ifunography~HealthExport/Documents/Daily Sleep Update/HealthAutoExport-2026-02-03.json: Resource deadlock avoided
cat: /Users/tinayu/Library/Mobile Documents/iCloud~com~ifunography~HealthExport/Documents/Daily Sleep Update/HealthAutoExport-2026-02-04.json: Resource deadlock avoided
cat: /Users/tinayu/Library/Mobile Documents/iCloud~com~ifunography~HealthExport/Documents/Daily Sleep Update/HealthAutoExport-2026-02-05.json: Resource deadlock avoided
cat: /Users/tinayu/Library/Mobile Documents/iCloud~com~ifunography~HealthExport/Documents/Daily Sleep Update/HealthAutoExport-2026-02-06.json: Resource deadlock avoided
cat: /Users/tinayu/Library/Mobile Documents/iCloud~com~ifunography~HealthExport/Documents/Daily Sleep Update/HealthAutoExport-2026-02-07.json: Resource deadlock avoided
cat: /Users/tinayu/Library/Mobile Documents/iCloud~com~ifunography~HealthExport/Documents/Daily Sleep Update/HealthAutoExport-2026-02-08.json: Resource deadlock avoided
cat: /Users/tinayu/Library/Mobile Documents/iCloud~com~ifunography~HealthExport/Documents/Daily Sleep Update/HealthAutoExport-2026-02-09.json: Resource deadlock avoided
cat: /Users/tinayu/Library/Mobile Documents/iCloud~com~ifunography~HealthExport/Documents/Daily Sleep Update/HealthAutoExport-2026-02-10.json: Resource deadlock avoided
cat: /Users/tinayu/Library/Mobile Documents/iCloud~com~ifunography~HealthExport/Documents/Daily Sleep Update/HealthAutoExport-2026-02-11.json: Resource deadlock avoided
cat: /Users/tinayu/Library/Mobile Documents/iCloud~com~ifunography~HealthExport/Documents/Daily Sleep Update/HealthAutoExport-2026-02-12.json: Resource deadlock avoided
cat: /Users/tinayu/Library/Mobile Documents/iCloud~com~ifunography~HealthExport/Documents/Daily Sleep Update/HealthAutoExport-2026-02-13.json: Resource deadlock avoided
cat: /Users/tinayu/Library/Mobile Documents/iCloud~com~ifunography~HealthExport/Documents/Daily Sleep Update/HealthAutoExport-2026-02-14.json: Resource deadlock avoided
cat: /Users/tinayu/Library/Mobile Documents/iCloud~com~ifunography~HealthExport/Documents/Daily Sleep Update/HealthAutoExport-2026-02-15.json: Resource deadlock avoided
cat: /Users/tinayu/Library/Mobile Documents/iCloud~com~ifunography~HealthExport/Documents/Daily Sleep Update/HealthAutoExport-2026-02-16.json: Resource deadlock avoided
cat: /Users/tinayu/Library/Mobile Documents/iCloud~com~ifunography~HealthExport/Documents/Daily Sleep Update/HealthAutoExport-2026-02-17.json: Resource deadlock avoided
cat: /Users/tinayu/Library/Mobile Documents/iCloud~com~ifunography~HealthExport/Documents/Daily Sleep Update/HealthAutoExport-2026-02-18.json: Resource deadlock avoided
cat: /Users/tinayu/Library/Mobile Documents/iCloud~com~ifunography~HealthExport/Documents/Daily Sleep Update/HealthAutoExport-2026-02-19.json: Resource deadlock avoided
cat: /Users/tinayu/Library/Mobile Documents/iCloud~com~ifunography~HealthExport/Documents/Daily Sleep Update/HealthAutoExport-2026-02-20.json: Resource deadlock avoided
cat: /Users/tinayu/Library/Mobile Documents/iCloud~com~ifunography~HealthExport/Documents/Daily Sleep Update/HealthAutoExport-2026-02-21.json: Resource deadlock avoided
cat: /Users/tinayu/Library/Mobile Documents/iCloud~com~ifunography~HealthExport/Documents/Daily Sleep Update/HealthAutoExport-2026-02-22.json: Resource deadlock avoided
cat: /Users/tinayu/Library/Mobile Documents/iCloud~com~ifunography~HealthExport/Documents/Daily Sleep Update/HealthAutoExport-2026-02-23.json: Resource deadlock avoided
cat: /Users/tinayu/Library/Mobile Documents/iCloud~com~ifunography~HealthExport/Documents/Daily Sleep Update/HealthAutoExport-2026-02-24.json: Resource deadlock avoided
cat: /Users/tinayu/Library/Mobile Documents/iCloud~com~ifunography~HealthExport/Documents/Daily Sleep Update/HealthAutoExport-2026-02-25.json: Resource deadlock avoided
cat: /Users/tinayu/Library/Mobile Documents/iCloud~com~ifunography~HealthExport/Documents/Daily Sleep Update/HealthAutoExport-2026-02-26.json: Resource deadlock avoided
cat: /Users/tinayu/Library/Mobile Documents/iCloud~com~ifunography~HealthExport/Documents/Daily Sleep Update/HealthAutoExport-2026-02-27.json: Resource deadlock avoided
cat: /Users/tinayu/Library/Mobile Documents/iCloud~com~ifunography~HealthExport/Documents/Daily Sleep Update/HealthAutoExport-2026-02-28.json: Resource deadlock avoided
cat: /Users/tinayu/Library/Mobile Documents/iCloud~com~ifunography~HealthExport/Documents/Daily Sleep Update/HealthAutoExport-2026-03-01.json: Resource deadlock avoided
cat: /Users/tinayu/Library/Mobile Documents/iCloud~com~ifunography~HealthExport/Documents/Daily Sleep Update/HealthAutoExport-2026-03-02.json: Resource deadlock avoided
cat: /Users/tinayu/Library/Mobile Documents/iCloud~com~ifunography~HealthExport/Documents/Daily Sleep Update/HealthAutoExport-2026-03-03.json: Resource deadlock avoided
cat: /Users/tinayu/Library/Mobile Documents/iCloud~com~ifunography~HealthExport/Documents/Daily Sleep Update/HealthAutoExport-2026-03-04.json: Resource deadlock avoided
cat: /Users/tinayu/Library/Mobile Documents/iCloud~com~ifunography~HealthExport/Documents/Daily Sleep Update/HealthAutoExport-2026-03-05.json: Resource deadlock avoided
cat: /Users/tinayu/Library/Mobile Documents/iCloud~com~ifunography~HealthExport/Documents/Daily Sleep Update/HealthAutoExport-2026-03-06.json: Resource deadlock avoided
cat: /Users/tinayu/Library/Mobile Documents/iCloud~com~ifunography~HealthExport/Documents/Daily Sleep Update/HealthAutoExport-2026-03-07.json: Resource deadlock avoided
cat: /Users/tinayu/Library/Mobile Documents/iCloud~com~ifunography~HealthExport/Documents/Daily Sleep Update/HealthAutoExport-2026-03-08.json: Resource deadlock avoided
cat: /Users/tinayu/Library/Mobile Documents/iCloud~com~ifunography~HealthExport/Documents/Daily Sleep Update/HealthAutoExport-2026-03-09.json: Resource deadlock avoided
cat: /Users/tinayu/Library/Mobile Documents/iCloud~com~ifunography~HealthExport/Documents/Daily Sleep Update/HealthAutoExport-2026-03-10.json: Resource deadlock avoided
cat: /Users/tinayu/Library/Mobile Documents/iCloud~com~ifunography~HealthExport/Documents/Daily Sleep Update/HealthAutoExport-2026-03-11.json: Resource deadlock avoided
cat: /Users/tinayu/Library/Mobile Documents/iCloud~com~ifunography~HealthExport/Documents/Daily Sleep Update/HealthAutoExport-2026-03-12.json: Resource deadlock avoided
cat: /Users/tinayu/Library/Mobile Documents/iCloud~com~ifunography~HealthExport/Documents/Daily Sleep Update/HealthAutoExport-2026-03-13.json: Resource deadlock avoided
cat: /Users/tinayu/Library/Mobile Documents/iCloud~com~ifunography~HealthExport/Documents/Daily Sleep Update/HealthAutoExport-2026-03-14.json: Resource deadlock avoided
cat: /Users/tinayu/Library/Mobile Documents/iCloud~com~ifunography~HealthExport/Documents/Daily Sleep Update/HealthAutoExport-2026-03-15.json: Resource deadlock avoided
cat: /Users/tinayu/Library/Mobile Documents/iCloud~com~ifunography~HealthExport/Documents/Daily Sleep Update/HealthAutoExport-2026-03-16.json: Resource deadlock avoided
cat: /Users/tinayu/Library/Mobile Documents/iCloud~com~ifunography~HealthExport/Documents/Daily Sleep Update/HealthAutoExport-2026-03-17.json: Resource deadlock avoided
cat: /Users/tinayu/Library/Mobile Documents/iCloud~com~ifunography~HealthExport/Documents/Daily Sleep Update/HealthAutoExport-2026-03-18.json: Resource deadlock avoided
cat: /Users/tinayu/Library/Mobile Documents/iCloud~com~ifunography~HealthExport/Documents/Daily Sleep Update/HealthAutoExport-2026-03-19.json: Resource deadlock avoided
cat: /Users/tinayu/Library/Mobile Documents/iCloud~com~ifunography~HealthExport/Documents/Daily Sleep Update/HealthAutoExport-2026-03-20.json: Resource deadlock avoided
cat: /Users/tinayu/Library/Mobile Documents/iCloud~com~ifunography~HealthExport/Documents/Daily Sleep Update/HealthAutoExport-2026-03-21.json: Resource deadlock avoided
cat: /Users/tinayu/Library/Mobile Documents/iCloud~com~ifunography~HealthExport/Documents/Daily Sleep Update/HealthAutoExport-2026-03-22.json: Resource deadlock avoided
cat: /Users/tinayu/Library/Mobile Documents/iCloud~com~ifunography~HealthExport/Documents/Daily Sleep Update/HealthAutoExport-2026-03-23.json: Resource deadlock avoided
cat: /Users/tinayu/Library/Mobile Documents/iCloud~com~ifunography~HealthExport/Documents/Daily Sleep Update/HealthAutoExport-2026-03-24.json: Resource deadlock avoided
cat: /Users/tinayu/Library/Mobile Documents/iCloud~com~ifunography~HealthExport/Documents/Daily Sleep Update/HealthAutoExport-2026-03-25.json: Resource deadlock avoided
cat: /Users/tinayu/Library/Mobile Documents/iCloud~com~ifunography~HealthExport/Documents/Daily Sleep Update/HealthAutoExport-2026-03-26.json: Resource deadlock avoided
cat: /Users/tinayu/Library/Mobile Documents/iCloud~com~ifunography~HealthExport/Documents/Daily Sleep Update/HealthAutoExport-2026-03-27.json: Resource deadlock avoided
cat: /Users/tinayu/Library/Mobile Documents/iCloud~com~ifunography~HealthExport/Documents/Daily Sleep Update/HealthAutoExport-2026-03-28.json: Resource deadlock avoided
cat: /Users/tinayu/Library/Mobile Documents/iCloud~com~ifunography~HealthExport/Documents/Daily Sleep Update/HealthAutoExport-2026-03-29.json: Resource deadlock avoided
cat: /Users/tinayu/Library/Mobile Documents/iCloud~com~ifunography~HealthExport/Documents/Daily Sleep Update/HealthAutoExport-2026-03-30.json: Resource deadlock avoided
cat: /Users/tinayu/Library/Mobile Documents/iCloud~com~ifunography~HealthExport/Documents/Daily Sleep Update/HealthAutoExport-2026-03-31.json: Resource deadlock avoided
cat: /Users/tinayu/Library/Mobile Documents/iCloud~com~ifunography~HealthExport/Documents/Daily Sleep Update/HealthAutoExport-2026-04-01.json: Resource deadlock avoided
cat: /Users/tinayu/Library/Mobile Documents/iCloud~com~ifunography~HealthExport/Documents/Daily Sleep Update/HealthAutoExport-2026-04-02.json: Resource deadlock avoided
cat: /Users/tinayu/Library/Mobile Documents/iCloud~com~ifunography~HealthExport/Documents/Daily Sleep Update/HealthAutoExport-2026-04-03.json: Resource deadlock avoided
cat: /Users/tinayu/Library/Mobile Documents/iCloud~com~ifunography~HealthExport/Documents/Daily Sleep Update/HealthAutoExport-2026-04-04.json: Resource deadlock avoided
cat: /Users/tinayu/Library/Mobile Documents/iCloud~com~ifunography~HealthExport/Documents/Daily Sleep Update/HealthAutoExport-2026-04-05.json: Resource deadlock avoided
cat: /Users/tinayu/Library/Mobile Documents/iCloud~com~ifunography~HealthExport/Documents/Daily Sleep Update/HealthAutoExport-2026-04-06.json: Resource deadlock avoided
cat: /Users/tinayu/Library/Mobile Documents/iCloud~com~ifunography~HealthExport/Documents/Daily Sleep Update/HealthAutoExport-2026-04-07.json: Resource deadlock avoided
cat: /Users/tinayu/Library/Mobile Documents/iCloud~com~ifunography~HealthExport/Documents/Daily Sleep Update/HealthAutoExport-2026-04-08.json: Resource deadlock avoided
cat: /Users/tinayu/Library/Mobile Documents/iCloud~com~ifunography~HealthExport/Documents/Daily Sleep Update/HealthAutoExport-2026-04-09.json: Resource deadlock avoided
cat: /Users/tinayu/Library/Mobile Documents/iCloud~com~ifunography~HealthExport/Documents/Daily Sleep Update/HealthAutoExport-2026-04-10.json: Resource deadlock avoided
cat: /Users/tinayu/Library/Mobile Documents/iCloud~com~ifunography~HealthExport/Documents/Daily Sleep Update/HealthAutoExport-2026-04-12.json: Resource deadlock avoided
cat: /Users/tinayu/Library/Mobile Documents/iCloud~com~ifunography~HealthExport/Documents/Daily Sleep Update/HealthAutoExport-2026-04-13.json: Resource deadlock avoided
cat: /Users/tinayu/Library/Mobile Documents/iCloud~com~ifunography~HealthExport/Documents/Daily Sleep Update/HealthAutoExport-2026-04-14.json: Resource deadlock avoided
cat: /Users/tinayu/Library/Mobile Documents/iCloud~com~ifunography~HealthExport/Documents/Daily Sleep Update/HealthAutoExport-2026-04-15.json: Resource deadlock avoided
cat: /Users/tinayu/Library/Mobile Documents/iCloud~com~ifunography~HealthExport/Documents/Daily Sleep Update/HealthAutoExport-2026-04-16.json: Resource deadlock avoided
cat: /Users/tinayu/Library/Mobile Documents/iCloud~com~ifunography~HealthExport/Documents/Daily Sleep Update/HealthAutoExport-2026-04-17.json: Resource deadlock avoided
cat: /Users/tinayu/Library/Mobile Documents/iCloud~com~ifunography~HealthExport/Documents/Daily Sleep Update/HealthAutoExport-2026-04-18.json: Resource deadlock avoided
cat: /Users/tinayu/Library/Mobile Documents/iCloud~com~ifunography~HealthExport/Documents/Daily Sleep Update/HealthAutoExport-2026-04-19.json: Resource deadlock avoided
cat: /Users/tinayu/Library/Mobile Documents/iCloud~com~ifunography~HealthExport/Documents/Daily Sleep Update/HealthAutoExport-2026-04-20.json: Resource deadlock avoided
cat: /Users/tinayu/Library/Mobile Documents/iCloud~com~ifunography~HealthExport/Documents/Daily Sleep Update/HealthAutoExport-2026-04-21.json: Resource deadlock avoided
cat: /Users/tinayu/Library/Mobile Documents/iCloud~com~ifunography~HealthExport/Documents/Daily Sleep Update/HealthAutoExport-2026-04-22.json: Resource deadlock avoided
cat: /Users/tinayu/Library/Mobile Documents/iCloud~com~ifunography~HealthExport/Documents/Daily Sleep Update/HealthAutoExport-2026-04-23.json: Resource deadlock avoided
cat: /Users/tinayu/Library/Mobile Documents/iCloud~com~ifunography~HealthExport/Documents/Daily Sleep Update/HealthAutoExport-2026-04-24.json: Resource deadlock avoided
cat: /Users/tinayu/Library/Mobile Documents/iCloud~com~ifunography~HealthExport/Documents/Daily Sleep Update/HealthAutoExport-2026-04-25.json: Resource deadlock avoided
cat: /Users/tinayu/Library/Mobile Documents/iCloud~com~ifunography~HealthExport/Documents/Daily Sleep Update/HealthAutoExport-2026-04-26.json: Resource deadlock avoided
cat: /Users/tinayu/Library/Mobile Documents/iCloud~com~ifunography~HealthExport/Documents/Daily Sleep Update/HealthAutoExport-2026-04-27.json: Resource deadlock avoided
cat: /Users/tinayu/Library/Mobile Documents/iCloud~com~ifunography~HealthExport/Documents/Daily Sleep Update/HealthAutoExport-2026-04-28.json: Resource deadlock avoided
cat: /Users/tinayu/Library/Mobile Documents/iCloud~com~ifunography~HealthExport/Documents/Daily Sleep Update/HealthAutoExport-2026-04-29.json: Resource deadlock avoided
cat: /Users/tinayu/Library/Mobile Documents/iCloud~com~ifunography~HealthExport/Documents/Daily Sleep Update/HealthAutoExport-2026-04-30.json: Resource deadlock avoided
To https://github.com/resolutetinging/sleep-dashboard.git
   e48789c..029ee22  main -> main
To https://github.com/resolutetinging/sleep-dashboard.git
 ! [rejected]        main -> main (fetch first)
error: failed to push some refs to 'https://github.com/resolutetinging/sleep-dashboard.git'
hint: Updates were rejected because the remote contains work that you do
hint: not have locally. This is usually caused by another repository pushing
hint: to the same ref. You may want to first integrate the remote changes
hint: (e.g., 'git pull ...') before pushing again.
hint: See the 'Note about fast-forwards' in 'git push --help' for details.
cat: /Users/tinayu/Library/Mobile Documents/iCloud~com~ifunography~HealthExport/Documents/Daily Sleep Update/HealthAutoExport-2026-01-02.json: Resource deadlock avoided
cat: /Users/tinayu/Library/Mobile Documents/iCloud~com~ifunography~HealthExport/Documents/Daily Sleep Update/HealthAutoExport-2026-01-05.json: Resource deadlock avoided
cat: /Users/tinayu/Library/Mobile Documents/iCloud~com~ifunography~HealthExport/Documents/Daily Sleep Update/HealthAutoExport-2026-01-06.json: Resource deadlock avoided
cat: /Users/tinayu/Library/Mobile Documents/iCloud~com~ifunography~HealthExport/Documents/Daily Sleep Update/HealthAutoExport-2026-01-07.json: Resource deadlock avoided
cat: /Users/tinayu/Library/Mobile Documents/iCloud~com~ifunography~HealthExport/Documents/Daily Sleep Update/HealthAutoExport-2026-01-08.json: Resource deadlock avoided
cat: /Users/tinayu/Library/Mobile Documents/iCloud~com~ifunography~HealthExport/Documents/Daily Sleep Update/HealthAutoExport-2026-01-09.json: Resource deadlock avoided
cat: /Users/tinayu/Library/Mobile Documents/iCloud~com~ifunography~HealthExport/Documents/Daily Sleep Update/HealthAutoExport-2026-01-12.json: Resource deadlock avoided
cat: /Users/tinayu/Library/Mobile Documents/iCloud~com~ifunography~HealthExport/Documents/Daily Sleep Update/HealthAutoExport-2026-01-13.json: Resource deadlock avoided
cat: /Users/tinayu/Library/Mobile Documents/iCloud~com~ifunography~HealthExport/Documents/Daily Sleep Update/HealthAutoExport-2026-01-14.json: Resource deadlock avoided
cat: /Users/tinayu/Library/Mobile Documents/iCloud~com~ifunography~HealthExport/Documents/Daily Sleep Update/HealthAutoExport-2026-01-16.json: Resource deadlock avoided
cat: /Users/tinayu/Library/Mobile Documents/iCloud~com~ifunography~HealthExport/Documents/Daily Sleep Update/HealthAutoExport-2026-01-19.json: Resource deadlock avoided
cat: /Users/tinayu/Library/Mobile Documents/iCloud~com~ifunography~HealthExport/Documents/Daily Sleep Update/HealthAutoExport-2026-01-20.json: Resource deadlock avoided
cat: /Users/tinayu/Library/Mobile Documents/iCloud~com~ifunography~HealthExport/Documents/Daily Sleep Update/HealthAutoExport-2026-01-21.json: Resource deadlock avoided
cat: /Users/tinayu/Library/Mobile Documents/iCloud~com~ifunography~HealthExport/Documents/Daily Sleep Update/HealthAutoExport-2026-01-22.json: Resource deadlock avoided
cat: /Users/tinayu/Library/Mobile Documents/iCloud~com~ifunography~HealthExport/Documents/Daily Sleep Update/HealthAutoExport-2026-01-23.json: Resource deadlock avoided
cat: /Users/tinayu/Library/Mobile Documents/iCloud~com~ifunography~HealthExport/Documents/Daily Sleep Update/HealthAutoExport-2026-01-26.json: Resource deadlock avoided
cat: /Users/tinayu/Library/Mobile Documents/iCloud~com~ifunography~HealthExport/Documents/Daily Sleep Update/HealthAutoExport-2026-01-27.json: Resource deadlock avoided
cat: /Users/tinayu/Library/Mobile Documents/iCloud~com~ifunography~HealthExport/Documents/Daily Sleep Update/HealthAutoExport-2026-01-28.json: Resource deadlock avoided
cat: /Users/tinayu/Library/Mobile Documents/iCloud~com~ifunography~HealthExport/Documents/Daily Sleep Update/HealthAutoExport-2026-01-29.json: Resource deadlock avoided
cat: /Users/tinayu/Library/Mobile Documents/iCloud~com~ifunography~HealthExport/Documents/Daily Sleep Update/HealthAutoExport-2026-01-30.json: Resource deadlock avoided
cat: /Users/tinayu/Library/Mobile Documents/iCloud~com~ifunography~HealthExport/Documents/Daily Sleep Update/HealthAutoExport-2026-02-02.json: Resource deadlock avoided
cat: /Users/tinayu/Library/Mobile Documents/iCloud~com~ifunography~HealthExport/Documents/Daily Sleep Update/HealthAutoExport-2026-02-03.json: Resource deadlock avoided
cat: /Users/tinayu/Library/Mobile Documents/iCloud~com~ifunography~HealthExport/Documents/Daily Sleep Update/HealthAutoExport-2026-02-04.json: Resource deadlock avoided
cat: /Users/tinayu/Library/Mobile Documents/iCloud~com~ifunography~HealthExport/Documents/Daily Sleep Update/HealthAutoExport-2026-02-05.json: Resource deadlock avoided
cat: /Users/tinayu/Library/Mobile Documents/iCloud~com~ifunography~HealthExport/Documents/Daily Sleep Update/HealthAutoExport-2026-02-06.json: Resource deadlock avoided
cat: /Users/tinayu/Library/Mobile Documents/iCloud~com~ifunography~HealthExport/Documents/Daily Sleep Update/HealthAutoExport-2026-02-07.json: Resource deadlock avoided
cat: /Users/tinayu/Library/Mobile Documents/iCloud~com~ifunography~HealthExport/Documents/Daily Sleep Update/HealthAutoExport-2026-02-08.json: Resource deadlock avoided
cat: /Users/tinayu/Library/Mobile Documents/iCloud~com~ifunography~HealthExport/Documents/Daily Sleep Update/HealthAutoExport-2026-02-09.json: Resource deadlock avoided
cat: /Users/tinayu/Library/Mobile Documents/iCloud~com~ifunography~HealthExport/Documents/Daily Sleep Update/HealthAutoExport-2026-02-10.json: Resource deadlock avoided
cat: /Users/tinayu/Library/Mobile Documents/iCloud~com~ifunography~HealthExport/Documents/Daily Sleep Update/HealthAutoExport-2026-02-11.json: Resource deadlock avoided
cat: /Users/tinayu/Library/Mobile Documents/iCloud~com~ifunography~HealthExport/Documents/Daily Sleep Update/HealthAutoExport-2026-02-12.json: Resource deadlock avoided
cat: /Users/tinayu/Library/Mobile Documents/iCloud~com~ifunography~HealthExport/Documents/Daily Sleep Update/HealthAutoExport-2026-02-13.json: Resource deadlock avoided
cat: /Users/tinayu/Library/Mobile Documents/iCloud~com~ifunography~HealthExport/Documents/Daily Sleep Update/HealthAutoExport-2026-02-14.json: Resource deadlock avoided
cat: /Users/tinayu/Library/Mobile Documents/iCloud~com~ifunography~HealthExport/Documents/Daily Sleep Update/HealthAutoExport-2026-02-15.json: Resource deadlock avoided
cat: /Users/tinayu/Library/Mobile Documents/iCloud~com~ifunography~HealthExport/Documents/Daily Sleep Update/HealthAutoExport-2026-02-16.json: Resource deadlock avoided
cat: /Users/tinayu/Library/Mobile Documents/iCloud~com~ifunography~HealthExport/Documents/Daily Sleep Update/HealthAutoExport-2026-02-17.json: Resource deadlock avoided
cat: /Users/tinayu/Library/Mobile Documents/iCloud~com~ifunography~HealthExport/Documents/Daily Sleep Update/HealthAutoExport-2026-02-18.json: Resource deadlock avoided
cat: /Users/tinayu/Library/Mobile Documents/iCloud~com~ifunography~HealthExport/Documents/Daily Sleep Update/HealthAutoExport-2026-02-19.json: Resource deadlock avoided
cat: /Users/tinayu/Library/Mobile Documents/iCloud~com~ifunography~HealthExport/Documents/Daily Sleep Update/HealthAutoExport-2026-02-20.json: Resource deadlock avoided
cat: /Users/tinayu/Library/Mobile Documents/iCloud~com~ifunography~HealthExport/Documents/Daily Sleep Update/HealthAutoExport-2026-02-21.json: Resource deadlock avoided
cat: /Users/tinayu/Library/Mobile Documents/iCloud~com~ifunography~HealthExport/Documents/Daily Sleep Update/HealthAutoExport-2026-02-22.json: Resource deadlock avoided
cat: /Users/tinayu/Library/Mobile Documents/iCloud~com~ifunography~HealthExport/Documents/Daily Sleep Update/HealthAutoExport-2026-02-23.json: Resource deadlock avoided
cat: /Users/tinayu/Library/Mobile Documents/iCloud~com~ifunography~HealthExport/Documents/Daily Sleep Update/HealthAutoExport-2026-02-24.json: Resource deadlock avoided
cat: /Users/tinayu/Library/Mobile Documents/iCloud~com~ifunography~HealthExport/Documents/Daily Sleep Update/HealthAutoExport-2026-02-25.json: Resource deadlock avoided
cat: /Users/tinayu/Library/Mobile Documents/iCloud~com~ifunography~HealthExport/Documents/Daily Sleep Update/HealthAutoExport-2026-02-26.json: Resource deadlock avoided
cat: /Users/tinayu/Library/Mobile Documents/iCloud~com~ifunography~HealthExport/Documents/Daily Sleep Update/HealthAutoExport-2026-02-27.json: Resource deadlock avoided
cat: /Users/tinayu/Library/Mobile Documents/iCloud~com~ifunography~HealthExport/Documents/Daily Sleep Update/HealthAutoExport-2026-02-28.json: Resource deadlock avoided
cat: /Users/tinayu/Library/Mobile Documents/iCloud~com~ifunography~HealthExport/Documents/Daily Sleep Update/HealthAutoExport-2026-03-01.json: Resource deadlock avoided
cat: /Users/tinayu/Library/Mobile Documents/iCloud~com~ifunography~HealthExport/Documents/Daily Sleep Update/HealthAutoExport-2026-03-02.json: Resource deadlock avoided
cat: /Users/tinayu/Library/Mobile Documents/iCloud~com~ifunography~HealthExport/Documents/Daily Sleep Update/HealthAutoExport-2026-03-03.json: Resource deadlock avoided
cat: /Users/tinayu/Library/Mobile Documents/iCloud~com~ifunography~HealthExport/Documents/Daily Sleep Update/HealthAutoExport-2026-03-04.json: Resource deadlock avoided
cat: /Users/tinayu/Library/Mobile Documents/iCloud~com~ifunography~HealthExport/Documents/Daily Sleep Update/HealthAutoExport-2026-03-05.json: Resource deadlock avoided
cat: /Users/tinayu/Library/Mobile Documents/iCloud~com~ifunography~HealthExport/Documents/Daily Sleep Update/HealthAutoExport-2026-03-06.json: Resource deadlock avoided
cat: /Users/tinayu/Library/Mobile Documents/iCloud~com~ifunography~HealthExport/Documents/Daily Sleep Update/HealthAutoExport-2026-03-07.json: Resource deadlock avoided
cat: /Users/tinayu/Library/Mobile Documents/iCloud~com~ifunography~HealthExport/Documents/Daily Sleep Update/HealthAutoExport-2026-03-08.json: Resource deadlock avoided
cat: /Users/tinayu/Library/Mobile Documents/iCloud~com~ifunography~HealthExport/Documents/Daily Sleep Update/HealthAutoExport-2026-03-09.json: Resource deadlock avoided
cat: /Users/tinayu/Library/Mobile Documents/iCloud~com~ifunography~HealthExport/Documents/Daily Sleep Update/HealthAutoExport-2026-03-10.json: Resource deadlock avoided
cat: /Users/tinayu/Library/Mobile Documents/iCloud~com~ifunography~HealthExport/Documents/Daily Sleep Update/HealthAutoExport-2026-03-11.json: Resource deadlock avoided
cat: /Users/tinayu/Library/Mobile Documents/iCloud~com~ifunography~HealthExport/Documents/Daily Sleep Update/HealthAutoExport-2026-03-12.json: Resource deadlock avoided
cat: /Users/tinayu/Library/Mobile Documents/iCloud~com~ifunography~HealthExport/Documents/Daily Sleep Update/HealthAutoExport-2026-03-13.json: Resource deadlock avoided
cat: /Users/tinayu/Library/Mobile Documents/iCloud~com~ifunography~HealthExport/Documents/Daily Sleep Update/HealthAutoExport-2026-03-14.json: Resource deadlock avoided
cat: /Users/tinayu/Library/Mobile Documents/iCloud~com~ifunography~HealthExport/Documents/Daily Sleep Update/HealthAutoExport-2026-03-15.json: Resource deadlock avoided
cat: /Users/tinayu/Library/Mobile Documents/iCloud~com~ifunography~HealthExport/Documents/Daily Sleep Update/HealthAutoExport-2026-03-16.json: Resource deadlock avoided
cat: /Users/tinayu/Library/Mobile Documents/iCloud~com~ifunography~HealthExport/Documents/Daily Sleep Update/HealthAutoExport-2026-03-17.json: Resource deadlock avoided
cat: /Users/tinayu/Library/Mobile Documents/iCloud~com~ifunography~HealthExport/Documents/Daily Sleep Update/HealthAutoExport-2026-03-18.json: Resource deadlock avoided
cat: /Users/tinayu/Library/Mobile Documents/iCloud~com~ifunography~HealthExport/Documents/Daily Sleep Update/HealthAutoExport-2026-03-19.json: Resource deadlock avoided
cat: /Users/tinayu/Library/Mobile Documents/iCloud~com~ifunography~HealthExport/Documents/Daily Sleep Update/HealthAutoExport-2026-03-20.json: Resource deadlock avoided
cat: /Users/tinayu/Library/Mobile Documents/iCloud~com~ifunography~HealthExport/Documents/Daily Sleep Update/HealthAutoExport-2026-03-21.json: Resource deadlock avoided
cat: /Users/tinayu/Library/Mobile Documents/iCloud~com~ifunography~HealthExport/Documents/Daily Sleep Update/HealthAutoExport-2026-03-22.json: Resource deadlock avoided
cat: /Users/tinayu/Library/Mobile Documents/iCloud~com~ifunography~HealthExport/Documents/Daily Sleep Update/HealthAutoExport-2026-03-23.json: Resource deadlock avoided
cat: /Users/tinayu/Library/Mobile Documents/iCloud~com~ifunography~HealthExport/Documents/Daily Sleep Update/HealthAutoExport-2026-03-24.json: Resource deadlock avoided
cat: /Users/tinayu/Library/Mobile Documents/iCloud~com~ifunography~HealthExport/Documents/Daily Sleep Update/HealthAutoExport-2026-03-25.json: Resource deadlock avoided
cat: /Users/tinayu/Library/Mobile Documents/iCloud~com~ifunography~HealthExport/Documents/Daily Sleep Update/HealthAutoExport-2026-03-26.json: Resource deadlock avoided
cat: /Users/tinayu/Library/Mobile Documents/iCloud~com~ifunography~HealthExport/Documents/Daily Sleep Update/HealthAutoExport-2026-03-27.json: Resource deadlock avoided
cat: /Users/tinayu/Library/Mobile Documents/iCloud~com~ifunography~HealthExport/Documents/Daily Sleep Update/HealthAutoExport-2026-03-28.json: Resource deadlock avoided
cat: /Users/tinayu/Library/Mobile Documents/iCloud~com~ifunography~HealthExport/Documents/Daily Sleep Update/HealthAutoExport-2026-03-29.json: Resource deadlock avoided
cat: /Users/tinayu/Library/Mobile Documents/iCloud~com~ifunography~HealthExport/Documents/Daily Sleep Update/HealthAutoExport-2026-03-30.json: Resource deadlock avoided
cat: /Users/tinayu/Library/Mobile Documents/iCloud~com~ifunography~HealthExport/Documents/Daily Sleep Update/HealthAutoExport-2026-03-31.json: Resource deadlock avoided
cat: /Users/tinayu/Library/Mobile Documents/iCloud~com~ifunography~HealthExport/Documents/Daily Sleep Update/HealthAutoExport-2026-04-01.json: Resource deadlock avoided
cat: /Users/tinayu/Library/Mobile Documents/iCloud~com~ifunography~HealthExport/Documents/Daily Sleep Update/HealthAutoExport-2026-04-02.json: Resource deadlock avoided
cat: /Users/tinayu/Library/Mobile Documents/iCloud~com~ifunography~HealthExport/Documents/Daily Sleep Update/HealthAutoExport-2026-04-03.json: Resource deadlock avoided
cat: /Users/tinayu/Library/Mobile Documents/iCloud~com~ifunography~HealthExport/Documents/Daily Sleep Update/HealthAutoExport-2026-04-04.json: Resource deadlock avoided
cat: /Users/tinayu/Library/Mobile Documents/iCloud~com~ifunography~HealthExport/Documents/Daily Sleep Update/HealthAutoExport-2026-04-05.json: Resource deadlock avoided
cat: /Users/tinayu/Library/Mobile Documents/iCloud~com~ifunography~HealthExport/Documents/Daily Sleep Update/HealthAutoExport-2026-04-06.json: Resource deadlock avoided
cat: /Users/tinayu/Library/Mobile Documents/iCloud~com~ifunography~HealthExport/Documents/Daily Sleep Update/HealthAutoExport-2026-04-07.json: Resource deadlock avoided
cat: /Users/tinayu/Library/Mobile Documents/iCloud~com~ifunography~HealthExport/Documents/Daily Sleep Update/HealthAutoExport-2026-04-08.json: Resource deadlock avoided
cat: /Users/tinayu/Library/Mobile Documents/iCloud~com~ifunography~HealthExport/Documents/Daily Sleep Update/HealthAutoExport-2026-04-09.json: Resource deadlock avoided
cat: /Users/tinayu/Library/Mobile Documents/iCloud~com~ifunography~HealthExport/Documents/Daily Sleep Update/HealthAutoExport-2026-04-10.json: Resource deadlock avoided
cat: /Users/tinayu/Library/Mobile Documents/iCloud~com~ifunography~HealthExport/Documents/Daily Sleep Update/HealthAutoExport-2026-04-12.json: Resource deadlock avoided
cat: /Users/tinayu/Library/Mobile Documents/iCloud~com~ifunography~HealthExport/Documents/Daily Sleep Update/HealthAutoExport-2026-04-13.json: Resource deadlock avoided
cat: /Users/tinayu/Library/Mobile Documents/iCloud~com~ifunography~HealthExport/Documents/Daily Sleep Update/HealthAutoExport-2026-04-14.json: Resource deadlock avoided
cat: /Users/tinayu/Library/Mobile Documents/iCloud~com~ifunography~HealthExport/Documents/Daily Sleep Update/HealthAutoExport-2026-04-15.json: Resource deadlock avoided
cat: /Users/tinayu/Library/Mobile Documents/iCloud~com~ifunography~HealthExport/Documents/Daily Sleep Update/HealthAutoExport-2026-04-16.json: Resource deadlock avoided
cat: /Users/tinayu/Library/Mobile Documents/iCloud~com~ifunography~HealthExport/Documents/Daily Sleep Update/HealthAutoExport-2026-04-17.json: Resource deadlock avoided
cat: /Users/tinayu/Library/Mobile Documents/iCloud~com~ifunography~HealthExport/Documents/Daily Sleep Update/HealthAutoExport-2026-04-18.json: Resource deadlock avoided
cat: /Users/tinayu/Library/Mobile Documents/iCloud~com~ifunography~HealthExport/Documents/Daily Sleep Update/HealthAutoExport-2026-04-19.json: Resource deadlock avoided
cat: /Users/tinayu/Library/Mobile Documents/iCloud~com~ifunography~HealthExport/Documents/Daily Sleep Update/HealthAutoExport-2026-04-20.json: Resource deadlock avoided
cat: /Users/tinayu/Library/Mobile Documents/iCloud~com~ifunography~HealthExport/Documents/Daily Sleep Update/HealthAutoExport-2026-04-21.json: Resource deadlock avoided
cat: /Users/tinayu/Library/Mobile Documents/iCloud~com~ifunography~HealthExport/Documents/Daily Sleep Update/HealthAutoExport-2026-04-22.json: Resource deadlock avoided
cat: /Users/tinayu/Library/Mobile Documents/iCloud~com~ifunography~HealthExport/Documents/Daily Sleep Update/HealthAutoExport-2026-04-23.json: Resource deadlock avoided
cat: /Users/tinayu/Library/Mobile Documents/iCloud~com~ifunography~HealthExport/Documents/Daily Sleep Update/HealthAutoExport-2026-04-24.json: Resource deadlock avoided
cat: /Users/tinayu/Library/Mobile Documents/iCloud~com~ifunography~HealthExport/Documents/Daily Sleep Update/HealthAutoExport-2026-04-25.json: Resource deadlock avoided
cat: /Users/tinayu/Library/Mobile Documents/iCloud~com~ifunography~HealthExport/Documents/Daily Sleep Update/HealthAutoExport-2026-04-26.json: Resource deadlock avoided
cat: /Users/tinayu/Library/Mobile Documents/iCloud~com~ifunography~HealthExport/Documents/Daily Sleep Update/HealthAutoExport-2026-04-27.json: Resource deadlock avoided
cat: /Users/tinayu/Library/Mobile Documents/iCloud~com~ifunography~HealthExport/Documents/Daily Sleep Update/HealthAutoExport-2026-04-28.json: Resource deadlock avoided
cat: /Users/tinayu/Library/Mobile Documents/iCloud~com~ifunography~HealthExport/Documents/Daily Sleep Update/HealthAutoExport-2026-04-29.json: Resource deadlock avoided
cat: /Users/tinayu/Library/Mobile Documents/iCloud~com~ifunography~HealthExport/Documents/Daily Sleep Update/HealthAutoExport-2026-04-30.json: Resource deadlock avoided
cat: /Users/tinayu/Library/Mobile Documents/iCloud~com~ifunography~HealthExport/Documents/Daily Sleep Update/HealthAutoExport-2026-05-01.json: Resource deadlock avoided
cat: /Users/tinayu/Library/Mobile Documents/iCloud~com~ifunography~HealthExport/Documents/Daily Sleep Update/HealthAutoExport-2026-05-02.json: Resource deadlock avoided
cat: /Users/tinayu/Library/Mobile Documents/iCloud~com~ifunography~HealthExport/Documents/Daily Sleep Update/HealthAutoExport-2026-01-16.json: Resource deadlock avoided
cat: /Users/tinayu/Library/Mobile Documents/iCloud~com~ifunography~HealthExport/Documents/Daily Sleep Update/HealthAutoExport-2026-01-20.json: Resource deadlock avoided
cat: /Users/tinayu/Library/Mobile Documents/iCloud~com~ifunography~HealthExport/Documents/Daily Sleep Update/HealthAutoExport-2026-01-21.json: Resource deadlock avoided
cat: /Users/tinayu/Library/Mobile Documents/iCloud~com~ifunography~HealthExport/Documents/Daily Sleep Update/HealthAutoExport-2026-02-06.json: Resource deadlock avoided
cat: /Users/tinayu/Library/Mobile Documents/iCloud~com~ifunography~HealthExport/Documents/Daily Sleep Update/HealthAutoExport-2026-02-07.json: Resource deadlock avoided
cat: /Users/tinayu/Library/Mobile Documents/iCloud~com~ifunography~HealthExport/Documents/Daily Sleep Update/HealthAutoExport-2026-02-10.json: Resource deadlock avoided
cat: /Users/tinayu/Library/Mobile Documents/iCloud~com~ifunography~HealthExport/Documents/Daily Sleep Update/HealthAutoExport-2026-02-11.json: Resource deadlock avoided
cat: /Users/tinayu/Library/Mobile Documents/iCloud~com~ifunography~HealthExport/Documents/Daily Sleep Update/HealthAutoExport-2026-02-26.json: Resource deadlock avoided
cat: /Users/tinayu/Library/Mobile Documents/iCloud~com~ifunography~HealthExport/Documents/Daily Sleep Update/HealthAutoExport-2026-02-27.json: Resource deadlock avoided
cat: /Users/tinayu/Library/Mobile Documents/iCloud~com~ifunography~HealthExport/Documents/Daily Sleep Update/HealthAutoExport-2026-03-06.json: Resource deadlock avoided
cat: /Users/tinayu/Library/Mobile Documents/iCloud~com~ifunography~HealthExport/Documents/Daily Sleep Update/HealthAutoExport-2026-03-10.json: Resource deadlock avoided
cat: /Users/tinayu/Library/Mobile Documents/iCloud~com~ifunography~HealthExport/Documents/Daily Sleep Update/HealthAutoExport-2026-03-26.json: Resource deadlock avoided
cat: /Users/tinayu/Library/Mobile Documents/iCloud~com~ifunography~HealthExport/Documents/Daily Sleep Update/HealthAutoExport-2026-03-27.json: Resource deadlock avoided
cat: /Users/tinayu/Library/Mobile Documents/iCloud~com~ifunography~HealthExport/Documents/Daily Sleep Update/HealthAutoExport-2026-03-30.json: Resource deadlock avoided
cat: /Users/tinayu/Library/Mobile Documents/iCloud~com~ifunography~HealthExport/Documents/Daily Sleep Update/HealthAutoExport-2026-03-31.json: Resource deadlock avoided
cat: /Users/tinayu/Library/Mobile Documents/iCloud~com~ifunography~HealthExport/Documents/Daily Sleep Update/HealthAutoExport-2026-04-02.json: Resource deadlock avoided
cat: /Users/tinayu/Library/Mobile Documents/iCloud~com~ifunography~HealthExport/Documents/Daily Sleep Update/HealthAutoExport-2026-04-14.json: Resource deadlock avoided
cat: /Users/tinayu/Library/Mobile Documents/iCloud~com~ifunography~HealthExport/Documents/Daily Sleep Update/HealthAutoExport-2026-04-18.json: Resource deadlock avoided
cat: /Users/tinayu/Library/Mobile Documents/iCloud~com~ifunography~HealthExport/Documents/Daily Sleep Update/HealthAutoExport-2026-04-19.json: Resource deadlock avoided
cat: /Users/tinayu/Library/Mobile Documents/iCloud~com~ifunography~HealthExport/Documents/Daily Sleep Update/HealthAutoExport-2026-04-22.json: Resource deadlock avoided
cat: /Users/tinayu/Library/Mobile Documents/iCloud~com~ifunography~HealthExport/Documents/Daily Sleep Update/HealthAutoExport-2026-04-23.json: Resource deadlock avoided
cat: /Users/tinayu/Library/Mobile Documents/iCloud~com~ifunography~HealthExport/Documents/Daily Sleep Update/HealthAutoExport-2026-05-03.json: Resource deadlock avoided
To https://github.com/resolutetinging/sleep-dashboard.git
 ! [rejected]        main -> main (fetch first)
error: failed to push some refs to 'https://github.com/resolutetinging/sleep-dashboard.git'
hint: Updates were rejected because the remote contains work that you do
hint: not have locally. This is usually caused by another repository pushing
hint: to the same ref. You may want to first integrate the remote changes
hint: (e.g., 'git pull ...') before pushing again.
hint: See the 'Note about fast-forwards' in 'git push --help' for details.
cat: /Users/tinayu/Library/Mobile Documents/iCloud~com~ifunography~HealthExport/Documents/Daily Sleep Update/HealthAutoExport-2026-01-21.json: Resource deadlock avoided
cat: /Users/tinayu/Library/Mobile Documents/iCloud~com~ifunography~HealthExport/Documents/Daily Sleep Update/HealthAutoExport-2026-02-07.json: Resource deadlock avoided
cat: /Users/tinayu/Library/Mobile Documents/iCloud~com~ifunography~HealthExport/Documents/Daily Sleep Update/HealthAutoExport-2026-02-11.json: Resource deadlock avoided
cat: /Users/tinayu/Library/Mobile Documents/iCloud~com~ifunography~HealthExport/Documents/Daily Sleep Update/HealthAutoExport-2026-02-27.json: Resource deadlock avoided
cat: /Users/tinayu/Library/Mobile Documents/iCloud~com~ifunography~HealthExport/Documents/Daily Sleep Update/HealthAutoExport-2026-03-06.json: Resource deadlock avoided
cat: /Users/tinayu/Library/Mobile Documents/iCloud~com~ifunography~HealthExport/Documents/Daily Sleep Update/HealthAutoExport-2026-03-10.json: Resource deadlock avoided
cat: /Users/tinayu/Library/Mobile Documents/iCloud~com~ifunography~HealthExport/Documents/Daily Sleep Update/HealthAutoExport-2026-03-26.json: Resource deadlock avoided
cat: /Users/tinayu/Library/Mobile Documents/iCloud~com~ifunography~HealthExport/Documents/Daily Sleep Update/HealthAutoExport-2026-04-02.json: Resource deadlock avoided
cat: /Users/tinayu/Library/Mobile Documents/iCloud~com~ifunography~HealthExport/Documents/Daily Sleep Update/HealthAutoExport-2026-04-14.json: Resource deadlock avoided
cat: /Users/tinayu/Library/Mobile Documents/iCloud~com~ifunography~HealthExport/Documents/Daily Sleep Update/HealthAutoExport-2026-04-18.json: Resource deadlock avoided
cat: /Users/tinayu/Library/Mobile Documents/iCloud~com~ifunography~HealthExport/Documents/Daily Sleep Update/HealthAutoExport-2026-04-22.json: Resource deadlock avoided
To https://github.com/resolutetinging/sleep-dashboard.git
 ! [rejected]        main -> main (fetch first)
error: failed to push some refs to 'https://github.com/resolutetinging/sleep-dashboard.git'
hint: Updates were rejected because the remote contains work that you do
hint: not have locally. This is usually caused by another repository pushing
hint: to the same ref. You may want to first integrate the remote changes
hint: (e.g., 'git pull ...') before pushing again.
hint: See the 'Note about fast-forwards' in 'git push --help' for details.
cat: /Users/tinayu/Library/Mobile Documents/iCloud~com~ifunography~HealthExport/Documents/Daily Sleep Update/HealthAutoExport-2026-01-21.json: Resource deadlock avoided
cat: /Users/tinayu/Library/Mobile Documents/iCloud~com~ifunography~HealthExport/Documents/Daily Sleep Update/HealthAutoExport-2026-02-07.json: Resource deadlock avoided
cat: /Users/tinayu/Library/Mobile Documents/iCloud~com~ifunography~HealthExport/Documents/Daily Sleep Update/HealthAutoExport-2026-02-11.json: Resource deadlock avoided
cat: /Users/tinayu/Library/Mobile Documents/iCloud~com~ifunography~HealthExport/Documents/Daily Sleep Update/HealthAutoExport-2026-02-27.json: Resource deadlock avoided
cat: /Users/tinayu/Library/Mobile Documents/iCloud~com~ifunography~HealthExport/Documents/Daily Sleep Update/HealthAutoExport-2026-03-06.json: Resource deadlock avoided
cat: /Users/tinayu/Library/Mobile Documents/iCloud~com~ifunography~HealthExport/Documents/Daily Sleep Update/HealthAutoExport-2026-03-10.json: Resource deadlock avoided
cat: /Users/tinayu/Library/Mobile Documents/iCloud~com~ifunography~HealthExport/Documents/Daily Sleep Update/HealthAutoExport-2026-03-26.json: Resource deadlock avoided
cat: /Users/tinayu/Library/Mobile Documents/iCloud~com~ifunography~HealthExport/Documents/Daily Sleep Update/HealthAutoExport-2026-04-02.json: Resource deadlock avoided
cat: /Users/tinayu/Library/Mobile Documents/iCloud~com~ifunography~HealthExport/Documents/Daily Sleep Update/HealthAutoExport-2026-04-14.json: Resource deadlock avoided
cat: /Users/tinayu/Library/Mobile Documents/iCloud~com~ifunography~HealthExport/Documents/Daily Sleep Update/HealthAutoExport-2026-04-18.json: Resource deadlock avoided
cat: /Users/tinayu/Library/Mobile Documents/iCloud~com~ifunography~HealthExport/Documents/Daily Sleep Update/HealthAutoExport-2026-04-22.json: Resource deadlock avoided
cat: /Users/tinayu/Library/Mobile Documents/iCloud~com~ifunography~HealthExport/Documents/Daily Sleep Update/HealthAutoExport-2026-01-02.json: Resource deadlock avoided
cat: /Users/tinayu/Library/Mobile Documents/iCloud~com~ifunography~HealthExport/Documents/Daily Sleep Update/HealthAutoExport-2026-01-05.json: Resource deadlock avoided
cat: /Users/tinayu/Library/Mobile Documents/iCloud~com~ifunography~HealthExport/Documents/Daily Sleep Update/HealthAutoExport-2026-01-06.json: Resource deadlock avoided
cat: /Users/tinayu/Library/Mobile Documents/iCloud~com~ifunography~HealthExport/Documents/Daily Sleep Update/HealthAutoExport-2026-01-07.json: Resource deadlock avoided
cat: /Users/tinayu/Library/Mobile Documents/iCloud~com~ifunography~HealthExport/Documents/Daily Sleep Update/HealthAutoExport-2026-01-08.json: Resource deadlock avoided
cat: /Users/tinayu/Library/Mobile Documents/iCloud~com~ifunography~HealthExport/Documents/Daily Sleep Update/HealthAutoExport-2026-01-09.json: Resource deadlock avoided
cat: /Users/tinayu/Library/Mobile Documents/iCloud~com~ifunography~HealthExport/Documents/Daily Sleep Update/HealthAutoExport-2026-01-12.json: Resource deadlock avoided
cat: /Users/tinayu/Library/Mobile Documents/iCloud~com~ifunography~HealthExport/Documents/Daily Sleep Update/HealthAutoExport-2026-01-13.json: Resource deadlock avoided
cat: /Users/tinayu/Library/Mobile Documents/iCloud~com~ifunography~HealthExport/Documents/Daily Sleep Update/HealthAutoExport-2026-01-14.json: Resource deadlock avoided
cat: /Users/tinayu/Library/Mobile Documents/iCloud~com~ifunography~HealthExport/Documents/Daily Sleep Update/HealthAutoExport-2026-01-16.json: Resource deadlock avoided
cat: /Users/tinayu/Library/Mobile Documents/iCloud~com~ifunography~HealthExport/Documents/Daily Sleep Update/HealthAutoExport-2026-01-19.json: Resource deadlock avoided
cat: /Users/tinayu/Library/Mobile Documents/iCloud~com~ifunography~HealthExport/Documents/Daily Sleep Update/HealthAutoExport-2026-01-20.json: Resource deadlock avoided
cat: /Users/tinayu/Library/Mobile Documents/iCloud~com~ifunography~HealthExport/Documents/Daily Sleep Update/HealthAutoExport-2026-01-21.json: Resource deadlock avoided
cat: /Users/tinayu/Library/Mobile Documents/iCloud~com~ifunography~HealthExport/Documents/Daily Sleep Update/HealthAutoExport-2026-01-22.json: Resource deadlock avoided
cat: /Users/tinayu/Library/Mobile Documents/iCloud~com~ifunography~HealthExport/Documents/Daily Sleep Update/HealthAutoExport-2026-01-23.json: Resource deadlock avoided
cat: /Users/tinayu/Library/Mobile Documents/iCloud~com~ifunography~HealthExport/Documents/Daily Sleep Update/HealthAutoExport-2026-01-26.json: Resource deadlock avoided
cat: /Users/tinayu/Library/Mobile Documents/iCloud~com~ifunography~HealthExport/Documents/Daily Sleep Update/HealthAutoExport-2026-01-27.json: Resource deadlock avoided
cat: /Users/tinayu/Library/Mobile Documents/iCloud~com~ifunography~HealthExport/Documents/Daily Sleep Update/HealthAutoExport-2026-01-28.json: Resource deadlock avoided
cat: /Users/tinayu/Library/Mobile Documents/iCloud~com~ifunography~HealthExport/Documents/Daily Sleep Update/HealthAutoExport-2026-01-29.json: Resource deadlock avoided
cat: /Users/tinayu/Library/Mobile Documents/iCloud~com~ifunography~HealthExport/Documents/Daily Sleep Update/HealthAutoExport-2026-01-30.json: Resource deadlock avoided
cat: /Users/tinayu/Library/Mobile Documents/iCloud~com~ifunography~HealthExport/Documents/Daily Sleep Update/HealthAutoExport-2026-02-02.json: Resource deadlock avoided
cat: /Users/tinayu/Library/Mobile Documents/iCloud~com~ifunography~HealthExport/Documents/Daily Sleep Update/HealthAutoExport-2026-02-03.json: Resource deadlock avoided
cat: /Users/tinayu/Library/Mobile Documents/iCloud~com~ifunography~HealthExport/Documents/Daily Sleep Update/HealthAutoExport-2026-02-04.json: Resource deadlock avoided
cat: /Users/tinayu/Library/Mobile Documents/iCloud~com~ifunography~HealthExport/Documents/Daily Sleep Update/HealthAutoExport-2026-02-05.json: Resource deadlock avoided
cat: /Users/tinayu/Library/Mobile Documents/iCloud~com~ifunography~HealthExport/Documents/Daily Sleep Update/HealthAutoExport-2026-02-06.json: Resource deadlock avoided
cat: /Users/tinayu/Library/Mobile Documents/iCloud~com~ifunography~HealthExport/Documents/Daily Sleep Update/HealthAutoExport-2026-02-07.json: Resource deadlock avoided
cat: /Users/tinayu/Library/Mobile Documents/iCloud~com~ifunography~HealthExport/Documents/Daily Sleep Update/HealthAutoExport-2026-02-08.json: Resource deadlock avoided
cat: /Users/tinayu/Library/Mobile Documents/iCloud~com~ifunography~HealthExport/Documents/Daily Sleep Update/HealthAutoExport-2026-02-09.json: Resource deadlock avoided
cat: /Users/tinayu/Library/Mobile Documents/iCloud~com~ifunography~HealthExport/Documents/Daily Sleep Update/HealthAutoExport-2026-02-10.json: Resource deadlock avoided
cat: /Users/tinayu/Library/Mobile Documents/iCloud~com~ifunography~HealthExport/Documents/Daily Sleep Update/HealthAutoExport-2026-02-11.json: Resource deadlock avoided
cat: /Users/tinayu/Library/Mobile Documents/iCloud~com~ifunography~HealthExport/Documents/Daily Sleep Update/HealthAutoExport-2026-02-12.json: Resource deadlock avoided
cat: /Users/tinayu/Library/Mobile Documents/iCloud~com~ifunography~HealthExport/Documents/Daily Sleep Update/HealthAutoExport-2026-02-13.json: Resource deadlock avoided
cat: /Users/tinayu/Library/Mobile Documents/iCloud~com~ifunography~HealthExport/Documents/Daily Sleep Update/HealthAutoExport-2026-02-14.json: Resource deadlock avoided
cat: /Users/tinayu/Library/Mobile Documents/iCloud~com~ifunography~HealthExport/Documents/Daily Sleep Update/HealthAutoExport-2026-02-15.json: Resource deadlock avoided
cat: /Users/tinayu/Library/Mobile Documents/iCloud~com~ifunography~HealthExport/Documents/Daily Sleep Update/HealthAutoExport-2026-02-16.json: Resource deadlock avoided
cat: /Users/tinayu/Library/Mobile Documents/iCloud~com~ifunography~HealthExport/Documents/Daily Sleep Update/HealthAutoExport-2026-02-17.json: Resource deadlock avoided
cat: /Users/tinayu/Library/Mobile Documents/iCloud~com~ifunography~HealthExport/Documents/Daily Sleep Update/HealthAutoExport-2026-02-18.json: Resource deadlock avoided
cat: /Users/tinayu/Library/Mobile Documents/iCloud~com~ifunography~HealthExport/Documents/Daily Sleep Update/HealthAutoExport-2026-02-19.json: Resource deadlock avoided
cat: /Users/tinayu/Library/Mobile Documents/iCloud~com~ifunography~HealthExport/Documents/Daily Sleep Update/HealthAutoExport-2026-02-20.json: Resource deadlock avoided
cat: /Users/tinayu/Library/Mobile Documents/iCloud~com~ifunography~HealthExport/Documents/Daily Sleep Update/HealthAutoExport-2026-02-21.json: Resource deadlock avoided
cat: /Users/tinayu/Library/Mobile Documents/iCloud~com~ifunography~HealthExport/Documents/Daily Sleep Update/HealthAutoExport-2026-02-22.json: Resource deadlock avoided
cat: /Users/tinayu/Library/Mobile Documents/iCloud~com~ifunography~HealthExport/Documents/Daily Sleep Update/HealthAutoExport-2026-02-23.json: Resource deadlock avoided
cat: /Users/tinayu/Library/Mobile Documents/iCloud~com~ifunography~HealthExport/Documents/Daily Sleep Update/HealthAutoExport-2026-02-24.json: Resource deadlock avoided
cat: /Users/tinayu/Library/Mobile Documents/iCloud~com~ifunography~HealthExport/Documents/Daily Sleep Update/HealthAutoExport-2026-02-25.json: Resource deadlock avoided
cat: /Users/tinayu/Library/Mobile Documents/iCloud~com~ifunography~HealthExport/Documents/Daily Sleep Update/HealthAutoExport-2026-02-26.json: Resource deadlock avoided
cat: /Users/tinayu/Library/Mobile Documents/iCloud~com~ifunography~HealthExport/Documents/Daily Sleep Update/HealthAutoExport-2026-02-27.json: Resource deadlock avoided
cat: /Users/tinayu/Library/Mobile Documents/iCloud~com~ifunography~HealthExport/Documents/Daily Sleep Update/HealthAutoExport-2026-02-28.json: Resource deadlock avoided
cat: /Users/tinayu/Library/Mobile Documents/iCloud~com~ifunography~HealthExport/Documents/Daily Sleep Update/HealthAutoExport-2026-03-01.json: Resource deadlock avoided
cat: /Users/tinayu/Library/Mobile Documents/iCloud~com~ifunography~HealthExport/Documents/Daily Sleep Update/HealthAutoExport-2026-03-02.json: Resource deadlock avoided
cat: /Users/tinayu/Library/Mobile Documents/iCloud~com~ifunography~HealthExport/Documents/Daily Sleep Update/HealthAutoExport-2026-03-03.json: Resource deadlock avoided
cat: /Users/tinayu/Library/Mobile Documents/iCloud~com~ifunography~HealthExport/Documents/Daily Sleep Update/HealthAutoExport-2026-03-04.json: Resource deadlock avoided
cat: /Users/tinayu/Library/Mobile Documents/iCloud~com~ifunography~HealthExport/Documents/Daily Sleep Update/HealthAutoExport-2026-03-05.json: Resource deadlock avoided
cat: /Users/tinayu/Library/Mobile Documents/iCloud~com~ifunography~HealthExport/Documents/Daily Sleep Update/HealthAutoExport-2026-03-06.json: Resource deadlock avoided
cat: /Users/tinayu/Library/Mobile Documents/iCloud~com~ifunography~HealthExport/Documents/Daily Sleep Update/HealthAutoExport-2026-03-07.json: Resource deadlock avoided
cat: /Users/tinayu/Library/Mobile Documents/iCloud~com~ifunography~HealthExport/Documents/Daily Sleep Update/HealthAutoExport-2026-03-08.json: Resource deadlock avoided
cat: /Users/tinayu/Library/Mobile Documents/iCloud~com~ifunography~HealthExport/Documents/Daily Sleep Update/HealthAutoExport-2026-03-09.json: Resource deadlock avoided
cat: /Users/tinayu/Library/Mobile Documents/iCloud~com~ifunography~HealthExport/Documents/Daily Sleep Update/HealthAutoExport-2026-03-10.json: Resource deadlock avoided
cat: /Users/tinayu/Library/Mobile Documents/iCloud~com~ifunography~HealthExport/Documents/Daily Sleep Update/HealthAutoExport-2026-03-11.json: Resource deadlock avoided
cat: /Users/tinayu/Library/Mobile Documents/iCloud~com~ifunography~HealthExport/Documents/Daily Sleep Update/HealthAutoExport-2026-03-12.json: Resource deadlock avoided
cat: /Users/tinayu/Library/Mobile Documents/iCloud~com~ifunography~HealthExport/Documents/Daily Sleep Update/HealthAutoExport-2026-03-13.json: Resource deadlock avoided
cat: /Users/tinayu/Library/Mobile Documents/iCloud~com~ifunography~HealthExport/Documents/Daily Sleep Update/HealthAutoExport-2026-03-14.json: Resource deadlock avoided
cat: /Users/tinayu/Library/Mobile Documents/iCloud~com~ifunography~HealthExport/Documents/Daily Sleep Update/HealthAutoExport-2026-03-15.json: Resource deadlock avoided
cat: /Users/tinayu/Library/Mobile Documents/iCloud~com~ifunography~HealthExport/Documents/Daily Sleep Update/HealthAutoExport-2026-03-16.json: Resource deadlock avoided
cat: /Users/tinayu/Library/Mobile Documents/iCloud~com~ifunography~HealthExport/Documents/Daily Sleep Update/HealthAutoExport-2026-03-17.json: Resource deadlock avoided
cat: /Users/tinayu/Library/Mobile Documents/iCloud~com~ifunography~HealthExport/Documents/Daily Sleep Update/HealthAutoExport-2026-03-18.json: Resource deadlock avoided
cat: /Users/tinayu/Library/Mobile Documents/iCloud~com~ifunography~HealthExport/Documents/Daily Sleep Update/HealthAutoExport-2026-03-19.json: Resource deadlock avoided
cat: /Users/tinayu/Library/Mobile Documents/iCloud~com~ifunography~HealthExport/Documents/Daily Sleep Update/HealthAutoExport-2026-03-20.json: Resource deadlock avoided
cat: /Users/tinayu/Library/Mobile Documents/iCloud~com~ifunography~HealthExport/Documents/Daily Sleep Update/HealthAutoExport-2026-03-21.json: Resource deadlock avoided
cat: /Users/tinayu/Library/Mobile Documents/iCloud~com~ifunography~HealthExport/Documents/Daily Sleep Update/HealthAutoExport-2026-03-22.json: Resource deadlock avoided
cat: /Users/tinayu/Library/Mobile Documents/iCloud~com~ifunography~HealthExport/Documents/Daily Sleep Update/HealthAutoExport-2026-03-23.json: Resource deadlock avoided
cat: /Users/tinayu/Library/Mobile Documents/iCloud~com~ifunography~HealthExport/Documents/Daily Sleep Update/HealthAutoExport-2026-03-24.json: Resource deadlock avoided
cat: /Users/tinayu/Library/Mobile Documents/iCloud~com~ifunography~HealthExport/Documents/Daily Sleep Update/HealthAutoExport-2026-03-25.json: Resource deadlock avoided
cat: /Users/tinayu/Library/Mobile Documents/iCloud~com~ifunography~HealthExport/Documents/Daily Sleep Update/HealthAutoExport-2026-03-26.json: Resource deadlock avoided
cat: /Users/tinayu/Library/Mobile Documents/iCloud~com~ifunography~HealthExport/Documents/Daily Sleep Update/HealthAutoExport-2026-03-27.json: Resource deadlock avoided
cat: /Users/tinayu/Library/Mobile Documents/iCloud~com~ifunography~HealthExport/Documents/Daily Sleep Update/HealthAutoExport-2026-03-28.json: Resource deadlock avoided
cat: /Users/tinayu/Library/Mobile Documents/iCloud~com~ifunography~HealthExport/Documents/Daily Sleep Update/HealthAutoExport-2026-03-29.json: Resource deadlock avoided
cat: /Users/tinayu/Library/Mobile Documents/iCloud~com~ifunography~HealthExport/Documents/Daily Sleep Update/HealthAutoExport-2026-03-30.json: Resource deadlock avoided
cat: /Users/tinayu/Library/Mobile Documents/iCloud~com~ifunography~HealthExport/Documents/Daily Sleep Update/HealthAutoExport-2026-03-31.json: Resource deadlock avoided
cat: /Users/tinayu/Library/Mobile Documents/iCloud~com~ifunography~HealthExport/Documents/Daily Sleep Update/HealthAutoExport-2026-04-01.json: Resource deadlock avoided
cat: /Users/tinayu/Library/Mobile Documents/iCloud~com~ifunography~HealthExport/Documents/Daily Sleep Update/HealthAutoExport-2026-04-02.json: Resource deadlock avoided
cat: /Users/tinayu/Library/Mobile Documents/iCloud~com~ifunography~HealthExport/Documents/Daily Sleep Update/HealthAutoExport-2026-04-03.json: Resource deadlock avoided
cat: /Users/tinayu/Library/Mobile Documents/iCloud~com~ifunography~HealthExport/Documents/Daily Sleep Update/HealthAutoExport-2026-04-04.json: Resource deadlock avoided
cat: /Users/tinayu/Library/Mobile Documents/iCloud~com~ifunography~HealthExport/Documents/Daily Sleep Update/HealthAutoExport-2026-04-05.json: Resource deadlock avoided
cat: /Users/tinayu/Library/Mobile Documents/iCloud~com~ifunography~HealthExport/Documents/Daily Sleep Update/HealthAutoExport-2026-04-06.json: Resource deadlock avoided
cat: /Users/tinayu/Library/Mobile Documents/iCloud~com~ifunography~HealthExport/Documents/Daily Sleep Update/HealthAutoExport-2026-04-07.json: Resource deadlock avoided
cat: /Users/tinayu/Library/Mobile Documents/iCloud~com~ifunography~HealthExport/Documents/Daily Sleep Update/HealthAutoExport-2026-04-08.json: Resource deadlock avoided
cat: /Users/tinayu/Library/Mobile Documents/iCloud~com~ifunography~HealthExport/Documents/Daily Sleep Update/HealthAutoExport-2026-04-09.json: Resource deadlock avoided
cat: /Users/tinayu/Library/Mobile Documents/iCloud~com~ifunography~HealthExport/Documents/Daily Sleep Update/HealthAutoExport-2026-04-10.json: Resource deadlock avoided
cat: /Users/tinayu/Library/Mobile Documents/iCloud~com~ifunography~HealthExport/Documents/Daily Sleep Update/HealthAutoExport-2026-04-12.json: Resource deadlock avoided
cat: /Users/tinayu/Library/Mobile Documents/iCloud~com~ifunography~HealthExport/Documents/Daily Sleep Update/HealthAutoExport-2026-04-13.json: Resource deadlock avoided
cat: /Users/tinayu/Library/Mobile Documents/iCloud~com~ifunography~HealthExport/Documents/Daily Sleep Update/HealthAutoExport-2026-04-14.json: Resource deadlock avoided
cat: /Users/tinayu/Library/Mobile Documents/iCloud~com~ifunography~HealthExport/Documents/Daily Sleep Update/HealthAutoExport-2026-04-15.json: Resource deadlock avoided
cat: /Users/tinayu/Library/Mobile Documents/iCloud~com~ifunography~HealthExport/Documents/Daily Sleep Update/HealthAutoExport-2026-04-16.json: Resource deadlock avoided
cat: /Users/tinayu/Library/Mobile Documents/iCloud~com~ifunography~HealthExport/Documents/Daily Sleep Update/HealthAutoExport-2026-04-17.json: Resource deadlock avoided
cat: /Users/tinayu/Library/Mobile Documents/iCloud~com~ifunography~HealthExport/Documents/Daily Sleep Update/HealthAutoExport-2026-04-18.json: Resource deadlock avoided
cat: /Users/tinayu/Library/Mobile Documents/iCloud~com~ifunography~HealthExport/Documents/Daily Sleep Update/HealthAutoExport-2026-04-19.json: Resource deadlock avoided
cat: /Users/tinayu/Library/Mobile Documents/iCloud~com~ifunography~HealthExport/Documents/Daily Sleep Update/HealthAutoExport-2026-04-20.json: Resource deadlock avoided
cat: /Users/tinayu/Library/Mobile Documents/iCloud~com~ifunography~HealthExport/Documents/Daily Sleep Update/HealthAutoExport-2026-04-21.json: Resource deadlock avoided
cat: /Users/tinayu/Library/Mobile Documents/iCloud~com~ifunography~HealthExport/Documents/Daily Sleep Update/HealthAutoExport-2026-04-22.json: Resource deadlock avoided
cat: /Users/tinayu/Library/Mobile Documents/iCloud~com~ifunography~HealthExport/Documents/Daily Sleep Update/HealthAutoExport-2026-04-23.json: Resource deadlock avoided
cat: /Users/tinayu/Library/Mobile Documents/iCloud~com~ifunography~HealthExport/Documents/Daily Sleep Update/HealthAutoExport-2026-04-24.json: Resource deadlock avoided
cat: /Users/tinayu/Library/Mobile Documents/iCloud~com~ifunography~HealthExport/Documents/Daily Sleep Update/HealthAutoExport-2026-04-25.json: Resource deadlock avoided
cat: /Users/tinayu/Library/Mobile Documents/iCloud~com~ifunography~HealthExport/Documents/Daily Sleep Update/HealthAutoExport-2026-04-26.json: Resource deadlock avoided
cat: /Users/tinayu/Library/Mobile Documents/iCloud~com~ifunography~HealthExport/Documents/Daily Sleep Update/HealthAutoExport-2026-04-27.json: Resource deadlock avoided
cat: /Users/tinayu/Library/Mobile Documents/iCloud~com~ifunography~HealthExport/Documents/Daily Sleep Update/HealthAutoExport-2026-04-28.json: Resource deadlock avoided
cat: /Users/tinayu/Library/Mobile Documents/iCloud~com~ifunography~HealthExport/Documents/Daily Sleep Update/HealthAutoExport-2026-04-29.json: Resource deadlock avoided
cat: /Users/tinayu/Library/Mobile Documents/iCloud~com~ifunography~HealthExport/Documents/Daily Sleep Update/HealthAutoExport-2026-04-30.json: Resource deadlock avoided
cat: /Users/tinayu/Library/Mobile Documents/iCloud~com~ifunography~HealthExport/Documents/Daily Sleep Update/HealthAutoExport-2026-05-03.json: Resource deadlock avoided
To https://github.com/resolutetinging/sleep-dashboard.git
 ! [rejected]        main -> main (fetch first)
error: failed to push some refs to 'https://github.com/resolutetinging/sleep-dashboard.git'
hint: Updates were rejected because the remote contains work that you do
hint: not have locally. This is usually caused by another repository pushing
hint: to the same ref. You may want to first integrate the remote changes
hint: (e.g., 'git pull ...') before pushing again.
hint: See the 'Note about fast-forwards' in 'git push --help' for details.
cat: /Users/tinayu/Library/Mobile Documents/iCloud~com~ifunography~HealthExport/Documents/Daily Sleep Update/HealthAutoExport-2026-01-02.json: Resource deadlock avoided
cat: /Users/tinayu/Library/Mobile Documents/iCloud~com~ifunography~HealthExport/Documents/Daily Sleep Update/HealthAutoExport-2026-01-05.json: Resource deadlock avoided
cat: /Users/tinayu/Library/Mobile Documents/iCloud~com~ifunography~HealthExport/Documents/Daily Sleep Update/HealthAutoExport-2026-01-06.json: Resource deadlock avoided
cat: /Users/tinayu/Library/Mobile Documents/iCloud~com~ifunography~HealthExport/Documents/Daily Sleep Update/HealthAutoExport-2026-01-07.json: Resource deadlock avoided
cat: /Users/tinayu/Library/Mobile Documents/iCloud~com~ifunography~HealthExport/Documents/Daily Sleep Update/HealthAutoExport-2026-01-08.json: Resource deadlock avoided
cat: /Users/tinayu/Library/Mobile Documents/iCloud~com~ifunography~HealthExport/Documents/Daily Sleep Update/HealthAutoExport-2026-01-09.json: Resource deadlock avoided
cat: /Users/tinayu/Library/Mobile Documents/iCloud~com~ifunography~HealthExport/Documents/Daily Sleep Update/HealthAutoExport-2026-01-12.json: Resource deadlock avoided
cat: /Users/tinayu/Library/Mobile Documents/iCloud~com~ifunography~HealthExport/Documents/Daily Sleep Update/HealthAutoExport-2026-01-13.json: Resource deadlock avoided
cat: /Users/tinayu/Library/Mobile Documents/iCloud~com~ifunography~HealthExport/Documents/Daily Sleep Update/HealthAutoExport-2026-01-14.json: Resource deadlock avoided
cat: /Users/tinayu/Library/Mobile Documents/iCloud~com~ifunography~HealthExport/Documents/Daily Sleep Update/HealthAutoExport-2026-01-16.json: Resource deadlock avoided
cat: /Users/tinayu/Library/Mobile Documents/iCloud~com~ifunography~HealthExport/Documents/Daily Sleep Update/HealthAutoExport-2026-01-19.json: Resource deadlock avoided
cat: /Users/tinayu/Library/Mobile Documents/iCloud~com~ifunography~HealthExport/Documents/Daily Sleep Update/HealthAutoExport-2026-01-20.json: Resource deadlock avoided
cat: /Users/tinayu/Library/Mobile Documents/iCloud~com~ifunography~HealthExport/Documents/Daily Sleep Update/HealthAutoExport-2026-01-21.json: Resource deadlock avoided
cat: /Users/tinayu/Library/Mobile Documents/iCloud~com~ifunography~HealthExport/Documents/Daily Sleep Update/HealthAutoExport-2026-01-22.json: Resource deadlock avoided
cat: /Users/tinayu/Library/Mobile Documents/iCloud~com~ifunography~HealthExport/Documents/Daily Sleep Update/HealthAutoExport-2026-01-23.json: Resource deadlock avoided
cat: /Users/tinayu/Library/Mobile Documents/iCloud~com~ifunography~HealthExport/Documents/Daily Sleep Update/HealthAutoExport-2026-01-26.json: Resource deadlock avoided
cat: /Users/tinayu/Library/Mobile Documents/iCloud~com~ifunography~HealthExport/Documents/Daily Sleep Update/HealthAutoExport-2026-01-27.json: Resource deadlock avoided
cat: /Users/tinayu/Library/Mobile Documents/iCloud~com~ifunography~HealthExport/Documents/Daily Sleep Update/HealthAutoExport-2026-01-28.json: Resource deadlock avoided
cat: /Users/tinayu/Library/Mobile Documents/iCloud~com~ifunography~HealthExport/Documents/Daily Sleep Update/HealthAutoExport-2026-01-29.json: Resource deadlock avoided
cat: /Users/tinayu/Library/Mobile Documents/iCloud~com~ifunography~HealthExport/Documents/Daily Sleep Update/HealthAutoExport-2026-01-30.json: Resource deadlock avoided
cat: /Users/tinayu/Library/Mobile Documents/iCloud~com~ifunography~HealthExport/Documents/Daily Sleep Update/HealthAutoExport-2026-02-02.json: Resource deadlock avoided
cat: /Users/tinayu/Library/Mobile Documents/iCloud~com~ifunography~HealthExport/Documents/Daily Sleep Update/HealthAutoExport-2026-02-03.json: Resource deadlock avoided
cat: /Users/tinayu/Library/Mobile Documents/iCloud~com~ifunography~HealthExport/Documents/Daily Sleep Update/HealthAutoExport-2026-02-04.json: Resource deadlock avoided
cat: /Users/tinayu/Library/Mobile Documents/iCloud~com~ifunography~HealthExport/Documents/Daily Sleep Update/HealthAutoExport-2026-02-05.json: Resource deadlock avoided
cat: /Users/tinayu/Library/Mobile Documents/iCloud~com~ifunography~HealthExport/Documents/Daily Sleep Update/HealthAutoExport-2026-02-06.json: Resource deadlock avoided
cat: /Users/tinayu/Library/Mobile Documents/iCloud~com~ifunography~HealthExport/Documents/Daily Sleep Update/HealthAutoExport-2026-02-07.json: Resource deadlock avoided
cat: /Users/tinayu/Library/Mobile Documents/iCloud~com~ifunography~HealthExport/Documents/Daily Sleep Update/HealthAutoExport-2026-02-08.json: Resource deadlock avoided
cat: /Users/tinayu/Library/Mobile Documents/iCloud~com~ifunography~HealthExport/Documents/Daily Sleep Update/HealthAutoExport-2026-02-09.json: Resource deadlock avoided
cat: /Users/tinayu/Library/Mobile Documents/iCloud~com~ifunography~HealthExport/Documents/Daily Sleep Update/HealthAutoExport-2026-02-10.json: Resource deadlock avoided
cat: /Users/tinayu/Library/Mobile Documents/iCloud~com~ifunography~HealthExport/Documents/Daily Sleep Update/HealthAutoExport-2026-02-11.json: Resource deadlock avoided
cat: /Users/tinayu/Library/Mobile Documents/iCloud~com~ifunography~HealthExport/Documents/Daily Sleep Update/HealthAutoExport-2026-02-12.json: Resource deadlock avoided
cat: /Users/tinayu/Library/Mobile Documents/iCloud~com~ifunography~HealthExport/Documents/Daily Sleep Update/HealthAutoExport-2026-02-13.json: Resource deadlock avoided
cat: /Users/tinayu/Library/Mobile Documents/iCloud~com~ifunography~HealthExport/Documents/Daily Sleep Update/HealthAutoExport-2026-02-14.json: Resource deadlock avoided
cat: /Users/tinayu/Library/Mobile Documents/iCloud~com~ifunography~HealthExport/Documents/Daily Sleep Update/HealthAutoExport-2026-02-15.json: Resource deadlock avoided
cat: /Users/tinayu/Library/Mobile Documents/iCloud~com~ifunography~HealthExport/Documents/Daily Sleep Update/HealthAutoExport-2026-02-16.json: Resource deadlock avoided
cat: /Users/tinayu/Library/Mobile Documents/iCloud~com~ifunography~HealthExport/Documents/Daily Sleep Update/HealthAutoExport-2026-02-17.json: Resource deadlock avoided
cat: /Users/tinayu/Library/Mobile Documents/iCloud~com~ifunography~HealthExport/Documents/Daily Sleep Update/HealthAutoExport-2026-02-18.json: Resource deadlock avoided
cat: /Users/tinayu/Library/Mobile Documents/iCloud~com~ifunography~HealthExport/Documents/Daily Sleep Update/HealthAutoExport-2026-02-19.json: Resource deadlock avoided
cat: /Users/tinayu/Library/Mobile Documents/iCloud~com~ifunography~HealthExport/Documents/Daily Sleep Update/HealthAutoExport-2026-02-20.json: Resource deadlock avoided
cat: /Users/tinayu/Library/Mobile Documents/iCloud~com~ifunography~HealthExport/Documents/Daily Sleep Update/HealthAutoExport-2026-02-21.json: Resource deadlock avoided
cat: /Users/tinayu/Library/Mobile Documents/iCloud~com~ifunography~HealthExport/Documents/Daily Sleep Update/HealthAutoExport-2026-02-22.json: Resource deadlock avoided
cat: /Users/tinayu/Library/Mobile Documents/iCloud~com~ifunography~HealthExport/Documents/Daily Sleep Update/HealthAutoExport-2026-02-23.json: Resource deadlock avoided
cat: /Users/tinayu/Library/Mobile Documents/iCloud~com~ifunography~HealthExport/Documents/Daily Sleep Update/HealthAutoExport-2026-02-24.json: Resource deadlock avoided
cat: /Users/tinayu/Library/Mobile Documents/iCloud~com~ifunography~HealthExport/Documents/Daily Sleep Update/HealthAutoExport-2026-02-25.json: Resource deadlock avoided
cat: /Users/tinayu/Library/Mobile Documents/iCloud~com~ifunography~HealthExport/Documents/Daily Sleep Update/HealthAutoExport-2026-02-26.json: Resource deadlock avoided
cat: /Users/tinayu/Library/Mobile Documents/iCloud~com~ifunography~HealthExport/Documents/Daily Sleep Update/HealthAutoExport-2026-02-27.json: Resource deadlock avoided
cat: /Users/tinayu/Library/Mobile Documents/iCloud~com~ifunography~HealthExport/Documents/Daily Sleep Update/HealthAutoExport-2026-02-28.json: Resource deadlock avoided
cat: /Users/tinayu/Library/Mobile Documents/iCloud~com~ifunography~HealthExport/Documents/Daily Sleep Update/HealthAutoExport-2026-03-01.json: Resource deadlock avoided
cat: /Users/tinayu/Library/Mobile Documents/iCloud~com~ifunography~HealthExport/Documents/Daily Sleep Update/HealthAutoExport-2026-03-02.json: Resource deadlock avoided
cat: /Users/tinayu/Library/Mobile Documents/iCloud~com~ifunography~HealthExport/Documents/Daily Sleep Update/HealthAutoExport-2026-03-03.json: Resource deadlock avoided
cat: /Users/tinayu/Library/Mobile Documents/iCloud~com~ifunography~HealthExport/Documents/Daily Sleep Update/HealthAutoExport-2026-03-04.json: Resource deadlock avoided
cat: /Users/tinayu/Library/Mobile Documents/iCloud~com~ifunography~HealthExport/Documents/Daily Sleep Update/HealthAutoExport-2026-03-05.json: Resource deadlock avoided
cat: /Users/tinayu/Library/Mobile Documents/iCloud~com~ifunography~HealthExport/Documents/Daily Sleep Update/HealthAutoExport-2026-03-06.json: Resource deadlock avoided
cat: /Users/tinayu/Library/Mobile Documents/iCloud~com~ifunography~HealthExport/Documents/Daily Sleep Update/HealthAutoExport-2026-03-07.json: Resource deadlock avoided
cat: /Users/tinayu/Library/Mobile Documents/iCloud~com~ifunography~HealthExport/Documents/Daily Sleep Update/HealthAutoExport-2026-03-08.json: Resource deadlock avoided
cat: /Users/tinayu/Library/Mobile Documents/iCloud~com~ifunography~HealthExport/Documents/Daily Sleep Update/HealthAutoExport-2026-03-09.json: Resource deadlock avoided
cat: /Users/tinayu/Library/Mobile Documents/iCloud~com~ifunography~HealthExport/Documents/Daily Sleep Update/HealthAutoExport-2026-03-10.json: Resource deadlock avoided
cat: /Users/tinayu/Library/Mobile Documents/iCloud~com~ifunography~HealthExport/Documents/Daily Sleep Update/HealthAutoExport-2026-03-11.json: Resource deadlock avoided
cat: /Users/tinayu/Library/Mobile Documents/iCloud~com~ifunography~HealthExport/Documents/Daily Sleep Update/HealthAutoExport-2026-03-12.json: Resource deadlock avoided
cat: /Users/tinayu/Library/Mobile Documents/iCloud~com~ifunography~HealthExport/Documents/Daily Sleep Update/HealthAutoExport-2026-03-13.json: Resource deadlock avoided
cat: /Users/tinayu/Library/Mobile Documents/iCloud~com~ifunography~HealthExport/Documents/Daily Sleep Update/HealthAutoExport-2026-03-14.json: Resource deadlock avoided
cat: /Users/tinayu/Library/Mobile Documents/iCloud~com~ifunography~HealthExport/Documents/Daily Sleep Update/HealthAutoExport-2026-03-15.json: Resource deadlock avoided
cat: /Users/tinayu/Library/Mobile Documents/iCloud~com~ifunography~HealthExport/Documents/Daily Sleep Update/HealthAutoExport-2026-03-16.json: Resource deadlock avoided
cat: /Users/tinayu/Library/Mobile Documents/iCloud~com~ifunography~HealthExport/Documents/Daily Sleep Update/HealthAutoExport-2026-03-17.json: Resource deadlock avoided
cat: /Users/tinayu/Library/Mobile Documents/iCloud~com~ifunography~HealthExport/Documents/Daily Sleep Update/HealthAutoExport-2026-03-18.json: Resource deadlock avoided
cat: /Users/tinayu/Library/Mobile Documents/iCloud~com~ifunography~HealthExport/Documents/Daily Sleep Update/HealthAutoExport-2026-03-19.json: Resource deadlock avoided
cat: /Users/tinayu/Library/Mobile Documents/iCloud~com~ifunography~HealthExport/Documents/Daily Sleep Update/HealthAutoExport-2026-03-20.json: Resource deadlock avoided
cat: /Users/tinayu/Library/Mobile Documents/iCloud~com~ifunography~HealthExport/Documents/Daily Sleep Update/HealthAutoExport-2026-03-21.json: Resource deadlock avoided
cat: /Users/tinayu/Library/Mobile Documents/iCloud~com~ifunography~HealthExport/Documents/Daily Sleep Update/HealthAutoExport-2026-03-22.json: Resource deadlock avoided
cat: /Users/tinayu/Library/Mobile Documents/iCloud~com~ifunography~HealthExport/Documents/Daily Sleep Update/HealthAutoExport-2026-03-23.json: Resource deadlock avoided
cat: /Users/tinayu/Library/Mobile Documents/iCloud~com~ifunography~HealthExport/Documents/Daily Sleep Update/HealthAutoExport-2026-03-24.json: Resource deadlock avoided
cat: /Users/tinayu/Library/Mobile Documents/iCloud~com~ifunography~HealthExport/Documents/Daily Sleep Update/HealthAutoExport-2026-03-25.json: Resource deadlock avoided
cat: /Users/tinayu/Library/Mobile Documents/iCloud~com~ifunography~HealthExport/Documents/Daily Sleep Update/HealthAutoExport-2026-03-26.json: Resource deadlock avoided
cat: /Users/tinayu/Library/Mobile Documents/iCloud~com~ifunography~HealthExport/Documents/Daily Sleep Update/HealthAutoExport-2026-03-27.json: Resource deadlock avoided
cat: /Users/tinayu/Library/Mobile Documents/iCloud~com~ifunography~HealthExport/Documents/Daily Sleep Update/HealthAutoExport-2026-03-28.json: Resource deadlock avoided
cat: /Users/tinayu/Library/Mobile Documents/iCloud~com~ifunography~HealthExport/Documents/Daily Sleep Update/HealthAutoExport-2026-03-29.json: Resource deadlock avoided
cat: /Users/tinayu/Library/Mobile Documents/iCloud~com~ifunography~HealthExport/Documents/Daily Sleep Update/HealthAutoExport-2026-03-30.json: Resource deadlock avoided
cat: /Users/tinayu/Library/Mobile Documents/iCloud~com~ifunography~HealthExport/Documents/Daily Sleep Update/HealthAutoExport-2026-03-31.json: Resource deadlock avoided
cat: /Users/tinayu/Library/Mobile Documents/iCloud~com~ifunography~HealthExport/Documents/Daily Sleep Update/HealthAutoExport-2026-04-01.json: Resource deadlock avoided
cat: /Users/tinayu/Library/Mobile Documents/iCloud~com~ifunography~HealthExport/Documents/Daily Sleep Update/HealthAutoExport-2026-04-02.json: Resource deadlock avoided
cat: /Users/tinayu/Library/Mobile Documents/iCloud~com~ifunography~HealthExport/Documents/Daily Sleep Update/HealthAutoExport-2026-04-03.json: Resource deadlock avoided
cat: /Users/tinayu/Library/Mobile Documents/iCloud~com~ifunography~HealthExport/Documents/Daily Sleep Update/HealthAutoExport-2026-04-04.json: Resource deadlock avoided
cat: /Users/tinayu/Library/Mobile Documents/iCloud~com~ifunography~HealthExport/Documents/Daily Sleep Update/HealthAutoExport-2026-04-05.json: Resource deadlock avoided
cat: /Users/tinayu/Library/Mobile Documents/iCloud~com~ifunography~HealthExport/Documents/Daily Sleep Update/HealthAutoExport-2026-04-06.json: Resource deadlock avoided
cat: /Users/tinayu/Library/Mobile Documents/iCloud~com~ifunography~HealthExport/Documents/Daily Sleep Update/HealthAutoExport-2026-04-07.json: Resource deadlock avoided
cat: /Users/tinayu/Library/Mobile Documents/iCloud~com~ifunography~HealthExport/Documents/Daily Sleep Update/HealthAutoExport-2026-04-08.json: Resource deadlock avoided
cat: /Users/tinayu/Library/Mobile Documents/iCloud~com~ifunography~HealthExport/Documents/Daily Sleep Update/HealthAutoExport-2026-04-09.json: Resource deadlock avoided
cat: /Users/tinayu/Library/Mobile Documents/iCloud~com~ifunography~HealthExport/Documents/Daily Sleep Update/HealthAutoExport-2026-04-10.json: Resource deadlock avoided
cat: /Users/tinayu/Library/Mobile Documents/iCloud~com~ifunography~HealthExport/Documents/Daily Sleep Update/HealthAutoExport-2026-04-12.json: Resource deadlock avoided
cat: /Users/tinayu/Library/Mobile Documents/iCloud~com~ifunography~HealthExport/Documents/Daily Sleep Update/HealthAutoExport-2026-04-13.json: Resource deadlock avoided
cat: /Users/tinayu/Library/Mobile Documents/iCloud~com~ifunography~HealthExport/Documents/Daily Sleep Update/HealthAutoExport-2026-04-14.json: Resource deadlock avoided
cat: /Users/tinayu/Library/Mobile Documents/iCloud~com~ifunography~HealthExport/Documents/Daily Sleep Update/HealthAutoExport-2026-04-15.json: Resource deadlock avoided
cat: /Users/tinayu/Library/Mobile Documents/iCloud~com~ifunography~HealthExport/Documents/Daily Sleep Update/HealthAutoExport-2026-04-16.json: Resource deadlock avoided
cat: /Users/tinayu/Library/Mobile Documents/iCloud~com~ifunography~HealthExport/Documents/Daily Sleep Update/HealthAutoExport-2026-04-17.json: Resource deadlock avoided
cat: /Users/tinayu/Library/Mobile Documents/iCloud~com~ifunography~HealthExport/Documents/Daily Sleep Update/HealthAutoExport-2026-04-18.json: Resource deadlock avoided
cat: /Users/tinayu/Library/Mobile Documents/iCloud~com~ifunography~HealthExport/Documents/Daily Sleep Update/HealthAutoExport-2026-04-19.json: Resource deadlock avoided
cat: /Users/tinayu/Library/Mobile Documents/iCloud~com~ifunography~HealthExport/Documents/Daily Sleep Update/HealthAutoExport-2026-04-20.json: Resource deadlock avoided
cat: /Users/tinayu/Library/Mobile Documents/iCloud~com~ifunography~HealthExport/Documents/Daily Sleep Update/HealthAutoExport-2026-04-21.json: Resource deadlock avoided
cat: /Users/tinayu/Library/Mobile Documents/iCloud~com~ifunography~HealthExport/Documents/Daily Sleep Update/HealthAutoExport-2026-04-22.json: Resource deadlock avoided
cat: /Users/tinayu/Library/Mobile Documents/iCloud~com~ifunography~HealthExport/Documents/Daily Sleep Update/HealthAutoExport-2026-04-23.json: Resource deadlock avoided
cat: /Users/tinayu/Library/Mobile Documents/iCloud~com~ifunography~HealthExport/Documents/Daily Sleep Update/HealthAutoExport-2026-04-24.json: Resource deadlock avoided
cat: /Users/tinayu/Library/Mobile Documents/iCloud~com~ifunography~HealthExport/Documents/Daily Sleep Update/HealthAutoExport-2026-04-25.json: Resource deadlock avoided
cat: /Users/tinayu/Library/Mobile Documents/iCloud~com~ifunography~HealthExport/Documents/Daily Sleep Update/HealthAutoExport-2026-04-26.json: Resource deadlock avoided
cat: /Users/tinayu/Library/Mobile Documents/iCloud~com~ifunography~HealthExport/Documents/Daily Sleep Update/HealthAutoExport-2026-04-27.json: Resource deadlock avoided
cat: /Users/tinayu/Library/Mobile Documents/iCloud~com~ifunography~HealthExport/Documents/Daily Sleep Update/HealthAutoExport-2026-04-28.json: Resource deadlock avoided
cat: /Users/tinayu/Library/Mobile Documents/iCloud~com~ifunography~HealthExport/Documents/Daily Sleep Update/HealthAutoExport-2026-04-29.json: Resource deadlock avoided
cat: /Users/tinayu/Library/Mobile Documents/iCloud~com~ifunography~HealthExport/Documents/Daily Sleep Update/HealthAutoExport-2026-04-30.json: Resource deadlock avoided
cat: /Users/tinayu/Library/Mobile Documents/iCloud~com~ifunography~HealthExport/Documents/Daily Sleep Update/HealthAutoExport-2026-05-01.json: Resource deadlock avoided
cat: /Users/tinayu/Library/Mobile Documents/iCloud~com~ifunography~HealthExport/Documents/Daily Sleep Update/HealthAutoExport-2026-05-03.json: Resource deadlock avoided
From https://github.com/resolutetinging/sleep-dashboard
 * branch            main       -> FETCH_HEAD
   c18d988..2a20ac8  main       -> origin/main
Rebasing (1/1)                                                                                Successfully rebased and updated refs/heads/main.
To https://github.com/resolutetinging/sleep-dashboard.git
   2a20ac8..051c550  main -> main
From https://github.com/resolutetinging/sleep-dashboard
 * branch            main       -> FETCH_HEAD
To https://github.com/resolutetinging/sleep-dashboard.git
   051c550..3c85ca5  main -> main
cat: /Users/tinayu/Library/Mobile Documents/iCloud~com~ifunography~HealthExport/Documents/Daily Sleep Update/HealthAutoExport-2026-01-02.json: Resource deadlock avoided
cat: /Users/tinayu/Library/Mobile Documents/iCloud~com~ifunography~HealthExport/Documents/Daily Sleep Update/HealthAutoExport-2026-01-05.json: Resource deadlock avoided
cat: /Users/tinayu/Library/Mobile Documents/iCloud~com~ifunography~HealthExport/Documents/Daily Sleep Update/HealthAutoExport-2026-01-06.json: Resource deadlock avoided
cat: /Users/tinayu/Library/Mobile Documents/iCloud~com~ifunography~HealthExport/Documents/Daily Sleep Update/HealthAutoExport-2026-01-07.json: Resource deadlock avoided
cat: /Users/tinayu/Library/Mobile Documents/iCloud~com~ifunography~HealthExport/Documents/Daily Sleep Update/HealthAutoExport-2026-01-08.json: Resource deadlock avoided
cat: /Users/tinayu/Library/Mobile Documents/iCloud~com~ifunography~HealthExport/Documents/Daily Sleep Update/HealthAutoExport-2026-01-09.json: Resource deadlock avoided
cat: /Users/tinayu/Library/Mobile Documents/iCloud~com~ifunography~HealthExport/Documents/Daily Sleep Update/HealthAutoExport-2026-01-12.json: Resource deadlock avoided
cat: /Users/tinayu/Library/Mobile Documents/iCloud~com~ifunography~HealthExport/Documents/Daily Sleep Update/HealthAutoExport-2026-01-13.json: Resource deadlock avoided
cat: /Users/tinayu/Library/Mobile Documents/iCloud~com~ifunography~HealthExport/Documents/Daily Sleep Update/HealthAutoExport-2026-01-14.json: Resource deadlock avoided
cat: /Users/tinayu/Library/Mobile Documents/iCloud~com~ifunography~HealthExport/Documents/Daily Sleep Update/HealthAutoExport-2026-01-16.json: Resource deadlock avoided
cat: /Users/tinayu/Library/Mobile Documents/iCloud~com~ifunography~HealthExport/Documents/Daily Sleep Update/HealthAutoExport-2026-01-19.json: Resource deadlock avoided
cat: /Users/tinayu/Library/Mobile Documents/iCloud~com~ifunography~HealthExport/Documents/Daily Sleep Update/HealthAutoExport-2026-01-20.json: Resource deadlock avoided
cat: /Users/tinayu/Library/Mobile Documents/iCloud~com~ifunography~HealthExport/Documents/Daily Sleep Update/HealthAutoExport-2026-01-21.json: Resource deadlock avoided
cat: /Users/tinayu/Library/Mobile Documents/iCloud~com~ifunography~HealthExport/Documents/Daily Sleep Update/HealthAutoExport-2026-01-22.json: Resource deadlock avoided
cat: /Users/tinayu/Library/Mobile Documents/iCloud~com~ifunography~HealthExport/Documents/Daily Sleep Update/HealthAutoExport-2026-01-23.json: Resource deadlock avoided
cat: /Users/tinayu/Library/Mobile Documents/iCloud~com~ifunography~HealthExport/Documents/Daily Sleep Update/HealthAutoExport-2026-01-26.json: Resource deadlock avoided
cat: /Users/tinayu/Library/Mobile Documents/iCloud~com~ifunography~HealthExport/Documents/Daily Sleep Update/HealthAutoExport-2026-01-27.json: Resource deadlock avoided
cat: /Users/tinayu/Library/Mobile Documents/iCloud~com~ifunography~HealthExport/Documents/Daily Sleep Update/HealthAutoExport-2026-01-28.json: Resource deadlock avoided
cat: /Users/tinayu/Library/Mobile Documents/iCloud~com~ifunography~HealthExport/Documents/Daily Sleep Update/HealthAutoExport-2026-01-29.json: Resource deadlock avoided
cat: /Users/tinayu/Library/Mobile Documents/iCloud~com~ifunography~HealthExport/Documents/Daily Sleep Update/HealthAutoExport-2026-01-30.json: Resource deadlock avoided
cat: /Users/tinayu/Library/Mobile Documents/iCloud~com~ifunography~HealthExport/Documents/Daily Sleep Update/HealthAutoExport-2026-02-02.json: Resource deadlock avoided
cat: /Users/tinayu/Library/Mobile Documents/iCloud~com~ifunography~HealthExport/Documents/Daily Sleep Update/HealthAutoExport-2026-02-03.json: Resource deadlock avoided
cat: /Users/tinayu/Library/Mobile Documents/iCloud~com~ifunography~HealthExport/Documents/Daily Sleep Update/HealthAutoExport-2026-02-04.json: Resource deadlock avoided
cat: /Users/tinayu/Library/Mobile Documents/iCloud~com~ifunography~HealthExport/Documents/Daily Sleep Update/HealthAutoExport-2026-02-05.json: Resource deadlock avoided
cat: /Users/tinayu/Library/Mobile Documents/iCloud~com~ifunography~HealthExport/Documents/Daily Sleep Update/HealthAutoExport-2026-02-06.json: Resource deadlock avoided
cat: /Users/tinayu/Library/Mobile Documents/iCloud~com~ifunography~HealthExport/Documents/Daily Sleep Update/HealthAutoExport-2026-02-07.json: Resource deadlock avoided
cat: /Users/tinayu/Library/Mobile Documents/iCloud~com~ifunography~HealthExport/Documents/Daily Sleep Update/HealthAutoExport-2026-02-08.json: Resource deadlock avoided
cat: /Users/tinayu/Library/Mobile Documents/iCloud~com~ifunography~HealthExport/Documents/Daily Sleep Update/HealthAutoExport-2026-02-09.json: Resource deadlock avoided
cat: /Users/tinayu/Library/Mobile Documents/iCloud~com~ifunography~HealthExport/Documents/Daily Sleep Update/HealthAutoExport-2026-02-10.json: Resource deadlock avoided
cat: /Users/tinayu/Library/Mobile Documents/iCloud~com~ifunography~HealthExport/Documents/Daily Sleep Update/HealthAutoExport-2026-02-11.json: Resource deadlock avoided
cat: /Users/tinayu/Library/Mobile Documents/iCloud~com~ifunography~HealthExport/Documents/Daily Sleep Update/HealthAutoExport-2026-02-12.json: Resource deadlock avoided
cat: /Users/tinayu/Library/Mobile Documents/iCloud~com~ifunography~HealthExport/Documents/Daily Sleep Update/HealthAutoExport-2026-02-13.json: Resource deadlock avoided
cat: /Users/tinayu/Library/Mobile Documents/iCloud~com~ifunography~HealthExport/Documents/Daily Sleep Update/HealthAutoExport-2026-02-14.json: Resource deadlock avoided
cat: /Users/tinayu/Library/Mobile Documents/iCloud~com~ifunography~HealthExport/Documents/Daily Sleep Update/HealthAutoExport-2026-02-15.json: Resource deadlock avoided
cat: /Users/tinayu/Library/Mobile Documents/iCloud~com~ifunography~HealthExport/Documents/Daily Sleep Update/HealthAutoExport-2026-02-16.json: Resource deadlock avoided
cat: /Users/tinayu/Library/Mobile Documents/iCloud~com~ifunography~HealthExport/Documents/Daily Sleep Update/HealthAutoExport-2026-02-17.json: Resource deadlock avoided
cat: /Users/tinayu/Library/Mobile Documents/iCloud~com~ifunography~HealthExport/Documents/Daily Sleep Update/HealthAutoExport-2026-02-18.json: Resource deadlock avoided
cat: /Users/tinayu/Library/Mobile Documents/iCloud~com~ifunography~HealthExport/Documents/Daily Sleep Update/HealthAutoExport-2026-02-19.json: Resource deadlock avoided
cat: /Users/tinayu/Library/Mobile Documents/iCloud~com~ifunography~HealthExport/Documents/Daily Sleep Update/HealthAutoExport-2026-02-20.json: Resource deadlock avoided
cat: /Users/tinayu/Library/Mobile Documents/iCloud~com~ifunography~HealthExport/Documents/Daily Sleep Update/HealthAutoExport-2026-02-21.json: Resource deadlock avoided
cat: /Users/tinayu/Library/Mobile Documents/iCloud~com~ifunography~HealthExport/Documents/Daily Sleep Update/HealthAutoExport-2026-02-22.json: Resource deadlock avoided
cat: /Users/tinayu/Library/Mobile Documents/iCloud~com~ifunography~HealthExport/Documents/Daily Sleep Update/HealthAutoExport-2026-02-23.json: Resource deadlock avoided
cat: /Users/tinayu/Library/Mobile Documents/iCloud~com~ifunography~HealthExport/Documents/Daily Sleep Update/HealthAutoExport-2026-02-24.json: Resource deadlock avoided
cat: /Users/tinayu/Library/Mobile Documents/iCloud~com~ifunography~HealthExport/Documents/Daily Sleep Update/HealthAutoExport-2026-02-25.json: Resource deadlock avoided
cat: /Users/tinayu/Library/Mobile Documents/iCloud~com~ifunography~HealthExport/Documents/Daily Sleep Update/HealthAutoExport-2026-02-26.json: Resource deadlock avoided
cat: /Users/tinayu/Library/Mobile Documents/iCloud~com~ifunography~HealthExport/Documents/Daily Sleep Update/HealthAutoExport-2026-02-27.json: Resource deadlock avoided
cat: /Users/tinayu/Library/Mobile Documents/iCloud~com~ifunography~HealthExport/Documents/Daily Sleep Update/HealthAutoExport-2026-02-28.json: Resource deadlock avoided
cat: /Users/tinayu/Library/Mobile Documents/iCloud~com~ifunography~HealthExport/Documents/Daily Sleep Update/HealthAutoExport-2026-03-01.json: Resource deadlock avoided
cat: /Users/tinayu/Library/Mobile Documents/iCloud~com~ifunography~HealthExport/Documents/Daily Sleep Update/HealthAutoExport-2026-03-02.json: Resource deadlock avoided
cat: /Users/tinayu/Library/Mobile Documents/iCloud~com~ifunography~HealthExport/Documents/Daily Sleep Update/HealthAutoExport-2026-03-03.json: Resource deadlock avoided
cat: /Users/tinayu/Library/Mobile Documents/iCloud~com~ifunography~HealthExport/Documents/Daily Sleep Update/HealthAutoExport-2026-03-04.json: Resource deadlock avoided
cat: /Users/tinayu/Library/Mobile Documents/iCloud~com~ifunography~HealthExport/Documents/Daily Sleep Update/HealthAutoExport-2026-03-05.json: Resource deadlock avoided
cat: /Users/tinayu/Library/Mobile Documents/iCloud~com~ifunography~HealthExport/Documents/Daily Sleep Update/HealthAutoExport-2026-03-06.json: Resource deadlock avoided
cat: /Users/tinayu/Library/Mobile Documents/iCloud~com~ifunography~HealthExport/Documents/Daily Sleep Update/HealthAutoExport-2026-03-07.json: Resource deadlock avoided
cat: /Users/tinayu/Library/Mobile Documents/iCloud~com~ifunography~HealthExport/Documents/Daily Sleep Update/HealthAutoExport-2026-03-08.json: Resource deadlock avoided
cat: /Users/tinayu/Library/Mobile Documents/iCloud~com~ifunography~HealthExport/Documents/Daily Sleep Update/HealthAutoExport-2026-03-09.json: Resource deadlock avoided
cat: /Users/tinayu/Library/Mobile Documents/iCloud~com~ifunography~HealthExport/Documents/Daily Sleep Update/HealthAutoExport-2026-03-10.json: Resource deadlock avoided
cat: /Users/tinayu/Library/Mobile Documents/iCloud~com~ifunography~HealthExport/Documents/Daily Sleep Update/HealthAutoExport-2026-03-11.json: Resource deadlock avoided
cat: /Users/tinayu/Library/Mobile Documents/iCloud~com~ifunography~HealthExport/Documents/Daily Sleep Update/HealthAutoExport-2026-03-12.json: Resource deadlock avoided
cat: /Users/tinayu/Library/Mobile Documents/iCloud~com~ifunography~HealthExport/Documents/Daily Sleep Update/HealthAutoExport-2026-03-13.json: Resource deadlock avoided
cat: /Users/tinayu/Library/Mobile Documents/iCloud~com~ifunography~HealthExport/Documents/Daily Sleep Update/HealthAutoExport-2026-03-14.json: Resource deadlock avoided
cat: /Users/tinayu/Library/Mobile Documents/iCloud~com~ifunography~HealthExport/Documents/Daily Sleep Update/HealthAutoExport-2026-03-15.json: Resource deadlock avoided
cat: /Users/tinayu/Library/Mobile Documents/iCloud~com~ifunography~HealthExport/Documents/Daily Sleep Update/HealthAutoExport-2026-03-16.json: Resource deadlock avoided
cat: /Users/tinayu/Library/Mobile Documents/iCloud~com~ifunography~HealthExport/Documents/Daily Sleep Update/HealthAutoExport-2026-03-17.json: Resource deadlock avoided
cat: /Users/tinayu/Library/Mobile Documents/iCloud~com~ifunography~HealthExport/Documents/Daily Sleep Update/HealthAutoExport-2026-03-18.json: Resource deadlock avoided
cat: /Users/tinayu/Library/Mobile Documents/iCloud~com~ifunography~HealthExport/Documents/Daily Sleep Update/HealthAutoExport-2026-03-19.json: Resource deadlock avoided
cat: /Users/tinayu/Library/Mobile Documents/iCloud~com~ifunography~HealthExport/Documents/Daily Sleep Update/HealthAutoExport-2026-03-20.json: Resource deadlock avoided
cat: /Users/tinayu/Library/Mobile Documents/iCloud~com~ifunography~HealthExport/Documents/Daily Sleep Update/HealthAutoExport-2026-03-21.json: Resource deadlock avoided
cat: /Users/tinayu/Library/Mobile Documents/iCloud~com~ifunography~HealthExport/Documents/Daily Sleep Update/HealthAutoExport-2026-03-22.json: Resource deadlock avoided
cat: /Users/tinayu/Library/Mobile Documents/iCloud~com~ifunography~HealthExport/Documents/Daily Sleep Update/HealthAutoExport-2026-03-23.json: Resource deadlock avoided
cat: /Users/tinayu/Library/Mobile Documents/iCloud~com~ifunography~HealthExport/Documents/Daily Sleep Update/HealthAutoExport-2026-03-24.json: Resource deadlock avoided
cat: /Users/tinayu/Library/Mobile Documents/iCloud~com~ifunography~HealthExport/Documents/Daily Sleep Update/HealthAutoExport-2026-03-25.json: Resource deadlock avoided
cat: /Users/tinayu/Library/Mobile Documents/iCloud~com~ifunography~HealthExport/Documents/Daily Sleep Update/HealthAutoExport-2026-03-26.json: Resource deadlock avoided
cat: /Users/tinayu/Library/Mobile Documents/iCloud~com~ifunography~HealthExport/Documents/Daily Sleep Update/HealthAutoExport-2026-03-27.json: Resource deadlock avoided
cat: /Users/tinayu/Library/Mobile Documents/iCloud~com~ifunography~HealthExport/Documents/Daily Sleep Update/HealthAutoExport-2026-03-28.json: Resource deadlock avoided
cat: /Users/tinayu/Library/Mobile Documents/iCloud~com~ifunography~HealthExport/Documents/Daily Sleep Update/HealthAutoExport-2026-03-29.json: Resource deadlock avoided
cat: /Users/tinayu/Library/Mobile Documents/iCloud~com~ifunography~HealthExport/Documents/Daily Sleep Update/HealthAutoExport-2026-03-30.json: Resource deadlock avoided
cat: /Users/tinayu/Library/Mobile Documents/iCloud~com~ifunography~HealthExport/Documents/Daily Sleep Update/HealthAutoExport-2026-03-31.json: Resource deadlock avoided
cat: /Users/tinayu/Library/Mobile Documents/iCloud~com~ifunography~HealthExport/Documents/Daily Sleep Update/HealthAutoExport-2026-04-01.json: Resource deadlock avoided
cat: /Users/tinayu/Library/Mobile Documents/iCloud~com~ifunography~HealthExport/Documents/Daily Sleep Update/HealthAutoExport-2026-04-02.json: Resource deadlock avoided
cat: /Users/tinayu/Library/Mobile Documents/iCloud~com~ifunography~HealthExport/Documents/Daily Sleep Update/HealthAutoExport-2026-04-03.json: Resource deadlock avoided
cat: /Users/tinayu/Library/Mobile Documents/iCloud~com~ifunography~HealthExport/Documents/Daily Sleep Update/HealthAutoExport-2026-04-04.json: Resource deadlock avoided
cat: /Users/tinayu/Library/Mobile Documents/iCloud~com~ifunography~HealthExport/Documents/Daily Sleep Update/HealthAutoExport-2026-04-05.json: Resource deadlock avoided
cat: /Users/tinayu/Library/Mobile Documents/iCloud~com~ifunography~HealthExport/Documents/Daily Sleep Update/HealthAutoExport-2026-04-06.json: Resource deadlock avoided
cat: /Users/tinayu/Library/Mobile Documents/iCloud~com~ifunography~HealthExport/Documents/Daily Sleep Update/HealthAutoExport-2026-04-07.json: Resource deadlock avoided
cat: /Users/tinayu/Library/Mobile Documents/iCloud~com~ifunography~HealthExport/Documents/Daily Sleep Update/HealthAutoExport-2026-04-08.json: Resource deadlock avoided
cat: /Users/tinayu/Library/Mobile Documents/iCloud~com~ifunography~HealthExport/Documents/Daily Sleep Update/HealthAutoExport-2026-04-09.json: Resource deadlock avoided
cat: /Users/tinayu/Library/Mobile Documents/iCloud~com~ifunography~HealthExport/Documents/Daily Sleep Update/HealthAutoExport-2026-04-10.json: Resource deadlock avoided
cat: /Users/tinayu/Library/Mobile Documents/iCloud~com~ifunography~HealthExport/Documents/Daily Sleep Update/HealthAutoExport-2026-04-12.json: Resource deadlock avoided
cat: /Users/tinayu/Library/Mobile Documents/iCloud~com~ifunography~HealthExport/Documents/Daily Sleep Update/HealthAutoExport-2026-04-13.json: Resource deadlock avoided
cat: /Users/tinayu/Library/Mobile Documents/iCloud~com~ifunography~HealthExport/Documents/Daily Sleep Update/HealthAutoExport-2026-04-14.json: Resource deadlock avoided
cat: /Users/tinayu/Library/Mobile Documents/iCloud~com~ifunography~HealthExport/Documents/Daily Sleep Update/HealthAutoExport-2026-04-15.json: Resource deadlock avoided
cat: /Users/tinayu/Library/Mobile Documents/iCloud~com~ifunography~HealthExport/Documents/Daily Sleep Update/HealthAutoExport-2026-04-16.json: Resource deadlock avoided
cat: /Users/tinayu/Library/Mobile Documents/iCloud~com~ifunography~HealthExport/Documents/Daily Sleep Update/HealthAutoExport-2026-04-17.json: Resource deadlock avoided
cat: /Users/tinayu/Library/Mobile Documents/iCloud~com~ifunography~HealthExport/Documents/Daily Sleep Update/HealthAutoExport-2026-04-18.json: Resource deadlock avoided
cat: /Users/tinayu/Library/Mobile Documents/iCloud~com~ifunography~HealthExport/Documents/Daily Sleep Update/HealthAutoExport-2026-04-19.json: Resource deadlock avoided
cat: /Users/tinayu/Library/Mobile Documents/iCloud~com~ifunography~HealthExport/Documents/Daily Sleep Update/HealthAutoExport-2026-04-20.json: Resource deadlock avoided
cat: /Users/tinayu/Library/Mobile Documents/iCloud~com~ifunography~HealthExport/Documents/Daily Sleep Update/HealthAutoExport-2026-04-21.json: Resource deadlock avoided
cat: /Users/tinayu/Library/Mobile Documents/iCloud~com~ifunography~HealthExport/Documents/Daily Sleep Update/HealthAutoExport-2026-04-22.json: Resource deadlock avoided
cat: /Users/tinayu/Library/Mobile Documents/iCloud~com~ifunography~HealthExport/Documents/Daily Sleep Update/HealthAutoExport-2026-04-23.json: Resource deadlock avoided
cat: /Users/tinayu/Library/Mobile Documents/iCloud~com~ifunography~HealthExport/Documents/Daily Sleep Update/HealthAutoExport-2026-04-24.json: Resource deadlock avoided
cat: /Users/tinayu/Library/Mobile Documents/iCloud~com~ifunography~HealthExport/Documents/Daily Sleep Update/HealthAutoExport-2026-04-25.json: Resource deadlock avoided
cat: /Users/tinayu/Library/Mobile Documents/iCloud~com~ifunography~HealthExport/Documents/Daily Sleep Update/HealthAutoExport-2026-04-26.json: Resource deadlock avoided
cat: /Users/tinayu/Library/Mobile Documents/iCloud~com~ifunography~HealthExport/Documents/Daily Sleep Update/HealthAutoExport-2026-04-27.json: Resource deadlock avoided
cat: /Users/tinayu/Library/Mobile Documents/iCloud~com~ifunography~HealthExport/Documents/Daily Sleep Update/HealthAutoExport-2026-04-28.json: Resource deadlock avoided
cat: /Users/tinayu/Library/Mobile Documents/iCloud~com~ifunography~HealthExport/Documents/Daily Sleep Update/HealthAutoExport-2026-04-29.json: Resource deadlock avoided
cat: /Users/tinayu/Library/Mobile Documents/iCloud~com~ifunography~HealthExport/Documents/Daily Sleep Update/HealthAutoExport-2026-04-30.json: Resource deadlock avoided
cat: /Users/tinayu/Library/Mobile Documents/iCloud~com~ifunography~HealthExport/Documents/Daily Sleep Update/HealthAutoExport-2026-05-01.json: Resource deadlock avoided
cat: /Users/tinayu/Library/Mobile Documents/iCloud~com~ifunography~HealthExport/Documents/Daily Sleep Update/HealthAutoExport-2026-05-02.json: Resource deadlock avoided
cat: /Users/tinayu/Library/Mobile Documents/iCloud~com~ifunography~HealthExport/Documents/Daily Sleep Update/HealthAutoExport-2026-05-03.json: Resource deadlock avoided
cat: /Users/tinayu/Library/Mobile Documents/iCloud~com~ifunography~HealthExport/Documents/Daily Sleep Update/HealthAutoExport-2026-05-04.json: Resource deadlock avoided
From https://github.com/resolutetinging/sleep-dashboard
 * branch            main       -> FETCH_HEAD
To https://github.com/resolutetinging/sleep-dashboard.git
   3c85ca5..34b9f66  main -> main
From https://github.com/resolutetinging/sleep-dashboard
 * branch            main       -> FETCH_HEAD
   34b9f66..968773e  main       -> origin/main
Rebasing (1/1)                                                                                Successfully rebased and updated refs/heads/main.
To https://github.com/resolutetinging/sleep-dashboard.git
   968773e..537bb08  main -> main
cat: /Users/tinayu/Library/Mobile Documents/iCloud~com~ifunography~HealthExport/Documents/Daily Sleep Update/HealthAutoExport-2026-01-02.json: Resource deadlock avoided
cat: /Users/tinayu/Library/Mobile Documents/iCloud~com~ifunography~HealthExport/Documents/Daily Sleep Update/HealthAutoExport-2026-01-05.json: Resource deadlock avoided
cat: /Users/tinayu/Library/Mobile Documents/iCloud~com~ifunography~HealthExport/Documents/Daily Sleep Update/HealthAutoExport-2026-01-06.json: Resource deadlock avoided
cat: /Users/tinayu/Library/Mobile Documents/iCloud~com~ifunography~HealthExport/Documents/Daily Sleep Update/HealthAutoExport-2026-01-07.json: Resource deadlock avoided
cat: /Users/tinayu/Library/Mobile Documents/iCloud~com~ifunography~HealthExport/Documents/Daily Sleep Update/HealthAutoExport-2026-01-08.json: Resource deadlock avoided
cat: /Users/tinayu/Library/Mobile Documents/iCloud~com~ifunography~HealthExport/Documents/Daily Sleep Update/HealthAutoExport-2026-01-09.json: Resource deadlock avoided
cat: /Users/tinayu/Library/Mobile Documents/iCloud~com~ifunography~HealthExport/Documents/Daily Sleep Update/HealthAutoExport-2026-01-12.json: Resource deadlock avoided
cat: /Users/tinayu/Library/Mobile Documents/iCloud~com~ifunography~HealthExport/Documents/Daily Sleep Update/HealthAutoExport-2026-01-13.json: Resource deadlock avoided
cat: /Users/tinayu/Library/Mobile Documents/iCloud~com~ifunography~HealthExport/Documents/Daily Sleep Update/HealthAutoExport-2026-01-14.json: Resource deadlock avoided
cat: /Users/tinayu/Library/Mobile Documents/iCloud~com~ifunography~HealthExport/Documents/Daily Sleep Update/HealthAutoExport-2026-01-16.json: Resource deadlock avoided
cat: /Users/tinayu/Library/Mobile Documents/iCloud~com~ifunography~HealthExport/Documents/Daily Sleep Update/HealthAutoExport-2026-01-19.json: Resource deadlock avoided
cat: /Users/tinayu/Library/Mobile Documents/iCloud~com~ifunography~HealthExport/Documents/Daily Sleep Update/HealthAutoExport-2026-01-20.json: Resource deadlock avoided
cat: /Users/tinayu/Library/Mobile Documents/iCloud~com~ifunography~HealthExport/Documents/Daily Sleep Update/HealthAutoExport-2026-01-21.json: Resource deadlock avoided
cat: /Users/tinayu/Library/Mobile Documents/iCloud~com~ifunography~HealthExport/Documents/Daily Sleep Update/HealthAutoExport-2026-01-22.json: Resource deadlock avoided
cat: /Users/tinayu/Library/Mobile Documents/iCloud~com~ifunography~HealthExport/Documents/Daily Sleep Update/HealthAutoExport-2026-01-23.json: Resource deadlock avoided
cat: /Users/tinayu/Library/Mobile Documents/iCloud~com~ifunography~HealthExport/Documents/Daily Sleep Update/HealthAutoExport-2026-01-26.json: Resource deadlock avoided
cat: /Users/tinayu/Library/Mobile Documents/iCloud~com~ifunography~HealthExport/Documents/Daily Sleep Update/HealthAutoExport-2026-01-27.json: Resource deadlock avoided
cat: /Users/tinayu/Library/Mobile Documents/iCloud~com~ifunography~HealthExport/Documents/Daily Sleep Update/HealthAutoExport-2026-01-28.json: Resource deadlock avoided
cat: /Users/tinayu/Library/Mobile Documents/iCloud~com~ifunography~HealthExport/Documents/Daily Sleep Update/HealthAutoExport-2026-01-29.json: Resource deadlock avoided
cat: /Users/tinayu/Library/Mobile Documents/iCloud~com~ifunography~HealthExport/Documents/Daily Sleep Update/HealthAutoExport-2026-01-30.json: Resource deadlock avoided
cat: /Users/tinayu/Library/Mobile Documents/iCloud~com~ifunography~HealthExport/Documents/Daily Sleep Update/HealthAutoExport-2026-02-02.json: Resource deadlock avoided
cat: /Users/tinayu/Library/Mobile Documents/iCloud~com~ifunography~HealthExport/Documents/Daily Sleep Update/HealthAutoExport-2026-02-03.json: Resource deadlock avoided
cat: /Users/tinayu/Library/Mobile Documents/iCloud~com~ifunography~HealthExport/Documents/Daily Sleep Update/HealthAutoExport-2026-02-04.json: Resource deadlock avoided
cat: /Users/tinayu/Library/Mobile Documents/iCloud~com~ifunography~HealthExport/Documents/Daily Sleep Update/HealthAutoExport-2026-02-05.json: Resource deadlock avoided
cat: /Users/tinayu/Library/Mobile Documents/iCloud~com~ifunography~HealthExport/Documents/Daily Sleep Update/HealthAutoExport-2026-02-06.json: Resource deadlock avoided
cat: /Users/tinayu/Library/Mobile Documents/iCloud~com~ifunography~HealthExport/Documents/Daily Sleep Update/HealthAutoExport-2026-02-07.json: Resource deadlock avoided
cat: /Users/tinayu/Library/Mobile Documents/iCloud~com~ifunography~HealthExport/Documents/Daily Sleep Update/HealthAutoExport-2026-02-08.json: Resource deadlock avoided
cat: /Users/tinayu/Library/Mobile Documents/iCloud~com~ifunography~HealthExport/Documents/Daily Sleep Update/HealthAutoExport-2026-02-09.json: Resource deadlock avoided
cat: /Users/tinayu/Library/Mobile Documents/iCloud~com~ifunography~HealthExport/Documents/Daily Sleep Update/HealthAutoExport-2026-02-10.json: Resource deadlock avoided
cat: /Users/tinayu/Library/Mobile Documents/iCloud~com~ifunography~HealthExport/Documents/Daily Sleep Update/HealthAutoExport-2026-02-11.json: Resource deadlock avoided
cat: /Users/tinayu/Library/Mobile Documents/iCloud~com~ifunography~HealthExport/Documents/Daily Sleep Update/HealthAutoExport-2026-02-12.json: Resource deadlock avoided
cat: /Users/tinayu/Library/Mobile Documents/iCloud~com~ifunography~HealthExport/Documents/Daily Sleep Update/HealthAutoExport-2026-02-13.json: Resource deadlock avoided
cat: /Users/tinayu/Library/Mobile Documents/iCloud~com~ifunography~HealthExport/Documents/Daily Sleep Update/HealthAutoExport-2026-02-14.json: Resource deadlock avoided
cat: /Users/tinayu/Library/Mobile Documents/iCloud~com~ifunography~HealthExport/Documents/Daily Sleep Update/HealthAutoExport-2026-02-15.json: Resource deadlock avoided
cat: /Users/tinayu/Library/Mobile Documents/iCloud~com~ifunography~HealthExport/Documents/Daily Sleep Update/HealthAutoExport-2026-02-16.json: Resource deadlock avoided
cat: /Users/tinayu/Library/Mobile Documents/iCloud~com~ifunography~HealthExport/Documents/Daily Sleep Update/HealthAutoExport-2026-02-17.json: Resource deadlock avoided
cat: /Users/tinayu/Library/Mobile Documents/iCloud~com~ifunography~HealthExport/Documents/Daily Sleep Update/HealthAutoExport-2026-02-18.json: Resource deadlock avoided
cat: /Users/tinayu/Library/Mobile Documents/iCloud~com~ifunography~HealthExport/Documents/Daily Sleep Update/HealthAutoExport-2026-02-19.json: Resource deadlock avoided
cat: /Users/tinayu/Library/Mobile Documents/iCloud~com~ifunography~HealthExport/Documents/Daily Sleep Update/HealthAutoExport-2026-02-20.json: Resource deadlock avoided
cat: /Users/tinayu/Library/Mobile Documents/iCloud~com~ifunography~HealthExport/Documents/Daily Sleep Update/HealthAutoExport-2026-02-21.json: Resource deadlock avoided
cat: /Users/tinayu/Library/Mobile Documents/iCloud~com~ifunography~HealthExport/Documents/Daily Sleep Update/HealthAutoExport-2026-02-22.json: Resource deadlock avoided
cat: /Users/tinayu/Library/Mobile Documents/iCloud~com~ifunography~HealthExport/Documents/Daily Sleep Update/HealthAutoExport-2026-02-23.json: Resource deadlock avoided
cat: /Users/tinayu/Library/Mobile Documents/iCloud~com~ifunography~HealthExport/Documents/Daily Sleep Update/HealthAutoExport-2026-02-24.json: Resource deadlock avoided
cat: /Users/tinayu/Library/Mobile Documents/iCloud~com~ifunography~HealthExport/Documents/Daily Sleep Update/HealthAutoExport-2026-02-25.json: Resource deadlock avoided
cat: /Users/tinayu/Library/Mobile Documents/iCloud~com~ifunography~HealthExport/Documents/Daily Sleep Update/HealthAutoExport-2026-02-26.json: Resource deadlock avoided
cat: /Users/tinayu/Library/Mobile Documents/iCloud~com~ifunography~HealthExport/Documents/Daily Sleep Update/HealthAutoExport-2026-02-27.json: Resource deadlock avoided
cat: /Users/tinayu/Library/Mobile Documents/iCloud~com~ifunography~HealthExport/Documents/Daily Sleep Update/HealthAutoExport-2026-02-28.json: Resource deadlock avoided
cat: /Users/tinayu/Library/Mobile Documents/iCloud~com~ifunography~HealthExport/Documents/Daily Sleep Update/HealthAutoExport-2026-03-01.json: Resource deadlock avoided
cat: /Users/tinayu/Library/Mobile Documents/iCloud~com~ifunography~HealthExport/Documents/Daily Sleep Update/HealthAutoExport-2026-03-02.json: Resource deadlock avoided
cat: /Users/tinayu/Library/Mobile Documents/iCloud~com~ifunography~HealthExport/Documents/Daily Sleep Update/HealthAutoExport-2026-03-03.json: Resource deadlock avoided
cat: /Users/tinayu/Library/Mobile Documents/iCloud~com~ifunography~HealthExport/Documents/Daily Sleep Update/HealthAutoExport-2026-03-04.json: Resource deadlock avoided
cat: /Users/tinayu/Library/Mobile Documents/iCloud~com~ifunography~HealthExport/Documents/Daily Sleep Update/HealthAutoExport-2026-03-05.json: Resource deadlock avoided
cat: /Users/tinayu/Library/Mobile Documents/iCloud~com~ifunography~HealthExport/Documents/Daily Sleep Update/HealthAutoExport-2026-03-06.json: Resource deadlock avoided
cat: /Users/tinayu/Library/Mobile Documents/iCloud~com~ifunography~HealthExport/Documents/Daily Sleep Update/HealthAutoExport-2026-03-07.json: Resource deadlock avoided
cat: /Users/tinayu/Library/Mobile Documents/iCloud~com~ifunography~HealthExport/Documents/Daily Sleep Update/HealthAutoExport-2026-03-08.json: Resource deadlock avoided
cat: /Users/tinayu/Library/Mobile Documents/iCloud~com~ifunography~HealthExport/Documents/Daily Sleep Update/HealthAutoExport-2026-03-09.json: Resource deadlock avoided
cat: /Users/tinayu/Library/Mobile Documents/iCloud~com~ifunography~HealthExport/Documents/Daily Sleep Update/HealthAutoExport-2026-03-10.json: Resource deadlock avoided
cat: /Users/tinayu/Library/Mobile Documents/iCloud~com~ifunography~HealthExport/Documents/Daily Sleep Update/HealthAutoExport-2026-03-11.json: Resource deadlock avoided
cat: /Users/tinayu/Library/Mobile Documents/iCloud~com~ifunography~HealthExport/Documents/Daily Sleep Update/HealthAutoExport-2026-03-12.json: Resource deadlock avoided
cat: /Users/tinayu/Library/Mobile Documents/iCloud~com~ifunography~HealthExport/Documents/Daily Sleep Update/HealthAutoExport-2026-03-13.json: Resource deadlock avoided
cat: /Users/tinayu/Library/Mobile Documents/iCloud~com~ifunography~HealthExport/Documents/Daily Sleep Update/HealthAutoExport-2026-03-14.json: Resource deadlock avoided
cat: /Users/tinayu/Library/Mobile Documents/iCloud~com~ifunography~HealthExport/Documents/Daily Sleep Update/HealthAutoExport-2026-03-15.json: Resource deadlock avoided
cat: /Users/tinayu/Library/Mobile Documents/iCloud~com~ifunography~HealthExport/Documents/Daily Sleep Update/HealthAutoExport-2026-03-16.json: Resource deadlock avoided
cat: /Users/tinayu/Library/Mobile Documents/iCloud~com~ifunography~HealthExport/Documents/Daily Sleep Update/HealthAutoExport-2026-03-17.json: Resource deadlock avoided
cat: /Users/tinayu/Library/Mobile Documents/iCloud~com~ifunography~HealthExport/Documents/Daily Sleep Update/HealthAutoExport-2026-03-18.json: Resource deadlock avoided
cat: /Users/tinayu/Library/Mobile Documents/iCloud~com~ifunography~HealthExport/Documents/Daily Sleep Update/HealthAutoExport-2026-03-19.json: Resource deadlock avoided
cat: /Users/tinayu/Library/Mobile Documents/iCloud~com~ifunography~HealthExport/Documents/Daily Sleep Update/HealthAutoExport-2026-03-20.json: Resource deadlock avoided
cat: /Users/tinayu/Library/Mobile Documents/iCloud~com~ifunography~HealthExport/Documents/Daily Sleep Update/HealthAutoExport-2026-03-21.json: Resource deadlock avoided
cat: /Users/tinayu/Library/Mobile Documents/iCloud~com~ifunography~HealthExport/Documents/Daily Sleep Update/HealthAutoExport-2026-03-22.json: Resource deadlock avoided
cat: /Users/tinayu/Library/Mobile Documents/iCloud~com~ifunography~HealthExport/Documents/Daily Sleep Update/HealthAutoExport-2026-03-23.json: Resource deadlock avoided
cat: /Users/tinayu/Library/Mobile Documents/iCloud~com~ifunography~HealthExport/Documents/Daily Sleep Update/HealthAutoExport-2026-03-24.json: Resource deadlock avoided
cat: /Users/tinayu/Library/Mobile Documents/iCloud~com~ifunography~HealthExport/Documents/Daily Sleep Update/HealthAutoExport-2026-03-25.json: Resource deadlock avoided
cat: /Users/tinayu/Library/Mobile Documents/iCloud~com~ifunography~HealthExport/Documents/Daily Sleep Update/HealthAutoExport-2026-03-26.json: Resource deadlock avoided
cat: /Users/tinayu/Library/Mobile Documents/iCloud~com~ifunography~HealthExport/Documents/Daily Sleep Update/HealthAutoExport-2026-03-27.json: Resource deadlock avoided
cat: /Users/tinayu/Library/Mobile Documents/iCloud~com~ifunography~HealthExport/Documents/Daily Sleep Update/HealthAutoExport-2026-03-28.json: Resource deadlock avoided
cat: /Users/tinayu/Library/Mobile Documents/iCloud~com~ifunography~HealthExport/Documents/Daily Sleep Update/HealthAutoExport-2026-03-29.json: Resource deadlock avoided
cat: /Users/tinayu/Library/Mobile Documents/iCloud~com~ifunography~HealthExport/Documents/Daily Sleep Update/HealthAutoExport-2026-03-30.json: Resource deadlock avoided
cat: /Users/tinayu/Library/Mobile Documents/iCloud~com~ifunography~HealthExport/Documents/Daily Sleep Update/HealthAutoExport-2026-03-31.json: Resource deadlock avoided
cat: /Users/tinayu/Library/Mobile Documents/iCloud~com~ifunography~HealthExport/Documents/Daily Sleep Update/HealthAutoExport-2026-04-01.json: Resource deadlock avoided
cat: /Users/tinayu/Library/Mobile Documents/iCloud~com~ifunography~HealthExport/Documents/Daily Sleep Update/HealthAutoExport-2026-04-02.json: Resource deadlock avoided
cat: /Users/tinayu/Library/Mobile Documents/iCloud~com~ifunography~HealthExport/Documents/Daily Sleep Update/HealthAutoExport-2026-04-03.json: Resource deadlock avoided
cat: /Users/tinayu/Library/Mobile Documents/iCloud~com~ifunography~HealthExport/Documents/Daily Sleep Update/HealthAutoExport-2026-04-04.json: Resource deadlock avoided
cat: /Users/tinayu/Library/Mobile Documents/iCloud~com~ifunography~HealthExport/Documents/Daily Sleep Update/HealthAutoExport-2026-04-05.json: Resource deadlock avoided
cat: /Users/tinayu/Library/Mobile Documents/iCloud~com~ifunography~HealthExport/Documents/Daily Sleep Update/HealthAutoExport-2026-04-06.json: Resource deadlock avoided
cat: /Users/tinayu/Library/Mobile Documents/iCloud~com~ifunography~HealthExport/Documents/Daily Sleep Update/HealthAutoExport-2026-04-07.json: Resource deadlock avoided
cat: /Users/tinayu/Library/Mobile Documents/iCloud~com~ifunography~HealthExport/Documents/Daily Sleep Update/HealthAutoExport-2026-04-08.json: Resource deadlock avoided
cat: /Users/tinayu/Library/Mobile Documents/iCloud~com~ifunography~HealthExport/Documents/Daily Sleep Update/HealthAutoExport-2026-04-09.json: Resource deadlock avoided
cat: /Users/tinayu/Library/Mobile Documents/iCloud~com~ifunography~HealthExport/Documents/Daily Sleep Update/HealthAutoExport-2026-04-10.json: Resource deadlock avoided
cat: /Users/tinayu/Library/Mobile Documents/iCloud~com~ifunography~HealthExport/Documents/Daily Sleep Update/HealthAutoExport-2026-04-12.json: Resource deadlock avoided
cat: /Users/tinayu/Library/Mobile Documents/iCloud~com~ifunography~HealthExport/Documents/Daily Sleep Update/HealthAutoExport-2026-04-13.json: Resource deadlock avoided
cat: /Users/tinayu/Library/Mobile Documents/iCloud~com~ifunography~HealthExport/Documents/Daily Sleep Update/HealthAutoExport-2026-04-14.json: Resource deadlock avoided
cat: /Users/tinayu/Library/Mobile Documents/iCloud~com~ifunography~HealthExport/Documents/Daily Sleep Update/HealthAutoExport-2026-04-15.json: Resource deadlock avoided
cat: /Users/tinayu/Library/Mobile Documents/iCloud~com~ifunography~HealthExport/Documents/Daily Sleep Update/HealthAutoExport-2026-04-16.json: Resource deadlock avoided
cat: /Users/tinayu/Library/Mobile Documents/iCloud~com~ifunography~HealthExport/Documents/Daily Sleep Update/HealthAutoExport-2026-04-17.json: Resource deadlock avoided
cat: /Users/tinayu/Library/Mobile Documents/iCloud~com~ifunography~HealthExport/Documents/Daily Sleep Update/HealthAutoExport-2026-04-18.json: Resource deadlock avoided
cat: /Users/tinayu/Library/Mobile Documents/iCloud~com~ifunography~HealthExport/Documents/Daily Sleep Update/HealthAutoExport-2026-04-19.json: Resource deadlock avoided
cat: /Users/tinayu/Library/Mobile Documents/iCloud~com~ifunography~HealthExport/Documents/Daily Sleep Update/HealthAutoExport-2026-04-20.json: Resource deadlock avoided
cat: /Users/tinayu/Library/Mobile Documents/iCloud~com~ifunography~HealthExport/Documents/Daily Sleep Update/HealthAutoExport-2026-04-21.json: Resource deadlock avoided
cat: /Users/tinayu/Library/Mobile Documents/iCloud~com~ifunography~HealthExport/Documents/Daily Sleep Update/HealthAutoExport-2026-04-22.json: Resource deadlock avoided
cat: /Users/tinayu/Library/Mobile Documents/iCloud~com~ifunography~HealthExport/Documents/Daily Sleep Update/HealthAutoExport-2026-04-23.json: Resource deadlock avoided
cat: /Users/tinayu/Library/Mobile Documents/iCloud~com~ifunography~HealthExport/Documents/Daily Sleep Update/HealthAutoExport-2026-04-24.json: Resource deadlock avoided
cat: /Users/tinayu/Library/Mobile Documents/iCloud~com~ifunography~HealthExport/Documents/Daily Sleep Update/HealthAutoExport-2026-04-25.json: Resource deadlock avoided
cat: /Users/tinayu/Library/Mobile Documents/iCloud~com~ifunography~HealthExport/Documents/Daily Sleep Update/HealthAutoExport-2026-04-26.json: Resource deadlock avoided
cat: /Users/tinayu/Library/Mobile Documents/iCloud~com~ifunography~HealthExport/Documents/Daily Sleep Update/HealthAutoExport-2026-04-27.json: Resource deadlock avoided
cat: /Users/tinayu/Library/Mobile Documents/iCloud~com~ifunography~HealthExport/Documents/Daily Sleep Update/HealthAutoExport-2026-04-28.json: Resource deadlock avoided
cat: /Users/tinayu/Library/Mobile Documents/iCloud~com~ifunography~HealthExport/Documents/Daily Sleep Update/HealthAutoExport-2026-04-29.json: Resource deadlock avoided
cat: /Users/tinayu/Library/Mobile Documents/iCloud~com~ifunography~HealthExport/Documents/Daily Sleep Update/HealthAutoExport-2026-04-30.json: Resource deadlock avoided
cat: /Users/tinayu/Library/Mobile Documents/iCloud~com~ifunography~HealthExport/Documents/Daily Sleep Update/HealthAutoExport-2026-05-01.json: Resource deadlock avoided
cat: /Users/tinayu/Library/Mobile Documents/iCloud~com~ifunography~HealthExport/Documents/Daily Sleep Update/HealthAutoExport-2026-05-02.json: Resource deadlock avoided
cat: /Users/tinayu/Library/Mobile Documents/iCloud~com~ifunography~HealthExport/Documents/Daily Sleep Update/HealthAutoExport-2026-05-03.json: Resource deadlock avoided
cat: /Users/tinayu/Library/Mobile Documents/iCloud~com~ifunography~HealthExport/Documents/Daily Sleep Update/HealthAutoExport-2026-05-04.json: Resource deadlock avoided
cat: /Users/tinayu/Library/Mobile Documents/iCloud~com~ifunography~HealthExport/Documents/Daily Sleep Update/HealthAutoExport-2026-05-05.json: Resource deadlock avoided
cat: /Users/tinayu/Library/Mobile Documents/iCloud~com~ifunography~HealthExport/Documents/Daily Sleep Update/HealthAutoExport-2026-05-06.json: Resource deadlock avoided
cat: /Users/tinayu/Library/Mobile Documents/iCloud~com~ifunography~HealthExport/Documents/Daily Sleep Update/HealthAutoExport-2026-01-02.json: Resource deadlock avoided
cat: /Users/tinayu/Library/Mobile Documents/iCloud~com~ifunography~HealthExport/Documents/Daily Sleep Update/HealthAutoExport-2026-01-05.json: Resource deadlock avoided
cat: /Users/tinayu/Library/Mobile Documents/iCloud~com~ifunography~HealthExport/Documents/Daily Sleep Update/HealthAutoExport-2026-01-06.json: Resource deadlock avoided
cat: /Users/tinayu/Library/Mobile Documents/iCloud~com~ifunography~HealthExport/Documents/Daily Sleep Update/HealthAutoExport-2026-01-07.json: Resource deadlock avoided
cat: /Users/tinayu/Library/Mobile Documents/iCloud~com~ifunography~HealthExport/Documents/Daily Sleep Update/HealthAutoExport-2026-01-08.json: Resource deadlock avoided
cat: /Users/tinayu/Library/Mobile Documents/iCloud~com~ifunography~HealthExport/Documents/Daily Sleep Update/HealthAutoExport-2026-01-09.json: Resource deadlock avoided
cat: /Users/tinayu/Library/Mobile Documents/iCloud~com~ifunography~HealthExport/Documents/Daily Sleep Update/HealthAutoExport-2026-01-12.json: Resource deadlock avoided
cat: /Users/tinayu/Library/Mobile Documents/iCloud~com~ifunography~HealthExport/Documents/Daily Sleep Update/HealthAutoExport-2026-01-13.json: Resource deadlock avoided
cat: /Users/tinayu/Library/Mobile Documents/iCloud~com~ifunography~HealthExport/Documents/Daily Sleep Update/HealthAutoExport-2026-01-14.json: Resource deadlock avoided
cat: /Users/tinayu/Library/Mobile Documents/iCloud~com~ifunography~HealthExport/Documents/Daily Sleep Update/HealthAutoExport-2026-01-16.json: Resource deadlock avoided
cat: /Users/tinayu/Library/Mobile Documents/iCloud~com~ifunography~HealthExport/Documents/Daily Sleep Update/HealthAutoExport-2026-01-19.json: Resource deadlock avoided
cat: /Users/tinayu/Library/Mobile Documents/iCloud~com~ifunography~HealthExport/Documents/Daily Sleep Update/HealthAutoExport-2026-01-20.json: Resource deadlock avoided
cat: /Users/tinayu/Library/Mobile Documents/iCloud~com~ifunography~HealthExport/Documents/Daily Sleep Update/HealthAutoExport-2026-01-21.json: Resource deadlock avoided
cat: /Users/tinayu/Library/Mobile Documents/iCloud~com~ifunography~HealthExport/Documents/Daily Sleep Update/HealthAutoExport-2026-01-22.json: Resource deadlock avoided
cat: /Users/tinayu/Library/Mobile Documents/iCloud~com~ifunography~HealthExport/Documents/Daily Sleep Update/HealthAutoExport-2026-01-23.json: Resource deadlock avoided
cat: /Users/tinayu/Library/Mobile Documents/iCloud~com~ifunography~HealthExport/Documents/Daily Sleep Update/HealthAutoExport-2026-01-26.json: Resource deadlock avoided
cat: /Users/tinayu/Library/Mobile Documents/iCloud~com~ifunography~HealthExport/Documents/Daily Sleep Update/HealthAutoExport-2026-01-27.json: Resource deadlock avoided
cat: /Users/tinayu/Library/Mobile Documents/iCloud~com~ifunography~HealthExport/Documents/Daily Sleep Update/HealthAutoExport-2026-01-28.json: Resource deadlock avoided
cat: /Users/tinayu/Library/Mobile Documents/iCloud~com~ifunography~HealthExport/Documents/Daily Sleep Update/HealthAutoExport-2026-01-29.json: Resource deadlock avoided
cat: /Users/tinayu/Library/Mobile Documents/iCloud~com~ifunography~HealthExport/Documents/Daily Sleep Update/HealthAutoExport-2026-01-30.json: Resource deadlock avoided
cat: /Users/tinayu/Library/Mobile Documents/iCloud~com~ifunography~HealthExport/Documents/Daily Sleep Update/HealthAutoExport-2026-02-02.json: Resource deadlock avoided
cat: /Users/tinayu/Library/Mobile Documents/iCloud~com~ifunography~HealthExport/Documents/Daily Sleep Update/HealthAutoExport-2026-02-03.json: Resource deadlock avoided
cat: /Users/tinayu/Library/Mobile Documents/iCloud~com~ifunography~HealthExport/Documents/Daily Sleep Update/HealthAutoExport-2026-02-04.json: Resource deadlock avoided
cat: /Users/tinayu/Library/Mobile Documents/iCloud~com~ifunography~HealthExport/Documents/Daily Sleep Update/HealthAutoExport-2026-02-05.json: Resource deadlock avoided
cat: /Users/tinayu/Library/Mobile Documents/iCloud~com~ifunography~HealthExport/Documents/Daily Sleep Update/HealthAutoExport-2026-02-06.json: Resource deadlock avoided
cat: /Users/tinayu/Library/Mobile Documents/iCloud~com~ifunography~HealthExport/Documents/Daily Sleep Update/HealthAutoExport-2026-02-07.json: Resource deadlock avoided
cat: /Users/tinayu/Library/Mobile Documents/iCloud~com~ifunography~HealthExport/Documents/Daily Sleep Update/HealthAutoExport-2026-02-08.json: Resource deadlock avoided
cat: /Users/tinayu/Library/Mobile Documents/iCloud~com~ifunography~HealthExport/Documents/Daily Sleep Update/HealthAutoExport-2026-02-09.json: Resource deadlock avoided
cat: /Users/tinayu/Library/Mobile Documents/iCloud~com~ifunography~HealthExport/Documents/Daily Sleep Update/HealthAutoExport-2026-02-10.json: Resource deadlock avoided
cat: /Users/tinayu/Library/Mobile Documents/iCloud~com~ifunography~HealthExport/Documents/Daily Sleep Update/HealthAutoExport-2026-02-11.json: Resource deadlock avoided
cat: /Users/tinayu/Library/Mobile Documents/iCloud~com~ifunography~HealthExport/Documents/Daily Sleep Update/HealthAutoExport-2026-02-12.json: Resource deadlock avoided
cat: /Users/tinayu/Library/Mobile Documents/iCloud~com~ifunography~HealthExport/Documents/Daily Sleep Update/HealthAutoExport-2026-02-13.json: Resource deadlock avoided
cat: /Users/tinayu/Library/Mobile Documents/iCloud~com~ifunography~HealthExport/Documents/Daily Sleep Update/HealthAutoExport-2026-02-14.json: Resource deadlock avoided
cat: /Users/tinayu/Library/Mobile Documents/iCloud~com~ifunography~HealthExport/Documents/Daily Sleep Update/HealthAutoExport-2026-02-15.json: Resource deadlock avoided
cat: /Users/tinayu/Library/Mobile Documents/iCloud~com~ifunography~HealthExport/Documents/Daily Sleep Update/HealthAutoExport-2026-02-16.json: Resource deadlock avoided
cat: /Users/tinayu/Library/Mobile Documents/iCloud~com~ifunography~HealthExport/Documents/Daily Sleep Update/HealthAutoExport-2026-02-17.json: Resource deadlock avoided
cat: /Users/tinayu/Library/Mobile Documents/iCloud~com~ifunography~HealthExport/Documents/Daily Sleep Update/HealthAutoExport-2026-02-18.json: Resource deadlock avoided
cat: /Users/tinayu/Library/Mobile Documents/iCloud~com~ifunography~HealthExport/Documents/Daily Sleep Update/HealthAutoExport-2026-02-19.json: Resource deadlock avoided
cat: /Users/tinayu/Library/Mobile Documents/iCloud~com~ifunography~HealthExport/Documents/Daily Sleep Update/HealthAutoExport-2026-02-20.json: Resource deadlock avoided
cat: /Users/tinayu/Library/Mobile Documents/iCloud~com~ifunography~HealthExport/Documents/Daily Sleep Update/HealthAutoExport-2026-02-21.json: Resource deadlock avoided
cat: /Users/tinayu/Library/Mobile Documents/iCloud~com~ifunography~HealthExport/Documents/Daily Sleep Update/HealthAutoExport-2026-02-22.json: Resource deadlock avoided
cat: /Users/tinayu/Library/Mobile Documents/iCloud~com~ifunography~HealthExport/Documents/Daily Sleep Update/HealthAutoExport-2026-02-23.json: Resource deadlock avoided
cat: /Users/tinayu/Library/Mobile Documents/iCloud~com~ifunography~HealthExport/Documents/Daily Sleep Update/HealthAutoExport-2026-02-24.json: Resource deadlock avoided
cat: /Users/tinayu/Library/Mobile Documents/iCloud~com~ifunography~HealthExport/Documents/Daily Sleep Update/HealthAutoExport-2026-02-25.json: Resource deadlock avoided
cat: /Users/tinayu/Library/Mobile Documents/iCloud~com~ifunography~HealthExport/Documents/Daily Sleep Update/HealthAutoExport-2026-02-26.json: Resource deadlock avoided
cat: /Users/tinayu/Library/Mobile Documents/iCloud~com~ifunography~HealthExport/Documents/Daily Sleep Update/HealthAutoExport-2026-02-27.json: Resource deadlock avoided
cat: /Users/tinayu/Library/Mobile Documents/iCloud~com~ifunography~HealthExport/Documents/Daily Sleep Update/HealthAutoExport-2026-02-28.json: Resource deadlock avoided
cat: /Users/tinayu/Library/Mobile Documents/iCloud~com~ifunography~HealthExport/Documents/Daily Sleep Update/HealthAutoExport-2026-03-01.json: Resource deadlock avoided
cat: /Users/tinayu/Library/Mobile Documents/iCloud~com~ifunography~HealthExport/Documents/Daily Sleep Update/HealthAutoExport-2026-03-02.json: Resource deadlock avoided
cat: /Users/tinayu/Library/Mobile Documents/iCloud~com~ifunography~HealthExport/Documents/Daily Sleep Update/HealthAutoExport-2026-03-03.json: Resource deadlock avoided
cat: /Users/tinayu/Library/Mobile Documents/iCloud~com~ifunography~HealthExport/Documents/Daily Sleep Update/HealthAutoExport-2026-03-04.json: Resource deadlock avoided
cat: /Users/tinayu/Library/Mobile Documents/iCloud~com~ifunography~HealthExport/Documents/Daily Sleep Update/HealthAutoExport-2026-03-05.json: Resource deadlock avoided
cat: /Users/tinayu/Library/Mobile Documents/iCloud~com~ifunography~HealthExport/Documents/Daily Sleep Update/HealthAutoExport-2026-03-06.json: Resource deadlock avoided
cat: /Users/tinayu/Library/Mobile Documents/iCloud~com~ifunography~HealthExport/Documents/Daily Sleep Update/HealthAutoExport-2026-03-07.json: Resource deadlock avoided
cat: /Users/tinayu/Library/Mobile Documents/iCloud~com~ifunography~HealthExport/Documents/Daily Sleep Update/HealthAutoExport-2026-03-08.json: Resource deadlock avoided
cat: /Users/tinayu/Library/Mobile Documents/iCloud~com~ifunography~HealthExport/Documents/Daily Sleep Update/HealthAutoExport-2026-03-09.json: Resource deadlock avoided
cat: /Users/tinayu/Library/Mobile Documents/iCloud~com~ifunography~HealthExport/Documents/Daily Sleep Update/HealthAutoExport-2026-03-10.json: Resource deadlock avoided
cat: /Users/tinayu/Library/Mobile Documents/iCloud~com~ifunography~HealthExport/Documents/Daily Sleep Update/HealthAutoExport-2026-03-11.json: Resource deadlock avoided
cat: /Users/tinayu/Library/Mobile Documents/iCloud~com~ifunography~HealthExport/Documents/Daily Sleep Update/HealthAutoExport-2026-03-12.json: Resource deadlock avoided
cat: /Users/tinayu/Library/Mobile Documents/iCloud~com~ifunography~HealthExport/Documents/Daily Sleep Update/HealthAutoExport-2026-03-13.json: Resource deadlock avoided
cat: /Users/tinayu/Library/Mobile Documents/iCloud~com~ifunography~HealthExport/Documents/Daily Sleep Update/HealthAutoExport-2026-03-14.json: Resource deadlock avoided
cat: /Users/tinayu/Library/Mobile Documents/iCloud~com~ifunography~HealthExport/Documents/Daily Sleep Update/HealthAutoExport-2026-03-15.json: Resource deadlock avoided
cat: /Users/tinayu/Library/Mobile Documents/iCloud~com~ifunography~HealthExport/Documents/Daily Sleep Update/HealthAutoExport-2026-03-16.json: Resource deadlock avoided
cat: /Users/tinayu/Library/Mobile Documents/iCloud~com~ifunography~HealthExport/Documents/Daily Sleep Update/HealthAutoExport-2026-03-17.json: Resource deadlock avoided
cat: /Users/tinayu/Library/Mobile Documents/iCloud~com~ifunography~HealthExport/Documents/Daily Sleep Update/HealthAutoExport-2026-03-18.json: Resource deadlock avoided
cat: /Users/tinayu/Library/Mobile Documents/iCloud~com~ifunography~HealthExport/Documents/Daily Sleep Update/HealthAutoExport-2026-03-19.json: Resource deadlock avoided
cat: /Users/tinayu/Library/Mobile Documents/iCloud~com~ifunography~HealthExport/Documents/Daily Sleep Update/HealthAutoExport-2026-03-20.json: Resource deadlock avoided
cat: /Users/tinayu/Library/Mobile Documents/iCloud~com~ifunography~HealthExport/Documents/Daily Sleep Update/HealthAutoExport-2026-03-21.json: Resource deadlock avoided
cat: /Users/tinayu/Library/Mobile Documents/iCloud~com~ifunography~HealthExport/Documents/Daily Sleep Update/HealthAutoExport-2026-03-22.json: Resource deadlock avoided
cat: /Users/tinayu/Library/Mobile Documents/iCloud~com~ifunography~HealthExport/Documents/Daily Sleep Update/HealthAutoExport-2026-03-23.json: Resource deadlock avoided
cat: /Users/tinayu/Library/Mobile Documents/iCloud~com~ifunography~HealthExport/Documents/Daily Sleep Update/HealthAutoExport-2026-03-24.json: Resource deadlock avoided
cat: /Users/tinayu/Library/Mobile Documents/iCloud~com~ifunography~HealthExport/Documents/Daily Sleep Update/HealthAutoExport-2026-03-25.json: Resource deadlock avoided
cat: /Users/tinayu/Library/Mobile Documents/iCloud~com~ifunography~HealthExport/Documents/Daily Sleep Update/HealthAutoExport-2026-03-26.json: Resource deadlock avoided
cat: /Users/tinayu/Library/Mobile Documents/iCloud~com~ifunography~HealthExport/Documents/Daily Sleep Update/HealthAutoExport-2026-03-27.json: Resource deadlock avoided
cat: /Users/tinayu/Library/Mobile Documents/iCloud~com~ifunography~HealthExport/Documents/Daily Sleep Update/HealthAutoExport-2026-03-28.json: Resource deadlock avoided
cat: /Users/tinayu/Library/Mobile Documents/iCloud~com~ifunography~HealthExport/Documents/Daily Sleep Update/HealthAutoExport-2026-03-29.json: Resource deadlock avoided
cat: /Users/tinayu/Library/Mobile Documents/iCloud~com~ifunography~HealthExport/Documents/Daily Sleep Update/HealthAutoExport-2026-03-30.json: Resource deadlock avoided
cat: /Users/tinayu/Library/Mobile Documents/iCloud~com~ifunography~HealthExport/Documents/Daily Sleep Update/HealthAutoExport-2026-03-31.json: Resource deadlock avoided
cat: /Users/tinayu/Library/Mobile Documents/iCloud~com~ifunography~HealthExport/Documents/Daily Sleep Update/HealthAutoExport-2026-04-01.json: Resource deadlock avoided
cat: /Users/tinayu/Library/Mobile Documents/iCloud~com~ifunography~HealthExport/Documents/Daily Sleep Update/HealthAutoExport-2026-04-02.json: Resource deadlock avoided
cat: /Users/tinayu/Library/Mobile Documents/iCloud~com~ifunography~HealthExport/Documents/Daily Sleep Update/HealthAutoExport-2026-04-03.json: Resource deadlock avoided
cat: /Users/tinayu/Library/Mobile Documents/iCloud~com~ifunography~HealthExport/Documents/Daily Sleep Update/HealthAutoExport-2026-04-04.json: Resource deadlock avoided
cat: /Users/tinayu/Library/Mobile Documents/iCloud~com~ifunography~HealthExport/Documents/Daily Sleep Update/HealthAutoExport-2026-04-05.json: Resource deadlock avoided
cat: /Users/tinayu/Library/Mobile Documents/iCloud~com~ifunography~HealthExport/Documents/Daily Sleep Update/HealthAutoExport-2026-04-06.json: Resource deadlock avoided
cat: /Users/tinayu/Library/Mobile Documents/iCloud~com~ifunography~HealthExport/Documents/Daily Sleep Update/HealthAutoExport-2026-04-07.json: Resource deadlock avoided
cat: /Users/tinayu/Library/Mobile Documents/iCloud~com~ifunography~HealthExport/Documents/Daily Sleep Update/HealthAutoExport-2026-04-08.json: Resource deadlock avoided
cat: /Users/tinayu/Library/Mobile Documents/iCloud~com~ifunography~HealthExport/Documents/Daily Sleep Update/HealthAutoExport-2026-04-09.json: Resource deadlock avoided
cat: /Users/tinayu/Library/Mobile Documents/iCloud~com~ifunography~HealthExport/Documents/Daily Sleep Update/HealthAutoExport-2026-04-10.json: Resource deadlock avoided
cat: /Users/tinayu/Library/Mobile Documents/iCloud~com~ifunography~HealthExport/Documents/Daily Sleep Update/HealthAutoExport-2026-04-12.json: Resource deadlock avoided
cat: /Users/tinayu/Library/Mobile Documents/iCloud~com~ifunography~HealthExport/Documents/Daily Sleep Update/HealthAutoExport-2026-04-13.json: Resource deadlock avoided
cat: /Users/tinayu/Library/Mobile Documents/iCloud~com~ifunography~HealthExport/Documents/Daily Sleep Update/HealthAutoExport-2026-04-14.json: Resource deadlock avoided
cat: /Users/tinayu/Library/Mobile Documents/iCloud~com~ifunography~HealthExport/Documents/Daily Sleep Update/HealthAutoExport-2026-04-15.json: Resource deadlock avoided
cat: /Users/tinayu/Library/Mobile Documents/iCloud~com~ifunography~HealthExport/Documents/Daily Sleep Update/HealthAutoExport-2026-04-16.json: Resource deadlock avoided
cat: /Users/tinayu/Library/Mobile Documents/iCloud~com~ifunography~HealthExport/Documents/Daily Sleep Update/HealthAutoExport-2026-04-17.json: Resource deadlock avoided
cat: /Users/tinayu/Library/Mobile Documents/iCloud~com~ifunography~HealthExport/Documents/Daily Sleep Update/HealthAutoExport-2026-04-18.json: Resource deadlock avoided
cat: /Users/tinayu/Library/Mobile Documents/iCloud~com~ifunography~HealthExport/Documents/Daily Sleep Update/HealthAutoExport-2026-04-19.json: Resource deadlock avoided
cat: /Users/tinayu/Library/Mobile Documents/iCloud~com~ifunography~HealthExport/Documents/Daily Sleep Update/HealthAutoExport-2026-04-20.json: Resource deadlock avoided
cat: /Users/tinayu/Library/Mobile Documents/iCloud~com~ifunography~HealthExport/Documents/Daily Sleep Update/HealthAutoExport-2026-04-21.json: Resource deadlock avoided
cat: /Users/tinayu/Library/Mobile Documents/iCloud~com~ifunography~HealthExport/Documents/Daily Sleep Update/HealthAutoExport-2026-04-22.json: Resource deadlock avoided
cat: /Users/tinayu/Library/Mobile Documents/iCloud~com~ifunography~HealthExport/Documents/Daily Sleep Update/HealthAutoExport-2026-04-23.json: Resource deadlock avoided
cat: /Users/tinayu/Library/Mobile Documents/iCloud~com~ifunography~HealthExport/Documents/Daily Sleep Update/HealthAutoExport-2026-04-24.json: Resource deadlock avoided
cat: /Users/tinayu/Library/Mobile Documents/iCloud~com~ifunography~HealthExport/Documents/Daily Sleep Update/HealthAutoExport-2026-04-25.json: Resource deadlock avoided
cat: /Users/tinayu/Library/Mobile Documents/iCloud~com~ifunography~HealthExport/Documents/Daily Sleep Update/HealthAutoExport-2026-04-26.json: Resource deadlock avoided
cat: /Users/tinayu/Library/Mobile Documents/iCloud~com~ifunography~HealthExport/Documents/Daily Sleep Update/HealthAutoExport-2026-04-27.json: Resource deadlock avoided
cat: /Users/tinayu/Library/Mobile Documents/iCloud~com~ifunography~HealthExport/Documents/Daily Sleep Update/HealthAutoExport-2026-04-28.json: Resource deadlock avoided
cat: /Users/tinayu/Library/Mobile Documents/iCloud~com~ifunography~HealthExport/Documents/Daily Sleep Update/HealthAutoExport-2026-04-29.json: Resource deadlock avoided
cat: /Users/tinayu/Library/Mobile Documents/iCloud~com~ifunography~HealthExport/Documents/Daily Sleep Update/HealthAutoExport-2026-04-30.json: Resource deadlock avoided
cat: /Users/tinayu/Library/Mobile Documents/iCloud~com~ifunography~HealthExport/Documents/Daily Sleep Update/HealthAutoExport-2026-05-01.json: Resource deadlock avoided
cat: /Users/tinayu/Library/Mobile Documents/iCloud~com~ifunography~HealthExport/Documents/Daily Sleep Update/HealthAutoExport-2026-05-02.json: Resource deadlock avoided
cat: /Users/tinayu/Library/Mobile Documents/iCloud~com~ifunography~HealthExport/Documents/Daily Sleep Update/HealthAutoExport-2026-05-03.json: Resource deadlock avoided
cat: /Users/tinayu/Library/Mobile Documents/iCloud~com~ifunography~HealthExport/Documents/Daily Sleep Update/HealthAutoExport-2026-05-04.json: Resource deadlock avoided
cat: /Users/tinayu/Library/Mobile Documents/iCloud~com~ifunography~HealthExport/Documents/Daily Sleep Update/HealthAutoExport-2026-05-05.json: Resource deadlock avoided
cat: /Users/tinayu/Library/Mobile Documents/iCloud~com~ifunography~HealthExport/Documents/Daily Sleep Update/HealthAutoExport-2026-05-06.json: Resource deadlock avoided
cat: /Users/tinayu/Library/Mobile Documents/iCloud~com~ifunography~HealthExport/Documents/Daily Sleep Update/HealthAutoExport-2026-01-02.json: Resource deadlock avoided
cat: /Users/tinayu/Library/Mobile Documents/iCloud~com~ifunography~HealthExport/Documents/Daily Sleep Update/HealthAutoExport-2026-01-05.json: Resource deadlock avoided
cat: /Users/tinayu/Library/Mobile Documents/iCloud~com~ifunography~HealthExport/Documents/Daily Sleep Update/HealthAutoExport-2026-01-06.json: Resource deadlock avoided
cat: /Users/tinayu/Library/Mobile Documents/iCloud~com~ifunography~HealthExport/Documents/Daily Sleep Update/HealthAutoExport-2026-01-07.json: Resource deadlock avoided
cat: /Users/tinayu/Library/Mobile Documents/iCloud~com~ifunography~HealthExport/Documents/Daily Sleep Update/HealthAutoExport-2026-01-08.json: Resource deadlock avoided
cat: /Users/tinayu/Library/Mobile Documents/iCloud~com~ifunography~HealthExport/Documents/Daily Sleep Update/HealthAutoExport-2026-01-09.json: Resource deadlock avoided
cat: /Users/tinayu/Library/Mobile Documents/iCloud~com~ifunography~HealthExport/Documents/Daily Sleep Update/HealthAutoExport-2026-01-12.json: Resource deadlock avoided
cat: /Users/tinayu/Library/Mobile Documents/iCloud~com~ifunography~HealthExport/Documents/Daily Sleep Update/HealthAutoExport-2026-01-13.json: Resource deadlock avoided
cat: /Users/tinayu/Library/Mobile Documents/iCloud~com~ifunography~HealthExport/Documents/Daily Sleep Update/HealthAutoExport-2026-01-14.json: Resource deadlock avoided
cat: /Users/tinayu/Library/Mobile Documents/iCloud~com~ifunography~HealthExport/Documents/Daily Sleep Update/HealthAutoExport-2026-01-16.json: Resource deadlock avoided
cat: /Users/tinayu/Library/Mobile Documents/iCloud~com~ifunography~HealthExport/Documents/Daily Sleep Update/HealthAutoExport-2026-01-19.json: Resource deadlock avoided
cat: /Users/tinayu/Library/Mobile Documents/iCloud~com~ifunography~HealthExport/Documents/Daily Sleep Update/HealthAutoExport-2026-01-20.json: Resource deadlock avoided
cat: /Users/tinayu/Library/Mobile Documents/iCloud~com~ifunography~HealthExport/Documents/Daily Sleep Update/HealthAutoExport-2026-01-21.json: Resource deadlock avoided
cat: /Users/tinayu/Library/Mobile Documents/iCloud~com~ifunography~HealthExport/Documents/Daily Sleep Update/HealthAutoExport-2026-01-22.json: Resource deadlock avoided
cat: /Users/tinayu/Library/Mobile Documents/iCloud~com~ifunography~HealthExport/Documents/Daily Sleep Update/HealthAutoExport-2026-01-23.json: Resource deadlock avoided
cat: /Users/tinayu/Library/Mobile Documents/iCloud~com~ifunography~HealthExport/Documents/Daily Sleep Update/HealthAutoExport-2026-01-26.json: Resource deadlock avoided
cat: /Users/tinayu/Library/Mobile Documents/iCloud~com~ifunography~HealthExport/Documents/Daily Sleep Update/HealthAutoExport-2026-01-27.json: Resource deadlock avoided
cat: /Users/tinayu/Library/Mobile Documents/iCloud~com~ifunography~HealthExport/Documents/Daily Sleep Update/HealthAutoExport-2026-01-28.json: Resource deadlock avoided
cat: /Users/tinayu/Library/Mobile Documents/iCloud~com~ifunography~HealthExport/Documents/Daily Sleep Update/HealthAutoExport-2026-01-29.json: Resource deadlock avoided
cat: /Users/tinayu/Library/Mobile Documents/iCloud~com~ifunography~HealthExport/Documents/Daily Sleep Update/HealthAutoExport-2026-01-30.json: Resource deadlock avoided
cat: /Users/tinayu/Library/Mobile Documents/iCloud~com~ifunography~HealthExport/Documents/Daily Sleep Update/HealthAutoExport-2026-02-02.json: Resource deadlock avoided
cat: /Users/tinayu/Library/Mobile Documents/iCloud~com~ifunography~HealthExport/Documents/Daily Sleep Update/HealthAutoExport-2026-02-03.json: Resource deadlock avoided
cat: /Users/tinayu/Library/Mobile Documents/iCloud~com~ifunography~HealthExport/Documents/Daily Sleep Update/HealthAutoExport-2026-02-04.json: Resource deadlock avoided
cat: /Users/tinayu/Library/Mobile Documents/iCloud~com~ifunography~HealthExport/Documents/Daily Sleep Update/HealthAutoExport-2026-02-05.json: Resource deadlock avoided
cat: /Users/tinayu/Library/Mobile Documents/iCloud~com~ifunography~HealthExport/Documents/Daily Sleep Update/HealthAutoExport-2026-02-06.json: Resource deadlock avoided
cat: /Users/tinayu/Library/Mobile Documents/iCloud~com~ifunography~HealthExport/Documents/Daily Sleep Update/HealthAutoExport-2026-02-07.json: Resource deadlock avoided
cat: /Users/tinayu/Library/Mobile Documents/iCloud~com~ifunography~HealthExport/Documents/Daily Sleep Update/HealthAutoExport-2026-02-08.json: Resource deadlock avoided
cat: /Users/tinayu/Library/Mobile Documents/iCloud~com~ifunography~HealthExport/Documents/Daily Sleep Update/HealthAutoExport-2026-02-09.json: Resource deadlock avoided
cat: /Users/tinayu/Library/Mobile Documents/iCloud~com~ifunography~HealthExport/Documents/Daily Sleep Update/HealthAutoExport-2026-02-10.json: Resource deadlock avoided
cat: /Users/tinayu/Library/Mobile Documents/iCloud~com~ifunography~HealthExport/Documents/Daily Sleep Update/HealthAutoExport-2026-02-11.json: Resource deadlock avoided
cat: /Users/tinayu/Library/Mobile Documents/iCloud~com~ifunography~HealthExport/Documents/Daily Sleep Update/HealthAutoExport-2026-02-12.json: Resource deadlock avoided
cat: /Users/tinayu/Library/Mobile Documents/iCloud~com~ifunography~HealthExport/Documents/Daily Sleep Update/HealthAutoExport-2026-02-13.json: Resource deadlock avoided
cat: /Users/tinayu/Library/Mobile Documents/iCloud~com~ifunography~HealthExport/Documents/Daily Sleep Update/HealthAutoExport-2026-02-14.json: Resource deadlock avoided
cat: /Users/tinayu/Library/Mobile Documents/iCloud~com~ifunography~HealthExport/Documents/Daily Sleep Update/HealthAutoExport-2026-02-15.json: Resource deadlock avoided
cat: /Users/tinayu/Library/Mobile Documents/iCloud~com~ifunography~HealthExport/Documents/Daily Sleep Update/HealthAutoExport-2026-02-16.json: Resource deadlock avoided
cat: /Users/tinayu/Library/Mobile Documents/iCloud~com~ifunography~HealthExport/Documents/Daily Sleep Update/HealthAutoExport-2026-02-17.json: Resource deadlock avoided
cat: /Users/tinayu/Library/Mobile Documents/iCloud~com~ifunography~HealthExport/Documents/Daily Sleep Update/HealthAutoExport-2026-02-18.json: Resource deadlock avoided
cat: /Users/tinayu/Library/Mobile Documents/iCloud~com~ifunography~HealthExport/Documents/Daily Sleep Update/HealthAutoExport-2026-02-19.json: Resource deadlock avoided
cat: /Users/tinayu/Library/Mobile Documents/iCloud~com~ifunography~HealthExport/Documents/Daily Sleep Update/HealthAutoExport-2026-02-20.json: Resource deadlock avoided
cat: /Users/tinayu/Library/Mobile Documents/iCloud~com~ifunography~HealthExport/Documents/Daily Sleep Update/HealthAutoExport-2026-02-21.json: Resource deadlock avoided
cat: /Users/tinayu/Library/Mobile Documents/iCloud~com~ifunography~HealthExport/Documents/Daily Sleep Update/HealthAutoExport-2026-02-22.json: Resource deadlock avoided
cat: /Users/tinayu/Library/Mobile Documents/iCloud~com~ifunography~HealthExport/Documents/Daily Sleep Update/HealthAutoExport-2026-02-23.json: Resource deadlock avoided
cat: /Users/tinayu/Library/Mobile Documents/iCloud~com~ifunography~HealthExport/Documents/Daily Sleep Update/HealthAutoExport-2026-02-24.json: Resource deadlock avoided
cat: /Users/tinayu/Library/Mobile Documents/iCloud~com~ifunography~HealthExport/Documents/Daily Sleep Update/HealthAutoExport-2026-02-25.json: Resource deadlock avoided
cat: /Users/tinayu/Library/Mobile Documents/iCloud~com~ifunography~HealthExport/Documents/Daily Sleep Update/HealthAutoExport-2026-02-26.json: Resource deadlock avoided
cat: /Users/tinayu/Library/Mobile Documents/iCloud~com~ifunography~HealthExport/Documents/Daily Sleep Update/HealthAutoExport-2026-02-27.json: Resource deadlock avoided
cat: /Users/tinayu/Library/Mobile Documents/iCloud~com~ifunography~HealthExport/Documents/Daily Sleep Update/HealthAutoExport-2026-02-28.json: Resource deadlock avoided
cat: /Users/tinayu/Library/Mobile Documents/iCloud~com~ifunography~HealthExport/Documents/Daily Sleep Update/HealthAutoExport-2026-03-01.json: Resource deadlock avoided
cat: /Users/tinayu/Library/Mobile Documents/iCloud~com~ifunography~HealthExport/Documents/Daily Sleep Update/HealthAutoExport-2026-03-02.json: Resource deadlock avoided
cat: /Users/tinayu/Library/Mobile Documents/iCloud~com~ifunography~HealthExport/Documents/Daily Sleep Update/HealthAutoExport-2026-03-03.json: Resource deadlock avoided
cat: /Users/tinayu/Library/Mobile Documents/iCloud~com~ifunography~HealthExport/Documents/Daily Sleep Update/HealthAutoExport-2026-03-04.json: Resource deadlock avoided
cat: /Users/tinayu/Library/Mobile Documents/iCloud~com~ifunography~HealthExport/Documents/Daily Sleep Update/HealthAutoExport-2026-03-05.json: Resource deadlock avoided
cat: /Users/tinayu/Library/Mobile Documents/iCloud~com~ifunography~HealthExport/Documents/Daily Sleep Update/HealthAutoExport-2026-03-06.json: Resource deadlock avoided
cat: /Users/tinayu/Library/Mobile Documents/iCloud~com~ifunography~HealthExport/Documents/Daily Sleep Update/HealthAutoExport-2026-03-07.json: Resource deadlock avoided
cat: /Users/tinayu/Library/Mobile Documents/iCloud~com~ifunography~HealthExport/Documents/Daily Sleep Update/HealthAutoExport-2026-03-08.json: Resource deadlock avoided
cat: /Users/tinayu/Library/Mobile Documents/iCloud~com~ifunography~HealthExport/Documents/Daily Sleep Update/HealthAutoExport-2026-03-09.json: Resource deadlock avoided
cat: /Users/tinayu/Library/Mobile Documents/iCloud~com~ifunography~HealthExport/Documents/Daily Sleep Update/HealthAutoExport-2026-03-10.json: Resource deadlock avoided
cat: /Users/tinayu/Library/Mobile Documents/iCloud~com~ifunography~HealthExport/Documents/Daily Sleep Update/HealthAutoExport-2026-03-11.json: Resource deadlock avoided
cat: /Users/tinayu/Library/Mobile Documents/iCloud~com~ifunography~HealthExport/Documents/Daily Sleep Update/HealthAutoExport-2026-03-12.json: Resource deadlock avoided
cat: /Users/tinayu/Library/Mobile Documents/iCloud~com~ifunography~HealthExport/Documents/Daily Sleep Update/HealthAutoExport-2026-03-13.json: Resource deadlock avoided
cat: /Users/tinayu/Library/Mobile Documents/iCloud~com~ifunography~HealthExport/Documents/Daily Sleep Update/HealthAutoExport-2026-03-14.json: Resource deadlock avoided
cat: /Users/tinayu/Library/Mobile Documents/iCloud~com~ifunography~HealthExport/Documents/Daily Sleep Update/HealthAutoExport-2026-03-15.json: Resource deadlock avoided
cat: /Users/tinayu/Library/Mobile Documents/iCloud~com~ifunography~HealthExport/Documents/Daily Sleep Update/HealthAutoExport-2026-03-16.json: Resource deadlock avoided
cat: /Users/tinayu/Library/Mobile Documents/iCloud~com~ifunography~HealthExport/Documents/Daily Sleep Update/HealthAutoExport-2026-03-17.json: Resource deadlock avoided
cat: /Users/tinayu/Library/Mobile Documents/iCloud~com~ifunography~HealthExport/Documents/Daily Sleep Update/HealthAutoExport-2026-03-18.json: Resource deadlock avoided
cat: /Users/tinayu/Library/Mobile Documents/iCloud~com~ifunography~HealthExport/Documents/Daily Sleep Update/HealthAutoExport-2026-03-19.json: Resource deadlock avoided
cat: /Users/tinayu/Library/Mobile Documents/iCloud~com~ifunography~HealthExport/Documents/Daily Sleep Update/HealthAutoExport-2026-03-20.json: Resource deadlock avoided
cat: /Users/tinayu/Library/Mobile Documents/iCloud~com~ifunography~HealthExport/Documents/Daily Sleep Update/HealthAutoExport-2026-03-21.json: Resource deadlock avoided
cat: /Users/tinayu/Library/Mobile Documents/iCloud~com~ifunography~HealthExport/Documents/Daily Sleep Update/HealthAutoExport-2026-03-22.json: Resource deadlock avoided
cat: /Users/tinayu/Library/Mobile Documents/iCloud~com~ifunography~HealthExport/Documents/Daily Sleep Update/HealthAutoExport-2026-03-23.json: Resource deadlock avoided
cat: /Users/tinayu/Library/Mobile Documents/iCloud~com~ifunography~HealthExport/Documents/Daily Sleep Update/HealthAutoExport-2026-03-24.json: Resource deadlock avoided
cat: /Users/tinayu/Library/Mobile Documents/iCloud~com~ifunography~HealthExport/Documents/Daily Sleep Update/HealthAutoExport-2026-03-25.json: Resource deadlock avoided
cat: /Users/tinayu/Library/Mobile Documents/iCloud~com~ifunography~HealthExport/Documents/Daily Sleep Update/HealthAutoExport-2026-03-26.json: Resource deadlock avoided
cat: /Users/tinayu/Library/Mobile Documents/iCloud~com~ifunography~HealthExport/Documents/Daily Sleep Update/HealthAutoExport-2026-03-27.json: Resource deadlock avoided
cat: /Users/tinayu/Library/Mobile Documents/iCloud~com~ifunography~HealthExport/Documents/Daily Sleep Update/HealthAutoExport-2026-03-28.json: Resource deadlock avoided
cat: /Users/tinayu/Library/Mobile Documents/iCloud~com~ifunography~HealthExport/Documents/Daily Sleep Update/HealthAutoExport-2026-03-29.json: Resource deadlock avoided
cat: /Users/tinayu/Library/Mobile Documents/iCloud~com~ifunography~HealthExport/Documents/Daily Sleep Update/HealthAutoExport-2026-03-30.json: Resource deadlock avoided
cat: /Users/tinayu/Library/Mobile Documents/iCloud~com~ifunography~HealthExport/Documents/Daily Sleep Update/HealthAutoExport-2026-03-31.json: Resource deadlock avoided
cat: /Users/tinayu/Library/Mobile Documents/iCloud~com~ifunography~HealthExport/Documents/Daily Sleep Update/HealthAutoExport-2026-04-01.json: Resource deadlock avoided
cat: /Users/tinayu/Library/Mobile Documents/iCloud~com~ifunography~HealthExport/Documents/Daily Sleep Update/HealthAutoExport-2026-04-02.json: Resource deadlock avoided
cat: /Users/tinayu/Library/Mobile Documents/iCloud~com~ifunography~HealthExport/Documents/Daily Sleep Update/HealthAutoExport-2026-04-03.json: Resource deadlock avoided
cat: /Users/tinayu/Library/Mobile Documents/iCloud~com~ifunography~HealthExport/Documents/Daily Sleep Update/HealthAutoExport-2026-04-04.json: Resource deadlock avoided
cat: /Users/tinayu/Library/Mobile Documents/iCloud~com~ifunography~HealthExport/Documents/Daily Sleep Update/HealthAutoExport-2026-04-05.json: Resource deadlock avoided
cat: /Users/tinayu/Library/Mobile Documents/iCloud~com~ifunography~HealthExport/Documents/Daily Sleep Update/HealthAutoExport-2026-04-06.json: Resource deadlock avoided
cat: /Users/tinayu/Library/Mobile Documents/iCloud~com~ifunography~HealthExport/Documents/Daily Sleep Update/HealthAutoExport-2026-04-07.json: Resource deadlock avoided
cat: /Users/tinayu/Library/Mobile Documents/iCloud~com~ifunography~HealthExport/Documents/Daily Sleep Update/HealthAutoExport-2026-04-08.json: Resource deadlock avoided
cat: /Users/tinayu/Library/Mobile Documents/iCloud~com~ifunography~HealthExport/Documents/Daily Sleep Update/HealthAutoExport-2026-04-09.json: Resource deadlock avoided
cat: /Users/tinayu/Library/Mobile Documents/iCloud~com~ifunography~HealthExport/Documents/Daily Sleep Update/HealthAutoExport-2026-04-10.json: Resource deadlock avoided
cat: /Users/tinayu/Library/Mobile Documents/iCloud~com~ifunography~HealthExport/Documents/Daily Sleep Update/HealthAutoExport-2026-04-12.json: Resource deadlock avoided
cat: /Users/tinayu/Library/Mobile Documents/iCloud~com~ifunography~HealthExport/Documents/Daily Sleep Update/HealthAutoExport-2026-04-13.json: Resource deadlock avoided
cat: /Users/tinayu/Library/Mobile Documents/iCloud~com~ifunography~HealthExport/Documents/Daily Sleep Update/HealthAutoExport-2026-04-14.json: Resource deadlock avoided
cat: /Users/tinayu/Library/Mobile Documents/iCloud~com~ifunography~HealthExport/Documents/Daily Sleep Update/HealthAutoExport-2026-04-15.json: Resource deadlock avoided
cat: /Users/tinayu/Library/Mobile Documents/iCloud~com~ifunography~HealthExport/Documents/Daily Sleep Update/HealthAutoExport-2026-04-16.json: Resource deadlock avoided
cat: /Users/tinayu/Library/Mobile Documents/iCloud~com~ifunography~HealthExport/Documents/Daily Sleep Update/HealthAutoExport-2026-04-17.json: Resource deadlock avoided
cat: /Users/tinayu/Library/Mobile Documents/iCloud~com~ifunography~HealthExport/Documents/Daily Sleep Update/HealthAutoExport-2026-04-18.json: Resource deadlock avoided
cat: /Users/tinayu/Library/Mobile Documents/iCloud~com~ifunography~HealthExport/Documents/Daily Sleep Update/HealthAutoExport-2026-04-19.json: Resource deadlock avoided
cat: /Users/tinayu/Library/Mobile Documents/iCloud~com~ifunography~HealthExport/Documents/Daily Sleep Update/HealthAutoExport-2026-04-20.json: Resource deadlock avoided
cat: /Users/tinayu/Library/Mobile Documents/iCloud~com~ifunography~HealthExport/Documents/Daily Sleep Update/HealthAutoExport-2026-04-21.json: Resource deadlock avoided
cat: /Users/tinayu/Library/Mobile Documents/iCloud~com~ifunography~HealthExport/Documents/Daily Sleep Update/HealthAutoExport-2026-04-22.json: Resource deadlock avoided
cat: /Users/tinayu/Library/Mobile Documents/iCloud~com~ifunography~HealthExport/Documents/Daily Sleep Update/HealthAutoExport-2026-04-23.json: Resource deadlock avoided
cat: /Users/tinayu/Library/Mobile Documents/iCloud~com~ifunography~HealthExport/Documents/Daily Sleep Update/HealthAutoExport-2026-04-24.json: Resource deadlock avoided
cat: /Users/tinayu/Library/Mobile Documents/iCloud~com~ifunography~HealthExport/Documents/Daily Sleep Update/HealthAutoExport-2026-04-25.json: Resource deadlock avoided
cat: /Users/tinayu/Library/Mobile Documents/iCloud~com~ifunography~HealthExport/Documents/Daily Sleep Update/HealthAutoExport-2026-04-26.json: Resource deadlock avoided
cat: /Users/tinayu/Library/Mobile Documents/iCloud~com~ifunography~HealthExport/Documents/Daily Sleep Update/HealthAutoExport-2026-04-27.json: Resource deadlock avoided
cat: /Users/tinayu/Library/Mobile Documents/iCloud~com~ifunography~HealthExport/Documents/Daily Sleep Update/HealthAutoExport-2026-04-28.json: Resource deadlock avoided
cat: /Users/tinayu/Library/Mobile Documents/iCloud~com~ifunography~HealthExport/Documents/Daily Sleep Update/HealthAutoExport-2026-04-29.json: Resource deadlock avoided
cat: /Users/tinayu/Library/Mobile Documents/iCloud~com~ifunography~HealthExport/Documents/Daily Sleep Update/HealthAutoExport-2026-04-30.json: Resource deadlock avoided
cat: /Users/tinayu/Library/Mobile Documents/iCloud~com~ifunography~HealthExport/Documents/Daily Sleep Update/HealthAutoExport-2026-05-01.json: Resource deadlock avoided
cat: /Users/tinayu/Library/Mobile Documents/iCloud~com~ifunography~HealthExport/Documents/Daily Sleep Update/HealthAutoExport-2026-05-02.json: Resource deadlock avoided
cat: /Users/tinayu/Library/Mobile Documents/iCloud~com~ifunography~HealthExport/Documents/Daily Sleep Update/HealthAutoExport-2026-05-03.json: Resource deadlock avoided
cat: /Users/tinayu/Library/Mobile Documents/iCloud~com~ifunography~HealthExport/Documents/Daily Sleep Update/HealthAutoExport-2026-05-04.json: Resource deadlock avoided
cat: /Users/tinayu/Library/Mobile Documents/iCloud~com~ifunography~HealthExport/Documents/Daily Sleep Update/HealthAutoExport-2026-05-05.json: Resource deadlock avoided
cat: /Users/tinayu/Library/Mobile Documents/iCloud~com~ifunography~HealthExport/Documents/Daily Sleep Update/HealthAutoExport-2026-05-06.json: Resource deadlock avoided
cat: /Users/tinayu/Library/Mobile Documents/iCloud~com~ifunography~HealthExport/Documents/Daily Sleep Update/HealthAutoExport-2026-01-02.json: Resource deadlock avoided
cat: /Users/tinayu/Library/Mobile Documents/iCloud~com~ifunography~HealthExport/Documents/Daily Sleep Update/HealthAutoExport-2026-01-05.json: Resource deadlock avoided
cat: /Users/tinayu/Library/Mobile Documents/iCloud~com~ifunography~HealthExport/Documents/Daily Sleep Update/HealthAutoExport-2026-01-06.json: Resource deadlock avoided
cat: /Users/tinayu/Library/Mobile Documents/iCloud~com~ifunography~HealthExport/Documents/Daily Sleep Update/HealthAutoExport-2026-01-07.json: Resource deadlock avoided
cat: /Users/tinayu/Library/Mobile Documents/iCloud~com~ifunography~HealthExport/Documents/Daily Sleep Update/HealthAutoExport-2026-01-08.json: Resource deadlock avoided
cat: /Users/tinayu/Library/Mobile Documents/iCloud~com~ifunography~HealthExport/Documents/Daily Sleep Update/HealthAutoExport-2026-01-09.json: Resource deadlock avoided
cat: /Users/tinayu/Library/Mobile Documents/iCloud~com~ifunography~HealthExport/Documents/Daily Sleep Update/HealthAutoExport-2026-01-12.json: Resource deadlock avoided
cat: /Users/tinayu/Library/Mobile Documents/iCloud~com~ifunography~HealthExport/Documents/Daily Sleep Update/HealthAutoExport-2026-01-13.json: Resource deadlock avoided
cat: /Users/tinayu/Library/Mobile Documents/iCloud~com~ifunography~HealthExport/Documents/Daily Sleep Update/HealthAutoExport-2026-01-14.json: Resource deadlock avoided
cat: /Users/tinayu/Library/Mobile Documents/iCloud~com~ifunography~HealthExport/Documents/Daily Sleep Update/HealthAutoExport-2026-01-16.json: Resource deadlock avoided
cat: /Users/tinayu/Library/Mobile Documents/iCloud~com~ifunography~HealthExport/Documents/Daily Sleep Update/HealthAutoExport-2026-01-19.json: Resource deadlock avoided
cat: /Users/tinayu/Library/Mobile Documents/iCloud~com~ifunography~HealthExport/Documents/Daily Sleep Update/HealthAutoExport-2026-01-20.json: Resource deadlock avoided
cat: /Users/tinayu/Library/Mobile Documents/iCloud~com~ifunography~HealthExport/Documents/Daily Sleep Update/HealthAutoExport-2026-01-21.json: Resource deadlock avoided
cat: /Users/tinayu/Library/Mobile Documents/iCloud~com~ifunography~HealthExport/Documents/Daily Sleep Update/HealthAutoExport-2026-01-22.json: Resource deadlock avoided
cat: /Users/tinayu/Library/Mobile Documents/iCloud~com~ifunography~HealthExport/Documents/Daily Sleep Update/HealthAutoExport-2026-01-23.json: Resource deadlock avoided
cat: /Users/tinayu/Library/Mobile Documents/iCloud~com~ifunography~HealthExport/Documents/Daily Sleep Update/HealthAutoExport-2026-01-26.json: Resource deadlock avoided
cat: /Users/tinayu/Library/Mobile Documents/iCloud~com~ifunography~HealthExport/Documents/Daily Sleep Update/HealthAutoExport-2026-01-27.json: Resource deadlock avoided
cat: /Users/tinayu/Library/Mobile Documents/iCloud~com~ifunography~HealthExport/Documents/Daily Sleep Update/HealthAutoExport-2026-01-28.json: Resource deadlock avoided
cat: /Users/tinayu/Library/Mobile Documents/iCloud~com~ifunography~HealthExport/Documents/Daily Sleep Update/HealthAutoExport-2026-01-29.json: Resource deadlock avoided
cat: /Users/tinayu/Library/Mobile Documents/iCloud~com~ifunography~HealthExport/Documents/Daily Sleep Update/HealthAutoExport-2026-01-30.json: Resource deadlock avoided
cat: /Users/tinayu/Library/Mobile Documents/iCloud~com~ifunography~HealthExport/Documents/Daily Sleep Update/HealthAutoExport-2026-02-02.json: Resource deadlock avoided
cat: /Users/tinayu/Library/Mobile Documents/iCloud~com~ifunography~HealthExport/Documents/Daily Sleep Update/HealthAutoExport-2026-02-03.json: Resource deadlock avoided
cat: /Users/tinayu/Library/Mobile Documents/iCloud~com~ifunography~HealthExport/Documents/Daily Sleep Update/HealthAutoExport-2026-02-04.json: Resource deadlock avoided
cat: /Users/tinayu/Library/Mobile Documents/iCloud~com~ifunography~HealthExport/Documents/Daily Sleep Update/HealthAutoExport-2026-02-05.json: Resource deadlock avoided
cat: /Users/tinayu/Library/Mobile Documents/iCloud~com~ifunography~HealthExport/Documents/Daily Sleep Update/HealthAutoExport-2026-02-06.json: Resource deadlock avoided
cat: /Users/tinayu/Library/Mobile Documents/iCloud~com~ifunography~HealthExport/Documents/Daily Sleep Update/HealthAutoExport-2026-02-07.json: Resource deadlock avoided
cat: /Users/tinayu/Library/Mobile Documents/iCloud~com~ifunography~HealthExport/Documents/Daily Sleep Update/HealthAutoExport-2026-02-08.json: Resource deadlock avoided
cat: /Users/tinayu/Library/Mobile Documents/iCloud~com~ifunography~HealthExport/Documents/Daily Sleep Update/HealthAutoExport-2026-02-09.json: Resource deadlock avoided
cat: /Users/tinayu/Library/Mobile Documents/iCloud~com~ifunography~HealthExport/Documents/Daily Sleep Update/HealthAutoExport-2026-02-10.json: Resource deadlock avoided
cat: /Users/tinayu/Library/Mobile Documents/iCloud~com~ifunography~HealthExport/Documents/Daily Sleep Update/HealthAutoExport-2026-02-11.json: Resource deadlock avoided
cat: /Users/tinayu/Library/Mobile Documents/iCloud~com~ifunography~HealthExport/Documents/Daily Sleep Update/HealthAutoExport-2026-02-12.json: Resource deadlock avoided
cat: /Users/tinayu/Library/Mobile Documents/iCloud~com~ifunography~HealthExport/Documents/Daily Sleep Update/HealthAutoExport-2026-02-13.json: Resource deadlock avoided
cat: /Users/tinayu/Library/Mobile Documents/iCloud~com~ifunography~HealthExport/Documents/Daily Sleep Update/HealthAutoExport-2026-02-14.json: Resource deadlock avoided
cat: /Users/tinayu/Library/Mobile Documents/iCloud~com~ifunography~HealthExport/Documents/Daily Sleep Update/HealthAutoExport-2026-02-15.json: Resource deadlock avoided
cat: /Users/tinayu/Library/Mobile Documents/iCloud~com~ifunography~HealthExport/Documents/Daily Sleep Update/HealthAutoExport-2026-02-16.json: Resource deadlock avoided
cat: /Users/tinayu/Library/Mobile Documents/iCloud~com~ifunography~HealthExport/Documents/Daily Sleep Update/HealthAutoExport-2026-02-17.json: Resource deadlock avoided
cat: /Users/tinayu/Library/Mobile Documents/iCloud~com~ifunography~HealthExport/Documents/Daily Sleep Update/HealthAutoExport-2026-02-18.json: Resource deadlock avoided
cat: /Users/tinayu/Library/Mobile Documents/iCloud~com~ifunography~HealthExport/Documents/Daily Sleep Update/HealthAutoExport-2026-02-19.json: Resource deadlock avoided
cat: /Users/tinayu/Library/Mobile Documents/iCloud~com~ifunography~HealthExport/Documents/Daily Sleep Update/HealthAutoExport-2026-02-20.json: Resource deadlock avoided
cat: /Users/tinayu/Library/Mobile Documents/iCloud~com~ifunography~HealthExport/Documents/Daily Sleep Update/HealthAutoExport-2026-02-21.json: Resource deadlock avoided
cat: /Users/tinayu/Library/Mobile Documents/iCloud~com~ifunography~HealthExport/Documents/Daily Sleep Update/HealthAutoExport-2026-02-22.json: Resource deadlock avoided
cat: /Users/tinayu/Library/Mobile Documents/iCloud~com~ifunography~HealthExport/Documents/Daily Sleep Update/HealthAutoExport-2026-02-23.json: Resource deadlock avoided
cat: /Users/tinayu/Library/Mobile Documents/iCloud~com~ifunography~HealthExport/Documents/Daily Sleep Update/HealthAutoExport-2026-02-24.json: Resource deadlock avoided
cat: /Users/tinayu/Library/Mobile Documents/iCloud~com~ifunography~HealthExport/Documents/Daily Sleep Update/HealthAutoExport-2026-02-25.json: Resource deadlock avoided
cat: /Users/tinayu/Library/Mobile Documents/iCloud~com~ifunography~HealthExport/Documents/Daily Sleep Update/HealthAutoExport-2026-02-26.json: Resource deadlock avoided
cat: /Users/tinayu/Library/Mobile Documents/iCloud~com~ifunography~HealthExport/Documents/Daily Sleep Update/HealthAutoExport-2026-02-27.json: Resource deadlock avoided
cat: /Users/tinayu/Library/Mobile Documents/iCloud~com~ifunography~HealthExport/Documents/Daily Sleep Update/HealthAutoExport-2026-02-28.json: Resource deadlock avoided
cat: /Users/tinayu/Library/Mobile Documents/iCloud~com~ifunography~HealthExport/Documents/Daily Sleep Update/HealthAutoExport-2026-03-01.json: Resource deadlock avoided
cat: /Users/tinayu/Library/Mobile Documents/iCloud~com~ifunography~HealthExport/Documents/Daily Sleep Update/HealthAutoExport-2026-03-02.json: Resource deadlock avoided
cat: /Users/tinayu/Library/Mobile Documents/iCloud~com~ifunography~HealthExport/Documents/Daily Sleep Update/HealthAutoExport-2026-03-03.json: Resource deadlock avoided
cat: /Users/tinayu/Library/Mobile Documents/iCloud~com~ifunography~HealthExport/Documents/Daily Sleep Update/HealthAutoExport-2026-03-04.json: Resource deadlock avoided
cat: /Users/tinayu/Library/Mobile Documents/iCloud~com~ifunography~HealthExport/Documents/Daily Sleep Update/HealthAutoExport-2026-03-05.json: Resource deadlock avoided
cat: /Users/tinayu/Library/Mobile Documents/iCloud~com~ifunography~HealthExport/Documents/Daily Sleep Update/HealthAutoExport-2026-03-06.json: Resource deadlock avoided
cat: /Users/tinayu/Library/Mobile Documents/iCloud~com~ifunography~HealthExport/Documents/Daily Sleep Update/HealthAutoExport-2026-03-07.json: Resource deadlock avoided
cat: /Users/tinayu/Library/Mobile Documents/iCloud~com~ifunography~HealthExport/Documents/Daily Sleep Update/HealthAutoExport-2026-03-08.json: Resource deadlock avoided
cat: /Users/tinayu/Library/Mobile Documents/iCloud~com~ifunography~HealthExport/Documents/Daily Sleep Update/HealthAutoExport-2026-03-09.json: Resource deadlock avoided
cat: /Users/tinayu/Library/Mobile Documents/iCloud~com~ifunography~HealthExport/Documents/Daily Sleep Update/HealthAutoExport-2026-03-10.json: Resource deadlock avoided
cat: /Users/tinayu/Library/Mobile Documents/iCloud~com~ifunography~HealthExport/Documents/Daily Sleep Update/HealthAutoExport-2026-03-11.json: Resource deadlock avoided
cat: /Users/tinayu/Library/Mobile Documents/iCloud~com~ifunography~HealthExport/Documents/Daily Sleep Update/HealthAutoExport-2026-03-12.json: Resource deadlock avoided
cat: /Users/tinayu/Library/Mobile Documents/iCloud~com~ifunography~HealthExport/Documents/Daily Sleep Update/HealthAutoExport-2026-03-13.json: Resource deadlock avoided
cat: /Users/tinayu/Library/Mobile Documents/iCloud~com~ifunography~HealthExport/Documents/Daily Sleep Update/HealthAutoExport-2026-03-14.json: Resource deadlock avoided
cat: /Users/tinayu/Library/Mobile Documents/iCloud~com~ifunography~HealthExport/Documents/Daily Sleep Update/HealthAutoExport-2026-03-15.json: Resource deadlock avoided
cat: /Users/tinayu/Library/Mobile Documents/iCloud~com~ifunography~HealthExport/Documents/Daily Sleep Update/HealthAutoExport-2026-03-16.json: Resource deadlock avoided
cat: /Users/tinayu/Library/Mobile Documents/iCloud~com~ifunography~HealthExport/Documents/Daily Sleep Update/HealthAutoExport-2026-03-17.json: Resource deadlock avoided
cat: /Users/tinayu/Library/Mobile Documents/iCloud~com~ifunography~HealthExport/Documents/Daily Sleep Update/HealthAutoExport-2026-03-18.json: Resource deadlock avoided
cat: /Users/tinayu/Library/Mobile Documents/iCloud~com~ifunography~HealthExport/Documents/Daily Sleep Update/HealthAutoExport-2026-03-19.json: Resource deadlock avoided
cat: /Users/tinayu/Library/Mobile Documents/iCloud~com~ifunography~HealthExport/Documents/Daily Sleep Update/HealthAutoExport-2026-03-20.json: Resource deadlock avoided
cat: /Users/tinayu/Library/Mobile Documents/iCloud~com~ifunography~HealthExport/Documents/Daily Sleep Update/HealthAutoExport-2026-03-21.json: Resource deadlock avoided
cat: /Users/tinayu/Library/Mobile Documents/iCloud~com~ifunography~HealthExport/Documents/Daily Sleep Update/HealthAutoExport-2026-03-22.json: Resource deadlock avoided
cat: /Users/tinayu/Library/Mobile Documents/iCloud~com~ifunography~HealthExport/Documents/Daily Sleep Update/HealthAutoExport-2026-03-23.json: Resource deadlock avoided
cat: /Users/tinayu/Library/Mobile Documents/iCloud~com~ifunography~HealthExport/Documents/Daily Sleep Update/HealthAutoExport-2026-03-24.json: Resource deadlock avoided
cat: /Users/tinayu/Library/Mobile Documents/iCloud~com~ifunography~HealthExport/Documents/Daily Sleep Update/HealthAutoExport-2026-03-25.json: Resource deadlock avoided
cat: /Users/tinayu/Library/Mobile Documents/iCloud~com~ifunography~HealthExport/Documents/Daily Sleep Update/HealthAutoExport-2026-03-26.json: Resource deadlock avoided
cat: /Users/tinayu/Library/Mobile Documents/iCloud~com~ifunography~HealthExport/Documents/Daily Sleep Update/HealthAutoExport-2026-03-27.json: Resource deadlock avoided
cat: /Users/tinayu/Library/Mobile Documents/iCloud~com~ifunography~HealthExport/Documents/Daily Sleep Update/HealthAutoExport-2026-03-28.json: Resource deadlock avoided
cat: /Users/tinayu/Library/Mobile Documents/iCloud~com~ifunography~HealthExport/Documents/Daily Sleep Update/HealthAutoExport-2026-03-29.json: Resource deadlock avoided
cat: /Users/tinayu/Library/Mobile Documents/iCloud~com~ifunography~HealthExport/Documents/Daily Sleep Update/HealthAutoExport-2026-03-30.json: Resource deadlock avoided
cat: /Users/tinayu/Library/Mobile Documents/iCloud~com~ifunography~HealthExport/Documents/Daily Sleep Update/HealthAutoExport-2026-03-31.json: Resource deadlock avoided
cat: /Users/tinayu/Library/Mobile Documents/iCloud~com~ifunography~HealthExport/Documents/Daily Sleep Update/HealthAutoExport-2026-04-01.json: Resource deadlock avoided
cat: /Users/tinayu/Library/Mobile Documents/iCloud~com~ifunography~HealthExport/Documents/Daily Sleep Update/HealthAutoExport-2026-04-02.json: Resource deadlock avoided
cat: /Users/tinayu/Library/Mobile Documents/iCloud~com~ifunography~HealthExport/Documents/Daily Sleep Update/HealthAutoExport-2026-04-03.json: Resource deadlock avoided
cat: /Users/tinayu/Library/Mobile Documents/iCloud~com~ifunography~HealthExport/Documents/Daily Sleep Update/HealthAutoExport-2026-04-04.json: Resource deadlock avoided
cat: /Users/tinayu/Library/Mobile Documents/iCloud~com~ifunography~HealthExport/Documents/Daily Sleep Update/HealthAutoExport-2026-04-05.json: Resource deadlock avoided
cat: /Users/tinayu/Library/Mobile Documents/iCloud~com~ifunography~HealthExport/Documents/Daily Sleep Update/HealthAutoExport-2026-04-06.json: Resource deadlock avoided
cat: /Users/tinayu/Library/Mobile Documents/iCloud~com~ifunography~HealthExport/Documents/Daily Sleep Update/HealthAutoExport-2026-04-07.json: Resource deadlock avoided
cat: /Users/tinayu/Library/Mobile Documents/iCloud~com~ifunography~HealthExport/Documents/Daily Sleep Update/HealthAutoExport-2026-04-08.json: Resource deadlock avoided
cat: /Users/tinayu/Library/Mobile Documents/iCloud~com~ifunography~HealthExport/Documents/Daily Sleep Update/HealthAutoExport-2026-04-09.json: Resource deadlock avoided
cat: /Users/tinayu/Library/Mobile Documents/iCloud~com~ifunography~HealthExport/Documents/Daily Sleep Update/HealthAutoExport-2026-04-10.json: Resource deadlock avoided
cat: /Users/tinayu/Library/Mobile Documents/iCloud~com~ifunography~HealthExport/Documents/Daily Sleep Update/HealthAutoExport-2026-04-12.json: Resource deadlock avoided
cat: /Users/tinayu/Library/Mobile Documents/iCloud~com~ifunography~HealthExport/Documents/Daily Sleep Update/HealthAutoExport-2026-04-13.json: Resource deadlock avoided
cat: /Users/tinayu/Library/Mobile Documents/iCloud~com~ifunography~HealthExport/Documents/Daily Sleep Update/HealthAutoExport-2026-04-14.json: Resource deadlock avoided
cat: /Users/tinayu/Library/Mobile Documents/iCloud~com~ifunography~HealthExport/Documents/Daily Sleep Update/HealthAutoExport-2026-04-15.json: Resource deadlock avoided
cat: /Users/tinayu/Library/Mobile Documents/iCloud~com~ifunography~HealthExport/Documents/Daily Sleep Update/HealthAutoExport-2026-04-16.json: Resource deadlock avoided
cat: /Users/tinayu/Library/Mobile Documents/iCloud~com~ifunography~HealthExport/Documents/Daily Sleep Update/HealthAutoExport-2026-04-17.json: Resource deadlock avoided
cat: /Users/tinayu/Library/Mobile Documents/iCloud~com~ifunography~HealthExport/Documents/Daily Sleep Update/HealthAutoExport-2026-04-18.json: Resource deadlock avoided
cat: /Users/tinayu/Library/Mobile Documents/iCloud~com~ifunography~HealthExport/Documents/Daily Sleep Update/HealthAutoExport-2026-04-19.json: Resource deadlock avoided
cat: /Users/tinayu/Library/Mobile Documents/iCloud~com~ifunography~HealthExport/Documents/Daily Sleep Update/HealthAutoExport-2026-04-20.json: Resource deadlock avoided
cat: /Users/tinayu/Library/Mobile Documents/iCloud~com~ifunography~HealthExport/Documents/Daily Sleep Update/HealthAutoExport-2026-04-21.json: Resource deadlock avoided
cat: /Users/tinayu/Library/Mobile Documents/iCloud~com~ifunography~HealthExport/Documents/Daily Sleep Update/HealthAutoExport-2026-04-22.json: Resource deadlock avoided
cat: /Users/tinayu/Library/Mobile Documents/iCloud~com~ifunography~HealthExport/Documents/Daily Sleep Update/HealthAutoExport-2026-04-23.json: Resource deadlock avoided
cat: /Users/tinayu/Library/Mobile Documents/iCloud~com~ifunography~HealthExport/Documents/Daily Sleep Update/HealthAutoExport-2026-04-24.json: Resource deadlock avoided
cat: /Users/tinayu/Library/Mobile Documents/iCloud~com~ifunography~HealthExport/Documents/Daily Sleep Update/HealthAutoExport-2026-04-25.json: Resource deadlock avoided
cat: /Users/tinayu/Library/Mobile Documents/iCloud~com~ifunography~HealthExport/Documents/Daily Sleep Update/HealthAutoExport-2026-04-26.json: Resource deadlock avoided
cat: /Users/tinayu/Library/Mobile Documents/iCloud~com~ifunography~HealthExport/Documents/Daily Sleep Update/HealthAutoExport-2026-04-27.json: Resource deadlock avoided
cat: /Users/tinayu/Library/Mobile Documents/iCloud~com~ifunography~HealthExport/Documents/Daily Sleep Update/HealthAutoExport-2026-04-28.json: Resource deadlock avoided
cat: /Users/tinayu/Library/Mobile Documents/iCloud~com~ifunography~HealthExport/Documents/Daily Sleep Update/HealthAutoExport-2026-04-29.json: Resource deadlock avoided
cat: /Users/tinayu/Library/Mobile Documents/iCloud~com~ifunography~HealthExport/Documents/Daily Sleep Update/HealthAutoExport-2026-04-30.json: Resource deadlock avoided
cat: /Users/tinayu/Library/Mobile Documents/iCloud~com~ifunography~HealthExport/Documents/Daily Sleep Update/HealthAutoExport-2026-05-01.json: Resource deadlock avoided
cat: /Users/tinayu/Library/Mobile Documents/iCloud~com~ifunography~HealthExport/Documents/Daily Sleep Update/HealthAutoExport-2026-05-02.json: Resource deadlock avoided
cat: /Users/tinayu/Library/Mobile Documents/iCloud~com~ifunography~HealthExport/Documents/Daily Sleep Update/HealthAutoExport-2026-05-03.json: Resource deadlock avoided
cat: /Users/tinayu/Library/Mobile Documents/iCloud~com~ifunography~HealthExport/Documents/Daily Sleep Update/HealthAutoExport-2026-05-04.json: Resource deadlock avoided
cat: /Users/tinayu/Library/Mobile Documents/iCloud~com~ifunography~HealthExport/Documents/Daily Sleep Update/HealthAutoExport-2026-05-05.json: Resource deadlock avoided
cat: /Users/tinayu/Library/Mobile Documents/iCloud~com~ifunography~HealthExport/Documents/Daily Sleep Update/HealthAutoExport-2026-05-06.json: Resource deadlock avoided
cat: /Users/tinayu/Library/Mobile Documents/iCloud~com~ifunography~HealthExport/Documents/Daily Sleep Update/HealthAutoExport-2026-05-07.json: Resource deadlock avoided
Traceback (most recent call last):
  File "/Users/tinayu/sleep-dashboard/update_dashboard.py", line 69, in <module>
    main()
  File "/Users/tinayu/sleep-dashboard/update_dashboard.py", line 45, in main
    rec = parse_shortcuts(fp)
  File "/Users/tinayu/sleep-dashboard/update_dashboard.py", line 10, in parse_shortcuts
    raw = open(fp, encoding='utf-8').read()
OSError: [Errno 11] Resource deadlock avoided
