
==================================================
Sleep Dashboard 更新 — 2026-04-11 07:18
==================================================
找到 0 個 JSON 檔案
解析完成：0 筆有效夜晚數據
❌ 沒有讀取到任何數據，中止

==================================================
Sleep Dashboard 更新 — 2026-04-11 10:52
==================================================
找到 0 個 JSON 檔案
解析完成：0 筆有效夜晚數據
❌ 沒有讀取到任何數據，中止

==================================================
Sleep Dashboard 更新 — 2026-04-12 08:02
==================================================
找到 0 個 JSON 檔案
解析完成：0 筆有效夜晚數據
❌ 沒有讀取到任何數據，中止

==================================================
Sleep Dashboard 更新 — 2026-04-13 07:20
==================================================
找到 0 個 JSON 檔案
解析完成：0 筆有效夜晚數據
❌ 沒有讀取到任何數據，中止

==================================================
Sleep Dashboard 更新 — 2026-04-13 09:25
==================================================
找到 0 個 JSON 檔案
解析完成：0 筆有效夜晚數據
❌ 沒有讀取到任何數據，中止

==================================================
Sleep Dashboard 更新 — 2026-04-14 09:10
==================================================
找到 0 個 JSON 檔案
解析完成：0 筆有效夜晚數據
❌ 沒有讀取到任何數據，中止

==================================================
Sleep Dashboard 更新 — 2026-04-14 14:33
==================================================
找到 0 個 JSON 檔案
解析完成：0 筆有效夜晚數據
❌ 沒有讀取到任何數據，中止

==================================================
Sleep Dashboard 更新 — 2026-04-14 14:34
==================================================
找到 0 個 JSON 檔案
解析完成：0 筆有效夜晚數據
❌ 沒有讀取到任何數據，中止

==================================================
Sleep Dashboard 更新 — 2026-04-14 21:53
==================================================
找到 0 個 JSON 檔案
解析完成：0 筆有效夜晚數據
❌ 沒有讀取到任何數據，中止

==================================================
Sleep Dashboard 更新 — 2026-04-15 09:30
==================================================
找到 0 個 JSON 檔案
解析完成：0 筆有效夜晚數據
❌ 沒有讀取到任何數據，中止

==================================================
Sleep Dashboard 更新 — 2026-04-16 09:30
==================================================
找到 0 個 JSON 檔案
解析完成：0 筆有效夜晚數據
❌ 沒有讀取到任何數據，中止

==================================================
Sleep Dashboard 更新 — 2026-04-17 09:30
==================================================
找到 0 個 JSON 檔案
解析完成：0 筆有效夜晚數據
❌ 沒有讀取到任何數據，中止

==================================================
Sleep Dashboard 更新 — 2026-04-18 10:06
==================================================
找到 0 個 JSON 檔案
解析完成：0 筆有效夜晚數據
❌ 沒有讀取到任何數據，中止

==================================================
Sleep Dashboard 更新 — 2026-04-19 10:09
==================================================
找到 0 個 JSON 檔案
解析完成：0 筆有效夜晚數據
❌ 沒有讀取到任何數據，中止

==================================================
Sleep Dashboard 更新 — 2026-04-20 09:30
==================================================
找到 0 個 JSON 檔案
解析完成：0 筆有效夜晚數據
❌ 沒有讀取到任何數據，中止

==================================================
Sleep Dashboard 更新 — 2026-04-21 09:35
==================================================
找到 0 個 JSON 檔案
解析完成：0 筆有效夜晚數據
❌ 沒有讀取到任何數據，中止

==================================================
Sleep Dashboard 更新 — 2026-04-22 09:30
==================================================
找到 0 個 JSON 檔案
解析完成：0 筆有效夜晚數據
❌ 沒有讀取到任何數據，中止

==================================================
Sleep Dashboard 更新 — 2026-04-23 09:30
==================================================
找到 0 個 JSON 檔案
解析完成：0 筆有效夜晚數據
❌ 沒有讀取到任何數據，中止

==================================================
Sleep Dashboard 更新 — 2026-04-24 09:30
==================================================
找到 0 個 JSON 檔案
解析完成：0 筆有效夜晚數據
❌ 沒有讀取到任何數據，中止

==================================================
Sleep Dashboard 更新 — 2026-04-25 10:11
==================================================
找到 0 個 JSON 檔案
解析完成：0 筆有效夜晚數據
❌ 沒有讀取到任何數據，中止

==================================================
Sleep Dashboard 更新 — 2026-04-26 09:40
==================================================
找到 0 個 JSON 檔案
解析完成：0 筆有效夜晚數據
❌ 沒有讀取到任何數據，中止

==================================================
Sleep Dashboard 更新 — 2026-04-27 09:30
==================================================
找到 0 個 JSON 檔案
解析完成：0 筆有效夜晚數據
❌ 沒有讀取到任何數據，中止

==================================================
Sleep Dashboard 更新 — 2026-04-28 09:30
==================================================
找到 0 個 JSON 檔案
解析完成：0 筆有效夜晚數據
❌ 沒有讀取到任何數據，中止

==================================================
Sleep Dashboard 更新 — 2026-04-29 09:39
==================================================
找到 0 個 JSON 檔案
解析完成：0 筆有效夜晚數據
❌ 沒有讀取到任何數據，中止

==================================================
Sleep Dashboard 更新 — 2026-04-30 09:30
==================================================
找到 0 個 JSON 檔案
解析完成：0 筆有效夜晚數據
❌ 沒有讀取到任何數據，中止

==================================================
Sleep Dashboard 更新 — 2026-04-30 13:40
==================================================
找到 0 個 JSON 檔案
解析完成：0 筆有效夜晚數據
❌ 沒有讀取到任何數據，中止

==================================================
Sleep Dashboard 更新 — 2026-04-30 13:45
==================================================
找到 0 個 JSON 檔案
解析完成：0 筆有效夜晚數據
❌ 沒有讀取到任何數據，中止

==================================================
Sleep Dashboard 更新 — 2026-04-30 14:22
==================================================
找到 0 個 JSON 檔案
解析完成：0 筆有效夜晚數據
❌ 沒有讀取到任何數據，中止

==================================================
Sleep Dashboard 更新 — 2026-04-30 14:24
==================================================
找到 0 個 JSON 檔案
解析完成：0 筆有效夜晚數據
❌ 沒有讀取到任何數據，中止

==================================================
Sleep Dashboard 更新 — 2026-04-30 14:28
==================================================
找到 0 個 JSON 檔案
解析完成：0 筆有效夜晚數據
❌ 沒有讀取到任何數據，中止

==================================================
Sleep Dashboard 更新 — 2026-04-30 14:29
==================================================
ICLOUD路徑: /Users/tinayu/Library/Mobile Documents/iCloud~com~ifunography~HealthExport/Documents/Daily Sleep Update
路徑存在: True

==================================================
Sleep Dashboard 更新 — 2026-04-30 14:33
==================================================
ICLOUD路徑: /Users/tinayu/Library/Mobile Documents/iCloud~com~ifunography~HealthExport/Documents/Daily Sleep Update
路徑存在: True
資料夾內容: 107 個檔案
找到 107 個 JSON 檔案
  ⚠ 跳過 HealthAutoExport-2026-01-02.json: [Errno 11] Resource deadlock avoided
  ⚠ 跳過 HealthAutoExport-2026-01-05.json: [Errno 11] Resource deadlock avoided
  ⚠ 跳過 HealthAutoExport-2026-01-06.json: [Errno 11] Resource deadlock avoided
  ⚠ 跳過 HealthAutoExport-2026-01-07.json: [Errno 11] Resource deadlock avoided
  ⚠ 跳過 HealthAutoExport-2026-01-08.json: [Errno 11] Resource deadlock avoided
  ⚠ 跳過 HealthAutoExport-2026-01-09.json: [Errno 11] Resource deadlock avoided
  ⚠ 跳過 HealthAutoExport-2026-01-12.json: [Errno 11] Resource deadlock avoided
  ⚠ 跳過 HealthAutoExport-2026-01-13.json: [Errno 11] Resource deadlock avoided
  ⚠ 跳過 HealthAutoExport-2026-01-14.json: [Errno 11] Resource deadlock avoided
  ⚠ 跳過 HealthAutoExport-2026-01-16.json: [Errno 11] Resource deadlock avoided
  ⚠ 跳過 HealthAutoExport-2026-01-19.json: [Errno 11] Resource deadlock avoided
  ⚠ 跳過 HealthAutoExport-2026-01-20.json: [Errno 11] Resource deadlock avoided
  ⚠ 跳過 HealthAutoExport-2026-01-21.json: [Errno 11] Resource deadlock avoided
  ⚠ 跳過 HealthAutoExport-2026-01-22.json: [Errno 11] Resource deadlock avoided
  ⚠ 跳過 HealthAutoExport-2026-01-23.json: [Errno 11] Resource deadlock avoided
  ⚠ 跳過 HealthAutoExport-2026-01-26.json: [Errno 11] Resource deadlock avoided
  ⚠ 跳過 HealthAutoExport-2026-01-27.json: [Errno 11] Resource deadlock avoided
  ⚠ 跳過 HealthAutoExport-2026-01-28.json: [Errno 11] Resource deadlock avoided
  ⚠ 跳過 HealthAutoExport-2026-01-29.json: [Errno 11] Resource deadlock avoided
  ⚠ 跳過 HealthAutoExport-2026-01-30.json: [Errno 11] Resource deadlock avoided
  ⚠ 跳過 HealthAutoExport-2026-02-02.json: [Errno 11] Resource deadlock avoided
  ⚠ 跳過 HealthAutoExport-2026-02-03.json: [Errno 11] Resource deadlock avoided
  ⚠ 跳過 HealthAutoExport-2026-02-04.json: [Errno 11] Resource deadlock avoided
  ⚠ 跳過 HealthAutoExport-2026-02-05.json: [Errno 11] Resource deadlock avoided
  ⚠ 跳過 HealthAutoExport-2026-02-06.json: [Errno 11] Resource deadlock avoided
  ⚠ 跳過 HealthAutoExport-2026-02-07.json: [Errno 11] Resource deadlock avoided
  ⚠ 跳過 HealthAutoExport-2026-02-08.json: [Errno 11] Resource deadlock avoided
  ⚠ 跳過 HealthAutoExport-2026-02-09.json: [Errno 11] Resource deadlock avoided
  ⚠ 跳過 HealthAutoExport-2026-02-10.json: [Errno 11] Resource deadlock avoided
  ⚠ 跳過 HealthAutoExport-2026-02-11.json: [Errno 11] Resource deadlock avoided
  ⚠ 跳過 HealthAutoExport-2026-02-12.json: [Errno 11] Resource deadlock avoided
  ⚠ 跳過 HealthAutoExport-2026-02-13.json: [Errno 11] Resource deadlock avoided
  ⚠ 跳過 HealthAutoExport-2026-02-14.json: [Errno 11] Resource deadlock avoided
  ⚠ 跳過 HealthAutoExport-2026-02-15.json: [Errno 11] Resource deadlock avoided
  ⚠ 跳過 HealthAutoExport-2026-02-16.json: [Errno 11] Resource deadlock avoided
  ⚠ 跳過 HealthAutoExport-2026-02-17.json: [Errno 11] Resource deadlock avoided
  ⚠ 跳過 HealthAutoExport-2026-02-18.json: [Errno 11] Resource deadlock avoided
  ⚠ 跳過 HealthAutoExport-2026-02-19.json: [Errno 11] Resource deadlock avoided
  ⚠ 跳過 HealthAutoExport-2026-02-20.json: [Errno 11] Resource deadlock avoided
  ⚠ 跳過 HealthAutoExport-2026-02-21.json: [Errno 11] Resource deadlock avoided
  ⚠ 跳過 HealthAutoExport-2026-02-22.json: [Errno 11] Resource deadlock avoided
  ⚠ 跳過 HealthAutoExport-2026-02-23.json: [Errno 11] Resource deadlock avoided
  ⚠ 跳過 HealthAutoExport-2026-02-24.json: [Errno 11] Resource deadlock avoided
  ⚠ 跳過 HealthAutoExport-2026-02-25.json: [Errno 11] Resource deadlock avoided
  ⚠ 跳過 HealthAutoExport-2026-02-26.json: [Errno 11] Resource deadlock avoided
  ⚠ 跳過 HealthAutoExport-2026-02-27.json: [Errno 11] Resource deadlock avoided
  ⚠ 跳過 HealthAutoExport-2026-02-28.json: [Errno 11] Resource deadlock avoided
  ⚠ 跳過 HealthAutoExport-2026-03-01.json: [Errno 11] Resource deadlock avoided
  ⚠ 跳過 HealthAutoExport-2026-03-02.json: [Errno 11] Resource deadlock avoided
  ⚠ 跳過 HealthAutoExport-2026-03-03.json: [Errno 11] Resource deadlock avoided
  ⚠ 跳過 HealthAutoExport-2026-03-04.json: [Errno 11] Resource deadlock avoided
  ⚠ 跳過 HealthAutoExport-2026-03-05.json: [Errno 11] Resource deadlock avoided
  ⚠ 跳過 HealthAutoExport-2026-03-06.json: [Errno 11] Resource deadlock avoided
  ⚠ 跳過 HealthAutoExport-2026-03-07.json: [Errno 11] Resource deadlock avoided
  ⚠ 跳過 HealthAutoExport-2026-03-08.json: [Errno 11] Resource deadlock avoided
  ⚠ 跳過 HealthAutoExport-2026-03-09.json: [Errno 11] Resource deadlock avoided
  ⚠ 跳過 HealthAutoExport-2026-03-10.json: [Errno 11] Resource deadlock avoided
  ⚠ 跳過 HealthAutoExport-2026-03-11.json: [Errno 11] Resource deadlock avoided
  ⚠ 跳過 HealthAutoExport-2026-03-12.json: [Errno 11] Resource deadlock avoided
  ⚠ 跳過 HealthAutoExport-2026-03-13.json: [Errno 11] Resource deadlock avoided
  ⚠ 跳過 HealthAutoExport-2026-03-14.json: [Errno 11] Resource deadlock avoided
  ⚠ 跳過 HealthAutoExport-2026-03-15.json: [Errno 11] Resource deadlock avoided
  ⚠ 跳過 HealthAutoExport-2026-03-16.json: [Errno 11] Resource deadlock avoided
  ⚠ 跳過 HealthAutoExport-2026-03-17.json: [Errno 11] Resource deadlock avoided
  ⚠ 跳過 HealthAutoExport-2026-03-18.json: [Errno 11] Resource deadlock avoided
  ⚠ 跳過 HealthAutoExport-2026-03-19.json: [Errno 11] Resource deadlock avoided
  ⚠ 跳過 HealthAutoExport-2026-03-20.json: [Errno 11] Resource deadlock avoided
  ⚠ 跳過 HealthAutoExport-2026-03-21.json: [Errno 11] Resource deadlock avoided
  ⚠ 跳過 HealthAutoExport-2026-03-22.json: [Errno 11] Resource deadlock avoided
  ⚠ 跳過 HealthAutoExport-2026-03-23.json: [Errno 11] Resource deadlock avoided
  ⚠ 跳過 HealthAutoExport-2026-03-24.json: [Errno 11] Resource deadlock avoided
  ⚠ 跳過 HealthAutoExport-2026-03-25.json: [Errno 11] Resource deadlock avoided
  ⚠ 跳過 HealthAutoExport-2026-03-26.json: [Errno 11] Resource deadlock avoided
  ⚠ 跳過 HealthAutoExport-2026-03-27.json: [Errno 11] Resource deadlock avoided
  ⚠ 跳過 HealthAutoExport-2026-03-28.json: [Errno 11] Resource deadlock avoided
  ⚠ 跳過 HealthAutoExport-2026-03-29.json: [Errno 11] Resource deadlock avoided
  ⚠ 跳過 HealthAutoExport-2026-03-30.json: [Errno 11] Resource deadlock avoided
  ⚠ 跳過 HealthAutoExport-2026-03-31.json: [Errno 11] Resource deadlock avoided
  ⚠ 跳過 HealthAutoExport-2026-04-01.json: [Errno 11] Resource deadlock avoided
  ⚠ 跳過 HealthAutoExport-2026-04-02.json: [Errno 11] Resource deadlock avoided
  ⚠ 跳過 HealthAutoExport-2026-04-03.json: [Errno 11] Resource deadlock avoided
  ⚠ 跳過 HealthAutoExport-2026-04-04.json: [Errno 11] Resource deadlock avoided
  ⚠ 跳過 HealthAutoExport-2026-04-05.json: [Errno 11] Resource deadlock avoided
  ⚠ 跳過 HealthAutoExport-2026-04-06.json: [Errno 11] Resource deadlock avoided
  ⚠ 跳過 HealthAutoExport-2026-04-07.json: [Errno 11] Resource deadlock avoided
  ⚠ 跳過 HealthAutoExport-2026-04-08.json: [Errno 11] Resource deadlock avoided
  ⚠ 跳過 HealthAutoExport-2026-04-09.json: [Errno 11] Resource deadlock avoided
  ⚠ 跳過 HealthAutoExport-2026-04-10.json: [Errno 11] Resource deadlock avoided
  ⚠ 跳過 HealthAutoExport-2026-04-12.json: [Errno 11] Resource deadlock avoided
  ⚠ 跳過 HealthAutoExport-2026-04-13.json: [Errno 11] Resource deadlock avoided
  ⚠ 跳過 HealthAutoExport-2026-04-14.json: [Errno 11] Resource deadlock avoided
  ⚠ 跳過 HealthAutoExport-2026-04-15.json: [Errno 11] Resource deadlock avoided
  ⚠ 跳過 HealthAutoExport-2026-04-16.json: [Errno 11] Resource deadlock avoided
  ⚠ 跳過 HealthAutoExport-2026-04-17.json: [Errno 11] Resource deadlock avoided
  ⚠ 跳過 HealthAutoExport-2026-04-18.json: [Errno 11] Resource deadlock avoided
  ⚠ 跳過 HealthAutoExport-2026-04-19.json: [Errno 11] Resource deadlock avoided
  ⚠ 跳過 HealthAutoExport-2026-04-20.json: [Errno 11] Resource deadlock avoided
  ⚠ 跳過 HealthAutoExport-2026-04-21.json: [Errno 11] Resource deadlock avoided
  ⚠ 跳過 HealthAutoExport-2026-04-22.json: [Errno 11] Resource deadlock avoided
  ⚠ 跳過 HealthAutoExport-2026-04-23.json: [Errno 11] Resource deadlock avoided
  ⚠ 跳過 HealthAutoExport-2026-04-24.json: [Errno 11] Resource deadlock avoided
  ⚠ 跳過 HealthAutoExport-2026-04-25.json: [Errno 11] Resource deadlock avoided
  ⚠ 跳過 HealthAutoExport-2026-04-26.json: [Errno 11] Resource deadlock avoided
  ⚠ 跳過 HealthAutoExport-2026-04-27.json: [Errno 11] Resource deadlock avoided
  ⚠ 跳過 HealthAutoExport-2026-04-28.json: [Errno 11] Resource deadlock avoided
  ⚠ 跳過 HealthAutoExport-2026-04-29.json: [Errno 11] Resource deadlock avoided
  ⚠ 跳過 HealthAutoExport-2026-04-30.json: [Errno 11] Resource deadlock avoided
解析完成：0 筆有效夜晚數據
❌ 沒有讀取到任何數據，中止

==================================================
Sleep Dashboard 更新 — 2026-04-30 14:35
==================================================
ICLOUD路徑: /Users/tinayu/Library/Mobile Documents/iCloud~com~ifunography~HealthExport/Documents/Daily Sleep Update
路徑存在: True
資料夾內容: 107 個檔案
找到 107 個 JSON 檔案
  ⚠ 跳過 HealthAutoExport-2026-01-02.json: [Errno 11] Resource deadlock avoided
  ⚠ 跳過 HealthAutoExport-2026-01-05.json: [Errno 11] Resource deadlock avoided
  ⚠ 跳過 HealthAutoExport-2026-01-06.json: [Errno 11] Resource deadlock avoided
  ⚠ 跳過 HealthAutoExport-2026-01-07.json: [Errno 11] Resource deadlock avoided
  ⚠ 跳過 HealthAutoExport-2026-01-08.json: [Errno 11] Resource deadlock avoided
  ⚠ 跳過 HealthAutoExport-2026-01-09.json: [Errno 11] Resource deadlock avoided
  ⚠ 跳過 HealthAutoExport-2026-01-12.json: [Errno 11] Resource deadlock avoided
  ⚠ 跳過 HealthAutoExport-2026-01-13.json: [Errno 11] Resource deadlock avoided
  ⚠ 跳過 HealthAutoExport-2026-01-14.json: [Errno 11] Resource deadlock avoided
  ⚠ 跳過 HealthAutoExport-2026-01-16.json: [Errno 11] Resource deadlock avoided
  ⚠ 跳過 HealthAutoExport-2026-01-19.json: [Errno 11] Resource deadlock avoided
  ⚠ 跳過 HealthAutoExport-2026-01-20.json: [Errno 11] Resource deadlock avoided
  ⚠ 跳過 HealthAutoExport-2026-01-21.json: [Errno 11] Resource deadlock avoided
  ⚠ 跳過 HealthAutoExport-2026-01-22.json: [Errno 11] Resource deadlock avoided
  ⚠ 跳過 HealthAutoExport-2026-01-23.json: [Errno 11] Resource deadlock avoided
  ⚠ 跳過 HealthAutoExport-2026-01-26.json: [Errno 11] Resource deadlock avoided
  ⚠ 跳過 HealthAutoExport-2026-01-27.json: [Errno 11] Resource deadlock avoided
  ⚠ 跳過 HealthAutoExport-2026-01-28.json: [Errno 11] Resource deadlock avoided
  ⚠ 跳過 HealthAutoExport-2026-01-29.json: [Errno 11] Resource deadlock avoided
  ⚠ 跳過 HealthAutoExport-2026-01-30.json: [Errno 11] Resource deadlock avoided
  ⚠ 跳過 HealthAutoExport-2026-02-02.json: [Errno 11] Resource deadlock avoided
  ⚠ 跳過 HealthAutoExport-2026-02-03.json: [Errno 11] Resource deadlock avoided
  ⚠ 跳過 HealthAutoExport-2026-02-04.json: [Errno 11] Resource deadlock avoided
  ⚠ 跳過 HealthAutoExport-2026-02-05.json: [Errno 11] Resource deadlock avoided
  ⚠ 跳過 HealthAutoExport-2026-02-06.json: [Errno 11] Resource deadlock avoided
  ⚠ 跳過 HealthAutoExport-2026-02-07.json: [Errno 11] Resource deadlock avoided
  ⚠ 跳過 HealthAutoExport-2026-02-08.json: [Errno 11] Resource deadlock avoided
  ⚠ 跳過 HealthAutoExport-2026-02-09.json: [Errno 11] Resource deadlock avoided
  ⚠ 跳過 HealthAutoExport-2026-02-10.json: [Errno 11] Resource deadlock avoided
  ⚠ 跳過 HealthAutoExport-2026-02-11.json: [Errno 11] Resource deadlock avoided
  ⚠ 跳過 HealthAutoExport-2026-02-12.json: [Errno 11] Resource deadlock avoided
  ⚠ 跳過 HealthAutoExport-2026-02-13.json: [Errno 11] Resource deadlock avoided
  ⚠ 跳過 HealthAutoExport-2026-02-14.json: [Errno 11] Resource deadlock avoided
  ⚠ 跳過 HealthAutoExport-2026-02-15.json: [Errno 11] Resource deadlock avoided
  ⚠ 跳過 HealthAutoExport-2026-02-16.json: [Errno 11] Resource deadlock avoided
  ⚠ 跳過 HealthAutoExport-2026-02-17.json: [Errno 11] Resource deadlock avoided
  ⚠ 跳過 HealthAutoExport-2026-02-18.json: [Errno 11] Resource deadlock avoided
  ⚠ 跳過 HealthAutoExport-2026-02-19.json: [Errno 11] Resource deadlock avoided
  ⚠ 跳過 HealthAutoExport-2026-02-20.json: [Errno 11] Resource deadlock avoided
  ⚠ 跳過 HealthAutoExport-2026-02-21.json: [Errno 11] Resource deadlock avoided
  ⚠ 跳過 HealthAutoExport-2026-02-22.json: [Errno 11] Resource deadlock avoided
  ⚠ 跳過 HealthAutoExport-2026-02-23.json: [Errno 11] Resource deadlock avoided
  ⚠ 跳過 HealthAutoExport-2026-02-24.json: [Errno 11] Resource deadlock avoided
  ⚠ 跳過 HealthAutoExport-2026-02-25.json: [Errno 11] Resource deadlock avoided
  ⚠ 跳過 HealthAutoExport-2026-02-26.json: [Errno 11] Resource deadlock avoided
  ⚠ 跳過 HealthAutoExport-2026-02-27.json: [Errno 11] Resource deadlock avoided
  ⚠ 跳過 HealthAutoExport-2026-02-28.json: [Errno 11] Resource deadlock avoided
  ⚠ 跳過 HealthAutoExport-2026-03-01.json: [Errno 11] Resource deadlock avoided
  ⚠ 跳過 HealthAutoExport-2026-03-02.json: [Errno 11] Resource deadlock avoided
  ⚠ 跳過 HealthAutoExport-2026-03-03.json: [Errno 11] Resource deadlock avoided
  ⚠ 跳過 HealthAutoExport-2026-03-04.json: [Errno 11] Resource deadlock avoided
  ⚠ 跳過 HealthAutoExport-2026-03-05.json: [Errno 11] Resource deadlock avoided
  ⚠ 跳過 HealthAutoExport-2026-03-06.json: [Errno 11] Resource deadlock avoided
  ⚠ 跳過 HealthAutoExport-2026-03-07.json: [Errno 11] Resource deadlock avoided
  ⚠ 跳過 HealthAutoExport-2026-03-08.json: [Errno 11] Resource deadlock avoided
  ⚠ 跳過 HealthAutoExport-2026-03-09.json: [Errno 11] Resource deadlock avoided
  ⚠ 跳過 HealthAutoExport-2026-03-10.json: [Errno 11] Resource deadlock avoided
  ⚠ 跳過 HealthAutoExport-2026-03-11.json: [Errno 11] Resource deadlock avoided
  ⚠ 跳過 HealthAutoExport-2026-03-12.json: [Errno 11] Resource deadlock avoided
  ⚠ 跳過 HealthAutoExport-2026-03-13.json: [Errno 11] Resource deadlock avoided
  ⚠ 跳過 HealthAutoExport-2026-03-14.json: [Errno 11] Resource deadlock avoided
  ⚠ 跳過 HealthAutoExport-2026-03-15.json: [Errno 11] Resource deadlock avoided
  ⚠ 跳過 HealthAutoExport-2026-03-16.json: [Errno 11] Resource deadlock avoided
  ⚠ 跳過 HealthAutoExport-2026-03-17.json: [Errno 11] Resource deadlock avoided
  ⚠ 跳過 HealthAutoExport-2026-03-18.json: [Errno 11] Resource deadlock avoided
  ⚠ 跳過 HealthAutoExport-2026-03-19.json: [Errno 11] Resource deadlock avoided
  ⚠ 跳過 HealthAutoExport-2026-03-20.json: [Errno 11] Resource deadlock avoided
  ⚠ 跳過 HealthAutoExport-2026-03-21.json: [Errno 11] Resource deadlock avoided
  ⚠ 跳過 HealthAutoExport-2026-03-22.json: [Errno 11] Resource deadlock avoided
  ⚠ 跳過 HealthAutoExport-2026-03-23.json: [Errno 11] Resource deadlock avoided
  ⚠ 跳過 HealthAutoExport-2026-03-24.json: [Errno 11] Resource deadlock avoided
  ⚠ 跳過 HealthAutoExport-2026-03-25.json: [Errno 11] Resource deadlock avoided
  ⚠ 跳過 HealthAutoExport-2026-03-26.json: [Errno 11] Resource deadlock avoided
  ⚠ 跳過 HealthAutoExport-2026-03-27.json: [Errno 11] Resource deadlock avoided
  ⚠ 跳過 HealthAutoExport-2026-03-28.json: [Errno 11] Resource deadlock avoided
  ⚠ 跳過 HealthAutoExport-2026-03-29.json: [Errno 11] Resource deadlock avoided
  ⚠ 跳過 HealthAutoExport-2026-03-30.json: [Errno 11] Resource deadlock avoided
  ⚠ 跳過 HealthAutoExport-2026-03-31.json: [Errno 11] Resource deadlock avoided
  ⚠ 跳過 HealthAutoExport-2026-04-01.json: [Errno 11] Resource deadlock avoided
  ⚠ 跳過 HealthAutoExport-2026-04-02.json: [Errno 11] Resource deadlock avoided
  ⚠ 跳過 HealthAutoExport-2026-04-03.json: [Errno 11] Resource deadlock avoided
  ⚠ 跳過 HealthAutoExport-2026-04-04.json: [Errno 11] Resource deadlock avoided
  ⚠ 跳過 HealthAutoExport-2026-04-05.json: [Errno 11] Resource deadlock avoided
  ⚠ 跳過 HealthAutoExport-2026-04-06.json: [Errno 11] Resource deadlock avoided
  ⚠ 跳過 HealthAutoExport-2026-04-07.json: [Errno 11] Resource deadlock avoided
  ⚠ 跳過 HealthAutoExport-2026-04-08.json: [Errno 11] Resource deadlock avoided
  ⚠ 跳過 HealthAutoExport-2026-04-09.json: [Errno 11] Resource deadlock avoided
  ⚠ 跳過 HealthAutoExport-2026-04-10.json: [Errno 11] Resource deadlock avoided
  ⚠ 跳過 HealthAutoExport-2026-04-12.json: [Errno 11] Resource deadlock avoided
  ⚠ 跳過 HealthAutoExport-2026-04-13.json: [Errno 11] Resource deadlock avoided
  ⚠ 跳過 HealthAutoExport-2026-04-14.json: [Errno 11] Resource deadlock avoided
  ⚠ 跳過 HealthAutoExport-2026-04-15.json: [Errno 11] Resource deadlock avoided
  ⚠ 跳過 HealthAutoExport-2026-04-16.json: [Errno 11] Resource deadlock avoided
  ⚠ 跳過 HealthAutoExport-2026-04-17.json: [Errno 11] Resource deadlock avoided
  ⚠ 跳過 HealthAutoExport-2026-04-18.json: [Errno 11] Resource deadlock avoided
  ⚠ 跳過 HealthAutoExport-2026-04-19.json: [Errno 11] Resource deadlock avoided
  ⚠ 跳過 HealthAutoExport-2026-04-20.json: [Errno 11] Resource deadlock avoided
  ⚠ 跳過 HealthAutoExport-2026-04-21.json: [Errno 11] Resource deadlock avoided
  ⚠ 跳過 HealthAutoExport-2026-04-22.json: [Errno 11] Resource deadlock avoided
  ⚠ 跳過 HealthAutoExport-2026-04-23.json: [Errno 11] Resource deadlock avoided
  ⚠ 跳過 HealthAutoExport-2026-04-24.json: [Errno 11] Resource deadlock avoided
  ⚠ 跳過 HealthAutoExport-2026-04-25.json: [Errno 11] Resource deadlock avoided
  ⚠ 跳過 HealthAutoExport-2026-04-26.json: [Errno 11] Resource deadlock avoided
  ⚠ 跳過 HealthAutoExport-2026-04-27.json: [Errno 11] Resource deadlock avoided
  ⚠ 跳過 HealthAutoExport-2026-04-28.json: [Errno 11] Resource deadlock avoided
  ⚠ 跳過 HealthAutoExport-2026-04-29.json: [Errno 11] Resource deadlock avoided
  ⚠ 跳過 HealthAutoExport-2026-04-30.json: [Errno 11] Resource deadlock avoided
解析完成：0 筆有效夜晚數據
❌ 沒有讀取到任何數據，中止

==================================================
Sleep Dashboard 更新 — 2026-04-30 14:39
==================================================
ICLOUD路徑: /Users/tinayu/Library/Mobile Documents/iCloud~com~ifunography~HealthExport/Documents/Daily Sleep Update
路徑存在: True
資料夾內容: 107 個檔案
找到 107 個 JSON 檔案
  ⚠ 跳過 HealthAutoExport-2026-01-02.json: [Errno 11] Resource deadlock avoided
  ⚠ 跳過 HealthAutoExport-2026-01-05.json: [Errno 11] Resource deadlock avoided
  ⚠ 跳過 HealthAutoExport-2026-01-06.json: [Errno 11] Resource deadlock avoided
  ⚠ 跳過 HealthAutoExport-2026-01-07.json: [Errno 11] Resource deadlock avoided
  ⚠ 跳過 HealthAutoExport-2026-01-08.json: [Errno 11] Resource deadlock avoided
  ⚠ 跳過 HealthAutoExport-2026-01-09.json: [Errno 11] Resource deadlock avoided
  ⚠ 跳過 HealthAutoExport-2026-01-12.json: [Errno 11] Resource deadlock avoided
  ⚠ 跳過 HealthAutoExport-2026-01-13.json: [Errno 11] Resource deadlock avoided
  ⚠ 跳過 HealthAutoExport-2026-01-14.json: [Errno 11] Resource deadlock avoided
  ⚠ 跳過 HealthAutoExport-2026-01-16.json: [Errno 11] Resource deadlock avoided
  ⚠ 跳過 HealthAutoExport-2026-01-19.json: [Errno 11] Resource deadlock avoided
  ⚠ 跳過 HealthAutoExport-2026-01-20.json: [Errno 11] Resource deadlock avoided
  ⚠ 跳過 HealthAutoExport-2026-01-21.json: [Errno 11] Resource deadlock avoided
  ⚠ 跳過 HealthAutoExport-2026-01-22.json: [Errno 11] Resource deadlock avoided
  ⚠ 跳過 HealthAutoExport-2026-01-23.json: [Errno 11] Resource deadlock avoided
  ⚠ 跳過 HealthAutoExport-2026-01-26.json: [Errno 11] Resource deadlock avoided
  ⚠ 跳過 HealthAutoExport-2026-01-27.json: [Errno 11] Resource deadlock avoided
  ⚠ 跳過 HealthAutoExport-2026-01-28.json: [Errno 11] Resource deadlock avoided
  ⚠ 跳過 HealthAutoExport-2026-01-29.json: [Errno 11] Resource deadlock avoided
  ⚠ 跳過 HealthAutoExport-2026-01-30.json: [Errno 11] Resource deadlock avoided
  ⚠ 跳過 HealthAutoExport-2026-02-02.json: [Errno 11] Resource deadlock avoided
  ⚠ 跳過 HealthAutoExport-2026-02-03.json: [Errno 11] Resource deadlock avoided
  ⚠ 跳過 HealthAutoExport-2026-02-04.json: [Errno 11] Resource deadlock avoided
  ⚠ 跳過 HealthAutoExport-2026-02-05.json: [Errno 11] Resource deadlock avoided
  ⚠ 跳過 HealthAutoExport-2026-02-06.json: [Errno 11] Resource deadlock avoided
  ⚠ 跳過 HealthAutoExport-2026-02-07.json: [Errno 11] Resource deadlock avoided
  ⚠ 跳過 HealthAutoExport-2026-02-08.json: [Errno 11] Resource deadlock avoided
  ⚠ 跳過 HealthAutoExport-2026-02-09.json: [Errno 11] Resource deadlock avoided
  ⚠ 跳過 HealthAutoExport-2026-02-10.json: [Errno 11] Resource deadlock avoided
  ⚠ 跳過 HealthAutoExport-2026-02-11.json: [Errno 11] Resource deadlock avoided
  ⚠ 跳過 HealthAutoExport-2026-02-12.json: [Errno 11] Resource deadlock avoided
  ⚠ 跳過 HealthAutoExport-2026-02-13.json: [Errno 11] Resource deadlock avoided
  ⚠ 跳過 HealthAutoExport-2026-02-14.json: [Errno 11] Resource deadlock avoided
  ⚠ 跳過 HealthAutoExport-2026-02-15.json: [Errno 11] Resource deadlock avoided
  ⚠ 跳過 HealthAutoExport-2026-02-16.json: [Errno 11] Resource deadlock avoided
  ⚠ 跳過 HealthAutoExport-2026-02-17.json: [Errno 11] Resource deadlock avoided
  ⚠ 跳過 HealthAutoExport-2026-02-18.json: [Errno 11] Resource deadlock avoided
  ⚠ 跳過 HealthAutoExport-2026-02-19.json: [Errno 11] Resource deadlock avoided
  ⚠ 跳過 HealthAutoExport-2026-02-20.json: [Errno 11] Resource deadlock avoided
  ⚠ 跳過 HealthAutoExport-2026-02-21.json: [Errno 11] Resource deadlock avoided
  ⚠ 跳過 HealthAutoExport-2026-02-22.json: [Errno 11] Resource deadlock avoided
  ⚠ 跳過 HealthAutoExport-2026-02-23.json: [Errno 11] Resource deadlock avoided
  ⚠ 跳過 HealthAutoExport-2026-02-24.json: [Errno 11] Resource deadlock avoided
  ⚠ 跳過 HealthAutoExport-2026-02-25.json: [Errno 11] Resource deadlock avoided
  ⚠ 跳過 HealthAutoExport-2026-02-26.json: [Errno 11] Resource deadlock avoided
  ⚠ 跳過 HealthAutoExport-2026-02-27.json: [Errno 11] Resource deadlock avoided
  ⚠ 跳過 HealthAutoExport-2026-02-28.json: [Errno 11] Resource deadlock avoided
  ⚠ 跳過 HealthAutoExport-2026-03-01.json: [Errno 11] Resource deadlock avoided
  ⚠ 跳過 HealthAutoExport-2026-03-02.json: [Errno 11] Resource deadlock avoided
  ⚠ 跳過 HealthAutoExport-2026-03-03.json: [Errno 11] Resource deadlock avoided
  ⚠ 跳過 HealthAutoExport-2026-03-04.json: [Errno 11] Resource deadlock avoided
  ⚠ 跳過 HealthAutoExport-2026-03-05.json: [Errno 11] Resource deadlock avoided
  ⚠ 跳過 HealthAutoExport-2026-03-06.json: [Errno 11] Resource deadlock avoided
  ⚠ 跳過 HealthAutoExport-2026-03-07.json: [Errno 11] Resource deadlock avoided
  ⚠ 跳過 HealthAutoExport-2026-03-08.json: [Errno 11] Resource deadlock avoided
  ⚠ 跳過 HealthAutoExport-2026-03-09.json: [Errno 11] Resource deadlock avoided
  ⚠ 跳過 HealthAutoExport-2026-03-10.json: [Errno 11] Resource deadlock avoided
  ⚠ 跳過 HealthAutoExport-2026-03-11.json: [Errno 11] Resource deadlock avoided
  ⚠ 跳過 HealthAutoExport-2026-03-12.json: [Errno 11] Resource deadlock avoided
  ⚠ 跳過 HealthAutoExport-2026-03-13.json: [Errno 11] Resource deadlock avoided
  ⚠ 跳過 HealthAutoExport-2026-03-14.json: [Errno 11] Resource deadlock avoided
  ⚠ 跳過 HealthAutoExport-2026-03-15.json: [Errno 11] Resource deadlock avoided
  ⚠ 跳過 HealthAutoExport-2026-03-16.json: [Errno 11] Resource deadlock avoided
  ⚠ 跳過 HealthAutoExport-2026-03-17.json: [Errno 11] Resource deadlock avoided
  ⚠ 跳過 HealthAutoExport-2026-03-18.json: [Errno 11] Resource deadlock avoided
  ⚠ 跳過 HealthAutoExport-2026-03-19.json: [Errno 11] Resource deadlock avoided
  ⚠ 跳過 HealthAutoExport-2026-03-20.json: [Errno 11] Resource deadlock avoided
  ⚠ 跳過 HealthAutoExport-2026-03-21.json: [Errno 11] Resource deadlock avoided
  ⚠ 跳過 HealthAutoExport-2026-03-22.json: [Errno 11] Resource deadlock avoided
  ⚠ 跳過 HealthAutoExport-2026-03-23.json: [Errno 11] Resource deadlock avoided
  ⚠ 跳過 HealthAutoExport-2026-03-24.json: [Errno 11] Resource deadlock avoided
  ⚠ 跳過 HealthAutoExport-2026-03-25.json: [Errno 11] Resource deadlock avoided
  ⚠ 跳過 HealthAutoExport-2026-03-26.json: [Errno 11] Resource deadlock avoided
  ⚠ 跳過 HealthAutoExport-2026-03-27.json: [Errno 11] Resource deadlock avoided
  ⚠ 跳過 HealthAutoExport-2026-03-28.json: [Errno 11] Resource deadlock avoided
  ⚠ 跳過 HealthAutoExport-2026-03-29.json: [Errno 11] Resource deadlock avoided
  ⚠ 跳過 HealthAutoExport-2026-03-30.json: [Errno 11] Resource deadlock avoided
  ⚠ 跳過 HealthAutoExport-2026-03-31.json: [Errno 11] Resource deadlock avoided
  ⚠ 跳過 HealthAutoExport-2026-04-01.json: [Errno 11] Resource deadlock avoided
  ⚠ 跳過 HealthAutoExport-2026-04-02.json: [Errno 11] Resource deadlock avoided
  ⚠ 跳過 HealthAutoExport-2026-04-03.json: [Errno 11] Resource deadlock avoided
  ⚠ 跳過 HealthAutoExport-2026-04-04.json: [Errno 11] Resource deadlock avoided
  ⚠ 跳過 HealthAutoExport-2026-04-05.json: [Errno 11] Resource deadlock avoided
  ⚠ 跳過 HealthAutoExport-2026-04-06.json: [Errno 11] Resource deadlock avoided
  ⚠ 跳過 HealthAutoExport-2026-04-07.json: [Errno 11] Resource deadlock avoided
  ⚠ 跳過 HealthAutoExport-2026-04-08.json: [Errno 11] Resource deadlock avoided
  ⚠ 跳過 HealthAutoExport-2026-04-09.json: [Errno 11] Resource deadlock avoided
  ⚠ 跳過 HealthAutoExport-2026-04-10.json: [Errno 11] Resource deadlock avoided
  ⚠ 跳過 HealthAutoExport-2026-04-12.json: [Errno 11] Resource deadlock avoided
  ⚠ 跳過 HealthAutoExport-2026-04-13.json: [Errno 11] Resource deadlock avoided
  ⚠ 跳過 HealthAutoExport-2026-04-14.json: [Errno 11] Resource deadlock avoided
  ⚠ 跳過 HealthAutoExport-2026-04-15.json: [Errno 11] Resource deadlock avoided
  ⚠ 跳過 HealthAutoExport-2026-04-16.json: [Errno 11] Resource deadlock avoided
  ⚠ 跳過 HealthAutoExport-2026-04-17.json: [Errno 11] Resource deadlock avoided
  ⚠ 跳過 HealthAutoExport-2026-04-18.json: [Errno 11] Resource deadlock avoided
  ⚠ 跳過 HealthAutoExport-2026-04-19.json: [Errno 11] Resource deadlock avoided
  ⚠ 跳過 HealthAutoExport-2026-04-20.json: [Errno 11] Resource deadlock avoided
  ⚠ 跳過 HealthAutoExport-2026-04-21.json: [Errno 11] Resource deadlock avoided
  ⚠ 跳過 HealthAutoExport-2026-04-22.json: [Errno 11] Resource deadlock avoided
  ⚠ 跳過 HealthAutoExport-2026-04-23.json: [Errno 11] Resource deadlock avoided
  ⚠ 跳過 HealthAutoExport-2026-04-24.json: [Errno 11] Resource deadlock avoided
  ⚠ 跳過 HealthAutoExport-2026-04-25.json: [Errno 11] Resource deadlock avoided
  ⚠ 跳過 HealthAutoExport-2026-04-26.json: [Errno 11] Resource deadlock avoided
  ⚠ 跳過 HealthAutoExport-2026-04-27.json: [Errno 11] Resource deadlock avoided
  ⚠ 跳過 HealthAutoExport-2026-04-28.json: [Errno 11] Resource deadlock avoided
  ⚠ 跳過 HealthAutoExport-2026-04-29.json: [Errno 11] Resource deadlock avoided
  ⚠ 跳過 HealthAutoExport-2026-04-30.json: [Errno 11] Resource deadlock avoided
解析完成：0 筆有效夜晚數據
❌ 沒有讀取到任何數據，中止

==================================================
Sleep Dashboard 更新 — 2026-04-30 14:43
==================================================
ICLOUD路徑: /Users/tinayu/Library/Mobile Documents/iCloud~com~ifunography~HealthExport/Documents/Daily Sleep Update
路徑存在: True
資料夾內容: 107 個檔案
找到 107 個 JSON 檔案
  ⚠ 跳過 HealthAutoExport-2026-01-02.json: [Errno 11] Resource deadlock avoided
  ⚠ 跳過 HealthAutoExport-2026-01-05.json: [Errno 11] Resource deadlock avoided
  ⚠ 跳過 HealthAutoExport-2026-01-06.json: [Errno 11] Resource deadlock avoided
  ⚠ 跳過 HealthAutoExport-2026-01-07.json: [Errno 11] Resource deadlock avoided
  ⚠ 跳過 HealthAutoExport-2026-01-08.json: [Errno 11] Resource deadlock avoided
  ⚠ 跳過 HealthAutoExport-2026-01-09.json: [Errno 11] Resource deadlock avoided
  ⚠ 跳過 HealthAutoExport-2026-01-12.json: [Errno 11] Resource deadlock avoided
  ⚠ 跳過 HealthAutoExport-2026-01-13.json: [Errno 11] Resource deadlock avoided
  ⚠ 跳過 HealthAutoExport-2026-01-14.json: [Errno 11] Resource deadlock avoided
  ⚠ 跳過 HealthAutoExport-2026-01-16.json: [Errno 11] Resource deadlock avoided
  ⚠ 跳過 HealthAutoExport-2026-01-19.json: [Errno 11] Resource deadlock avoided
  ⚠ 跳過 HealthAutoExport-2026-01-20.json: [Errno 11] Resource deadlock avoided
  ⚠ 跳過 HealthAutoExport-2026-01-21.json: [Errno 11] Resource deadlock avoided
  ⚠ 跳過 HealthAutoExport-2026-01-22.json: [Errno 11] Resource deadlock avoided
  ⚠ 跳過 HealthAutoExport-2026-01-23.json: [Errno 11] Resource deadlock avoided
  ⚠ 跳過 HealthAutoExport-2026-01-26.json: [Errno 11] Resource deadlock avoided
  ⚠ 跳過 HealthAutoExport-2026-01-27.json: [Errno 11] Resource deadlock avoided
  ⚠ 跳過 HealthAutoExport-2026-01-28.json: [Errno 11] Resource deadlock avoided
  ⚠ 跳過 HealthAutoExport-2026-01-29.json: [Errno 11] Resource deadlock avoided
  ⚠ 跳過 HealthAutoExport-2026-01-30.json: [Errno 11] Resource deadlock avoided
  ⚠ 跳過 HealthAutoExport-2026-02-02.json: [Errno 11] Resource deadlock avoided
  ⚠ 跳過 HealthAutoExport-2026-02-03.json: [Errno 11] Resource deadlock avoided
  ⚠ 跳過 HealthAutoExport-2026-02-04.json: [Errno 11] Resource deadlock avoided
  ⚠ 跳過 HealthAutoExport-2026-02-05.json: [Errno 11] Resource deadlock avoided
  ⚠ 跳過 HealthAutoExport-2026-02-06.json: [Errno 11] Resource deadlock avoided
  ⚠ 跳過 HealthAutoExport-2026-02-07.json: [Errno 11] Resource deadlock avoided
  ⚠ 跳過 HealthAutoExport-2026-02-08.json: [Errno 11] Resource deadlock avoided
  ⚠ 跳過 HealthAutoExport-2026-02-09.json: [Errno 11] Resource deadlock avoided
  ⚠ 跳過 HealthAutoExport-2026-02-10.json: [Errno 11] Resource deadlock avoided
  ⚠ 跳過 HealthAutoExport-2026-02-11.json: [Errno 11] Resource deadlock avoided
  ⚠ 跳過 HealthAutoExport-2026-02-12.json: [Errno 11] Resource deadlock avoided
  ⚠ 跳過 HealthAutoExport-2026-02-13.json: [Errno 11] Resource deadlock avoided
  ⚠ 跳過 HealthAutoExport-2026-02-14.json: [Errno 11] Resource deadlock avoided
  ⚠ 跳過 HealthAutoExport-2026-02-15.json: [Errno 11] Resource deadlock avoided
  ⚠ 跳過 HealthAutoExport-2026-02-16.json: [Errno 11] Resource deadlock avoided
  ⚠ 跳過 HealthAutoExport-2026-02-17.json: [Errno 11] Resource deadlock avoided
  ⚠ 跳過 HealthAutoExport-2026-02-18.json: [Errno 11] Resource deadlock avoided
  ⚠ 跳過 HealthAutoExport-2026-02-19.json: [Errno 11] Resource deadlock avoided
  ⚠ 跳過 HealthAutoExport-2026-02-20.json: [Errno 11] Resource deadlock avoided
  ⚠ 跳過 HealthAutoExport-2026-02-21.json: [Errno 11] Resource deadlock avoided
  ⚠ 跳過 HealthAutoExport-2026-02-22.json: [Errno 11] Resource deadlock avoided
  ⚠ 跳過 HealthAutoExport-2026-02-23.json: [Errno 11] Resource deadlock avoided
  ⚠ 跳過 HealthAutoExport-2026-02-24.json: [Errno 11] Resource deadlock avoided
  ⚠ 跳過 HealthAutoExport-2026-02-25.json: [Errno 11] Resource deadlock avoided
  ⚠ 跳過 HealthAutoExport-2026-02-26.json: [Errno 11] Resource deadlock avoided
  ⚠ 跳過 HealthAutoExport-2026-02-27.json: [Errno 11] Resource deadlock avoided
  ⚠ 跳過 HealthAutoExport-2026-02-28.json: [Errno 11] Resource deadlock avoided
  ⚠ 跳過 HealthAutoExport-2026-03-01.json: [Errno 11] Resource deadlock avoided
  ⚠ 跳過 HealthAutoExport-2026-03-02.json: [Errno 11] Resource deadlock avoided
  ⚠ 跳過 HealthAutoExport-2026-03-03.json: [Errno 11] Resource deadlock avoided
  ⚠ 跳過 HealthAutoExport-2026-03-04.json: [Errno 11] Resource deadlock avoided
  ⚠ 跳過 HealthAutoExport-2026-03-05.json: [Errno 11] Resource deadlock avoided
  ⚠ 跳過 HealthAutoExport-2026-03-06.json: [Errno 11] Resource deadlock avoided
  ⚠ 跳過 HealthAutoExport-2026-03-07.json: [Errno 11] Resource deadlock avoided
  ⚠ 跳過 HealthAutoExport-2026-03-08.json: [Errno 11] Resource deadlock avoided
  ⚠ 跳過 HealthAutoExport-2026-03-09.json: [Errno 11] Resource deadlock avoided
  ⚠ 跳過 HealthAutoExport-2026-03-10.json: [Errno 11] Resource deadlock avoided
  ⚠ 跳過 HealthAutoExport-2026-03-11.json: [Errno 11] Resource deadlock avoided
  ⚠ 跳過 HealthAutoExport-2026-03-12.json: [Errno 11] Resource deadlock avoided
  ⚠ 跳過 HealthAutoExport-2026-03-13.json: [Errno 11] Resource deadlock avoided
  ⚠ 跳過 HealthAutoExport-2026-03-14.json: [Errno 11] Resource deadlock avoided
  ⚠ 跳過 HealthAutoExport-2026-03-15.json: [Errno 11] Resource deadlock avoided
  ⚠ 跳過 HealthAutoExport-2026-03-16.json: [Errno 11] Resource deadlock avoided
  ⚠ 跳過 HealthAutoExport-2026-03-17.json: [Errno 11] Resource deadlock avoided
  ⚠ 跳過 HealthAutoExport-2026-03-18.json: [Errno 11] Resource deadlock avoided
  ⚠ 跳過 HealthAutoExport-2026-03-19.json: [Errno 11] Resource deadlock avoided
  ⚠ 跳過 HealthAutoExport-2026-03-20.json: [Errno 11] Resource deadlock avoided
  ⚠ 跳過 HealthAutoExport-2026-03-21.json: [Errno 11] Resource deadlock avoided
  ⚠ 跳過 HealthAutoExport-2026-03-22.json: [Errno 11] Resource deadlock avoided
  ⚠ 跳過 HealthAutoExport-2026-03-23.json: [Errno 11] Resource deadlock avoided
  ⚠ 跳過 HealthAutoExport-2026-03-24.json: [Errno 11] Resource deadlock avoided
  ⚠ 跳過 HealthAutoExport-2026-03-25.json: [Errno 11] Resource deadlock avoided
  ⚠ 跳過 HealthAutoExport-2026-03-26.json: [Errno 11] Resource deadlock avoided
  ⚠ 跳過 HealthAutoExport-2026-03-27.json: [Errno 11] Resource deadlock avoided
  ⚠ 跳過 HealthAutoExport-2026-03-28.json: [Errno 11] Resource deadlock avoided
  ⚠ 跳過 HealthAutoExport-2026-03-29.json: [Errno 11] Resource deadlock avoided
  ⚠ 跳過 HealthAutoExport-2026-03-30.json: [Errno 11] Resource deadlock avoided
  ⚠ 跳過 HealthAutoExport-2026-03-31.json: [Errno 11] Resource deadlock avoided
  ⚠ 跳過 HealthAutoExport-2026-04-01.json: [Errno 11] Resource deadlock avoided
  ⚠ 跳過 HealthAutoExport-2026-04-02.json: [Errno 11] Resource deadlock avoided
  ⚠ 跳過 HealthAutoExport-2026-04-03.json: [Errno 11] Resource deadlock avoided
  ⚠ 跳過 HealthAutoExport-2026-04-04.json: [Errno 11] Resource deadlock avoided
  ⚠ 跳過 HealthAutoExport-2026-04-05.json: [Errno 11] Resource deadlock avoided
  ⚠ 跳過 HealthAutoExport-2026-04-06.json: [Errno 11] Resource deadlock avoided
  ⚠ 跳過 HealthAutoExport-2026-04-07.json: [Errno 11] Resource deadlock avoided
  ⚠ 跳過 HealthAutoExport-2026-04-08.json: [Errno 11] Resource deadlock avoided
  ⚠ 跳過 HealthAutoExport-2026-04-09.json: [Errno 11] Resource deadlock avoided
  ⚠ 跳過 HealthAutoExport-2026-04-10.json: [Errno 11] Resource deadlock avoided
  ⚠ 跳過 HealthAutoExport-2026-04-12.json: [Errno 11] Resource deadlock avoided
  ⚠ 跳過 HealthAutoExport-2026-04-13.json: [Errno 11] Resource deadlock avoided
  ⚠ 跳過 HealthAutoExport-2026-04-14.json: [Errno 11] Resource deadlock avoided
  ⚠ 跳過 HealthAutoExport-2026-04-15.json: [Errno 11] Resource deadlock avoided
  ⚠ 跳過 HealthAutoExport-2026-04-16.json: [Errno 11] Resource deadlock avoided
  ⚠ 跳過 HealthAutoExport-2026-04-17.json: [Errno 11] Resource deadlock avoided
  ⚠ 跳過 HealthAutoExport-2026-04-18.json: [Errno 11] Resource deadlock avoided
  ⚠ 跳過 HealthAutoExport-2026-04-19.json: [Errno 11] Resource deadlock avoided
  ⚠ 跳過 HealthAutoExport-2026-04-20.json: [Errno 11] Resource deadlock avoided
  ⚠ 跳過 HealthAutoExport-2026-04-21.json: [Errno 11] Resource deadlock avoided
  ⚠ 跳過 HealthAutoExport-2026-04-22.json: [Errno 11] Resource deadlock avoided
  ⚠ 跳過 HealthAutoExport-2026-04-23.json: [Errno 11] Resource deadlock avoided
  ⚠ 跳過 HealthAutoExport-2026-04-24.json: [Errno 11] Resource deadlock avoided
  ⚠ 跳過 HealthAutoExport-2026-04-25.json: [Errno 11] Resource deadlock avoided
  ⚠ 跳過 HealthAutoExport-2026-04-26.json: [Errno 11] Resource deadlock avoided
  ⚠ 跳過 HealthAutoExport-2026-04-27.json: [Errno 11] Resource deadlock avoided
  ⚠ 跳過 HealthAutoExport-2026-04-28.json: [Errno 11] Resource deadlock avoided
  ⚠ 跳過 HealthAutoExport-2026-04-29.json: [Errno 11] Resource deadlock avoided
  ⚠ 跳過 HealthAutoExport-2026-04-30.json: [Errno 11] Resource deadlock avoided
解析完成：0 筆有效夜晚數據
❌ 沒有讀取到任何數據，中止

==================================================
Sleep Dashboard 更新 — 2026-04-30 14:44
==================================================
找到 107 個 JSON 檔案
  ⚠ 跳過 HealthAutoExport-2026-01-02.json: Expecting value: line 1 column 1 (char 0)
  ⚠ 跳過 HealthAutoExport-2026-01-05.json: Expecting value: line 1 column 1 (char 0)
  ⚠ 跳過 HealthAutoExport-2026-01-06.json: Expecting value: line 1 column 1 (char 0)
  ⚠ 跳過 HealthAutoExport-2026-01-07.json: Expecting value: line 1 column 1 (char 0)
  ⚠ 跳過 HealthAutoExport-2026-01-08.json: Expecting value: line 1 column 1 (char 0)
  ⚠ 跳過 HealthAutoExport-2026-01-09.json: Expecting value: line 1 column 1 (char 0)
  ⚠ 跳過 HealthAutoExport-2026-01-12.json: Expecting value: line 1 column 1 (char 0)
  ⚠ 跳過 HealthAutoExport-2026-01-13.json: Expecting value: line 1 column 1 (char 0)
  ⚠ 跳過 HealthAutoExport-2026-01-14.json: Expecting value: line 1 column 1 (char 0)
  ⚠ 跳過 HealthAutoExport-2026-01-16.json: Expecting value: line 1 column 1 (char 0)
  ⚠ 跳過 HealthAutoExport-2026-01-19.json: Expecting value: line 1 column 1 (char 0)
  ⚠ 跳過 HealthAutoExport-2026-01-20.json: Expecting value: line 1 column 1 (char 0)
  ⚠ 跳過 HealthAutoExport-2026-01-21.json: Expecting value: line 1 column 1 (char 0)
  ⚠ 跳過 HealthAutoExport-2026-01-22.json: Expecting value: line 1 column 1 (char 0)
  ⚠ 跳過 HealthAutoExport-2026-01-23.json: Expecting value: line 1 column 1 (char 0)
  ⚠ 跳過 HealthAutoExport-2026-01-26.json: Expecting value: line 1 column 1 (char 0)
  ⚠ 跳過 HealthAutoExport-2026-01-27.json: Expecting value: line 1 column 1 (char 0)
  ⚠ 跳過 HealthAutoExport-2026-01-28.json: Expecting value: line 1 column 1 (char 0)
  ⚠ 跳過 HealthAutoExport-2026-01-29.json: Expecting value: line 1 column 1 (char 0)
  ⚠ 跳過 HealthAutoExport-2026-01-30.json: Expecting value: line 1 column 1 (char 0)
  ⚠ 跳過 HealthAutoExport-2026-02-02.json: Expecting value: line 1 column 1 (char 0)
  ⚠ 跳過 HealthAutoExport-2026-02-03.json: Expecting value: line 1 column 1 (char 0)
  ⚠ 跳過 HealthAutoExport-2026-02-04.json: Expecting value: line 1 column 1 (char 0)
  ⚠ 跳過 HealthAutoExport-2026-02-05.json: Expecting value: line 1 column 1 (char 0)
  ⚠ 跳過 HealthAutoExport-2026-02-06.json: Expecting value: line 1 column 1 (char 0)
  ⚠ 跳過 HealthAutoExport-2026-02-07.json: Expecting value: line 1 column 1 (char 0)
  ⚠ 跳過 HealthAutoExport-2026-02-08.json: Expecting value: line 1 column 1 (char 0)
  ⚠ 跳過 HealthAutoExport-2026-02-09.json: Expecting value: line 1 column 1 (char 0)
  ⚠ 跳過 HealthAutoExport-2026-02-10.json: Expecting value: line 1 column 1 (char 0)
  ⚠ 跳過 HealthAutoExport-2026-02-11.json: Expecting value: line 1 column 1 (char 0)
  ⚠ 跳過 HealthAutoExport-2026-02-12.json: Expecting value: line 1 column 1 (char 0)
  ⚠ 跳過 HealthAutoExport-2026-02-13.json: Expecting value: line 1 column 1 (char 0)
  ⚠ 跳過 HealthAutoExport-2026-02-14.json: Expecting value: line 1 column 1 (char 0)
  ⚠ 跳過 HealthAutoExport-2026-02-15.json: Expecting value: line 1 column 1 (char 0)
  ⚠ 跳過 HealthAutoExport-2026-02-16.json: Expecting value: line 1 column 1 (char 0)
  ⚠ 跳過 HealthAutoExport-2026-02-17.json: Expecting value: line 1 column 1 (char 0)
  ⚠ 跳過 HealthAutoExport-2026-02-18.json: Expecting value: line 1 column 1 (char 0)
  ⚠ 跳過 HealthAutoExport-2026-02-19.json: Expecting value: line 1 column 1 (char 0)
  ⚠ 跳過 HealthAutoExport-2026-02-20.json: Expecting value: line 1 column 1 (char 0)
  ⚠ 跳過 HealthAutoExport-2026-02-21.json: Expecting value: line 1 column 1 (char 0)
  ⚠ 跳過 HealthAutoExport-2026-02-22.json: Expecting value: line 1 column 1 (char 0)
  ⚠ 跳過 HealthAutoExport-2026-02-23.json: Expecting value: line 1 column 1 (char 0)
  ⚠ 跳過 HealthAutoExport-2026-02-24.json: Expecting value: line 1 column 1 (char 0)
  ⚠ 跳過 HealthAutoExport-2026-02-25.json: Expecting value: line 1 column 1 (char 0)
  ⚠ 跳過 HealthAutoExport-2026-02-26.json: Expecting value: line 1 column 1 (char 0)
  ⚠ 跳過 HealthAutoExport-2026-02-27.json: Expecting value: line 1 column 1 (char 0)
  ⚠ 跳過 HealthAutoExport-2026-02-28.json: Expecting value: line 1 column 1 (char 0)
  ⚠ 跳過 HealthAutoExport-2026-03-01.json: Expecting value: line 1 column 1 (char 0)
  ⚠ 跳過 HealthAutoExport-2026-03-02.json: Expecting value: line 1 column 1 (char 0)
  ⚠ 跳過 HealthAutoExport-2026-03-03.json: Expecting value: line 1 column 1 (char 0)
  ⚠ 跳過 HealthAutoExport-2026-03-04.json: Expecting value: line 1 column 1 (char 0)
  ⚠ 跳過 HealthAutoExport-2026-03-05.json: Expecting value: line 1 column 1 (char 0)
  ⚠ 跳過 HealthAutoExport-2026-03-06.json: Expecting value: line 1 column 1 (char 0)
  ⚠ 跳過 HealthAutoExport-2026-03-07.json: Expecting value: line 1 column 1 (char 0)
  ⚠ 跳過 HealthAutoExport-2026-03-08.json: Expecting value: line 1 column 1 (char 0)
  ⚠ 跳過 HealthAutoExport-2026-03-09.json: Expecting value: line 1 column 1 (char 0)
  ⚠ 跳過 HealthAutoExport-2026-03-10.json: Expecting value: line 1 column 1 (char 0)
  ⚠ 跳過 HealthAutoExport-2026-03-11.json: Expecting value: line 1 column 1 (char 0)
  ⚠ 跳過 HealthAutoExport-2026-03-12.json: Expecting value: line 1 column 1 (char 0)
  ⚠ 跳過 HealthAutoExport-2026-03-13.json: Expecting value: line 1 column 1 (char 0)
  ⚠ 跳過 HealthAutoExport-2026-03-14.json: Expecting value: line 1 column 1 (char 0)
  ⚠ 跳過 HealthAutoExport-2026-03-15.json: Expecting value: line 1 column 1 (char 0)
  ⚠ 跳過 HealthAutoExport-2026-03-16.json: Expecting value: line 1 column 1 (char 0)
  ⚠ 跳過 HealthAutoExport-2026-03-17.json: Expecting value: line 1 column 1 (char 0)
  ⚠ 跳過 HealthAutoExport-2026-03-18.json: Expecting value: line 1 column 1 (char 0)
  ⚠ 跳過 HealthAutoExport-2026-03-19.json: Expecting value: line 1 column 1 (char 0)
  ⚠ 跳過 HealthAutoExport-2026-03-20.json: Expecting value: line 1 column 1 (char 0)
  ⚠ 跳過 HealthAutoExport-2026-03-21.json: Expecting value: line 1 column 1 (char 0)
  ⚠ 跳過 HealthAutoExport-2026-03-22.json: Expecting value: line 1 column 1 (char 0)
  ⚠ 跳過 HealthAutoExport-2026-03-23.json: Expecting value: line 1 column 1 (char 0)
  ⚠ 跳過 HealthAutoExport-2026-03-24.json: Expecting value: line 1 column 1 (char 0)
  ⚠ 跳過 HealthAutoExport-2026-03-25.json: Expecting value: line 1 column 1 (char 0)
  ⚠ 跳過 HealthAutoExport-2026-03-26.json: Expecting value: line 1 column 1 (char 0)
  ⚠ 跳過 HealthAutoExport-2026-03-27.json: Expecting value: line 1 column 1 (char 0)
  ⚠ 跳過 HealthAutoExport-2026-03-28.json: Expecting value: line 1 column 1 (char 0)
  ⚠ 跳過 HealthAutoExport-2026-03-29.json: Expecting value: line 1 column 1 (char 0)
  ⚠ 跳過 HealthAutoExport-2026-03-30.json: Expecting value: line 1 column 1 (char 0)
  ⚠ 跳過 HealthAutoExport-2026-03-31.json: Expecting value: line 1 column 1 (char 0)
  ⚠ 跳過 HealthAutoExport-2026-04-01.json: Expecting value: line 1 column 1 (char 0)
  ⚠ 跳過 HealthAutoExport-2026-04-02.json: Expecting value: line 1 column 1 (char 0)
  ⚠ 跳過 HealthAutoExport-2026-04-03.json: Expecting value: line 1 column 1 (char 0)
  ⚠ 跳過 HealthAutoExport-2026-04-04.json: Expecting value: line 1 column 1 (char 0)
  ⚠ 跳過 HealthAutoExport-2026-04-05.json: Expecting value: line 1 column 1 (char 0)
  ⚠ 跳過 HealthAutoExport-2026-04-06.json: Expecting value: line 1 column 1 (char 0)
  ⚠ 跳過 HealthAutoExport-2026-04-07.json: Expecting value: line 1 column 1 (char 0)
  ⚠ 跳過 HealthAutoExport-2026-04-08.json: Expecting value: line 1 column 1 (char 0)
  ⚠ 跳過 HealthAutoExport-2026-04-09.json: Expecting value: line 1 column 1 (char 0)
  ⚠ 跳過 HealthAutoExport-2026-04-10.json: Expecting value: line 1 column 1 (char 0)
  ⚠ 跳過 HealthAutoExport-2026-04-12.json: Expecting value: line 1 column 1 (char 0)
  ⚠ 跳過 HealthAutoExport-2026-04-13.json: Expecting value: line 1 column 1 (char 0)
  ⚠ 跳過 HealthAutoExport-2026-04-14.json: Expecting value: line 1 column 1 (char 0)
  ⚠ 跳過 HealthAutoExport-2026-04-15.json: Expecting value: line 1 column 1 (char 0)
  ⚠ 跳過 HealthAutoExport-2026-04-16.json: Expecting value: line 1 column 1 (char 0)
  ⚠ 跳過 HealthAutoExport-2026-04-17.json: Expecting value: line 1 column 1 (char 0)
  ⚠ 跳過 HealthAutoExport-2026-04-18.json: Expecting value: line 1 column 1 (char 0)
  ⚠ 跳過 HealthAutoExport-2026-04-19.json: Expecting value: line 1 column 1 (char 0)
  ⚠ 跳過 HealthAutoExport-2026-04-20.json: Expecting value: line 1 column 1 (char 0)
  ⚠ 跳過 HealthAutoExport-2026-04-21.json: Expecting value: line 1 column 1 (char 0)
  ⚠ 跳過 HealthAutoExport-2026-04-22.json: Expecting value: line 1 column 1 (char 0)
  ⚠ 跳過 HealthAutoExport-2026-04-23.json: Expecting value: line 1 column 1 (char 0)
  ⚠ 跳過 HealthAutoExport-2026-04-24.json: Expecting value: line 1 column 1 (char 0)
  ⚠ 跳過 HealthAutoExport-2026-04-25.json: Expecting value: line 1 column 1 (char 0)
  ⚠ 跳過 HealthAutoExport-2026-04-26.json: Expecting value: line 1 column 1 (char 0)
  ⚠ 跳過 HealthAutoExport-2026-04-27.json: Expecting value: line 1 column 1 (char 0)
  ⚠ 跳過 HealthAutoExport-2026-04-28.json: Expecting value: line 1 column 1 (char 0)
  ⚠ 跳過 HealthAutoExport-2026-04-29.json: Expecting value: line 1 column 1 (char 0)
  ⚠ 跳過 HealthAutoExport-2026-04-30.json: Expecting value: line 1 column 1 (char 0)
解析完成：0 筆有效夜晚數據
❌ 沒有讀取到任何數據，中止

==================================================
Sleep Dashboard 更新 — 2026-04-30 14:46
==================================================
找到 0 個 JSON 檔案
解析完成：0 筆有效夜晚數據
❌ 沒有讀取到任何數據，中止

==================================================
Sleep Dashboard 更新 — 2026-04-30 14:56
==================================================
找到 0 個 JSON 檔案
解析完成：0 筆有效夜晚數據
❌ 沒有讀取到任何數據，中止

==================================================
Sleep Dashboard 更新 — 2026-04-30 14:57
==================================================
找到 0 個 JSON 檔案
解析完成：0 筆有效夜晚數據
❌ 沒有讀取到任何數據，中止

==================================================
Sleep Dashboard 更新 — 2026-04-30 14:58
==================================================
找到 0 個 JSON 檔案
解析完成：0 筆有效夜晚數據
❌ 沒有讀取到任何數據，中止

==================================================
Sleep Dashboard 更新 — 2026-04-30 15:01
==================================================
找到 0 個 JSON 檔案
解析完成：0 筆有效夜晚數據
❌ 沒有讀取到任何數據，中止

==================================================
Sleep Dashboard 更新 — 2026-04-30 15:06
==================================================
找到 0 個 JSON 檔案
解析完成：0 筆有效夜晚數據
❌ 沒有讀取到任何數據，中止

==================================================
Sleep Dashboard 更新 — 2026-04-30 15:09
==================================================
找到 0 個 JSON 檔案
解析完成：0 筆有效夜晚數據
❌ 沒有讀取到任何數據，中止

==================================================
Sleep Dashboard 更新 — 2026-04-30 15:11
==================================================
找到 0 個 JSON 檔案
解析完成：0 筆有效夜晚數據
❌ 沒有讀取到任何數據，中止

==================================================
Sleep Dashboard 更新 — 2026-04-30 15:13
==================================================
找到 0 個 JSON 檔案
解析完成：0 筆有效夜晚數據
❌ 沒有讀取到任何數據，中止

==================================================
Sleep Dashboard 更新 — 2026-04-30 15:15
==================================================
找到 0 個 JSON 檔案
解析完成：0 筆有效夜晚數據
❌ 沒有讀取到任何數據，中止

==================================================
Sleep Dashboard 更新 — 2026-04-30 15:17
==================================================
找到 107 個 JSON 檔案
  ⚠ 跳過 HealthAutoExport-2026-01-02.json: [Errno 11] Resource deadlock avoided
  ⚠ 跳過 HealthAutoExport-2026-01-05.json: [Errno 11] Resource deadlock avoided
  ⚠ 跳過 HealthAutoExport-2026-01-06.json: [Errno 11] Resource deadlock avoided
  ⚠ 跳過 HealthAutoExport-2026-01-07.json: [Errno 11] Resource deadlock avoided
  ⚠ 跳過 HealthAutoExport-2026-01-08.json: [Errno 11] Resource deadlock avoided
  ⚠ 跳過 HealthAutoExport-2026-01-09.json: [Errno 11] Resource deadlock avoided
  ⚠ 跳過 HealthAutoExport-2026-01-12.json: [Errno 11] Resource deadlock avoided
  ⚠ 跳過 HealthAutoExport-2026-01-13.json: [Errno 11] Resource deadlock avoided
  ⚠ 跳過 HealthAutoExport-2026-01-14.json: [Errno 11] Resource deadlock avoided
  ⚠ 跳過 HealthAutoExport-2026-01-16.json: [Errno 11] Resource deadlock avoided
  ⚠ 跳過 HealthAutoExport-2026-01-19.json: [Errno 11] Resource deadlock avoided
  ⚠ 跳過 HealthAutoExport-2026-01-20.json: [Errno 11] Resource deadlock avoided
  ⚠ 跳過 HealthAutoExport-2026-01-21.json: [Errno 11] Resource deadlock avoided
  ⚠ 跳過 HealthAutoExport-2026-01-22.json: [Errno 11] Resource deadlock avoided
  ⚠ 跳過 HealthAutoExport-2026-01-23.json: [Errno 11] Resource deadlock avoided
  ⚠ 跳過 HealthAutoExport-2026-01-26.json: [Errno 11] Resource deadlock avoided
  ⚠ 跳過 HealthAutoExport-2026-01-27.json: [Errno 11] Resource deadlock avoided
  ⚠ 跳過 HealthAutoExport-2026-01-28.json: [Errno 11] Resource deadlock avoided
  ⚠ 跳過 HealthAutoExport-2026-01-29.json: [Errno 11] Resource deadlock avoided
  ⚠ 跳過 HealthAutoExport-2026-01-30.json: [Errno 11] Resource deadlock avoided
  ⚠ 跳過 HealthAutoExport-2026-02-02.json: [Errno 11] Resource deadlock avoided
  ⚠ 跳過 HealthAutoExport-2026-02-03.json: [Errno 11] Resource deadlock avoided
  ⚠ 跳過 HealthAutoExport-2026-02-04.json: [Errno 11] Resource deadlock avoided
  ⚠ 跳過 HealthAutoExport-2026-02-05.json: [Errno 11] Resource deadlock avoided
  ⚠ 跳過 HealthAutoExport-2026-02-06.json: [Errno 11] Resource deadlock avoided
  ⚠ 跳過 HealthAutoExport-2026-02-07.json: [Errno 11] Resource deadlock avoided
  ⚠ 跳過 HealthAutoExport-2026-02-08.json: [Errno 11] Resource deadlock avoided
  ⚠ 跳過 HealthAutoExport-2026-02-09.json: [Errno 11] Resource deadlock avoided
  ⚠ 跳過 HealthAutoExport-2026-02-10.json: [Errno 11] Resource deadlock avoided
  ⚠ 跳過 HealthAutoExport-2026-02-11.json: [Errno 11] Resource deadlock avoided
  ⚠ 跳過 HealthAutoExport-2026-02-12.json: [Errno 11] Resource deadlock avoided
  ⚠ 跳過 HealthAutoExport-2026-02-13.json: [Errno 11] Resource deadlock avoided
  ⚠ 跳過 HealthAutoExport-2026-02-14.json: [Errno 11] Resource deadlock avoided
  ⚠ 跳過 HealthAutoExport-2026-02-15.json: [Errno 11] Resource deadlock avoided
  ⚠ 跳過 HealthAutoExport-2026-02-16.json: [Errno 11] Resource deadlock avoided
  ⚠ 跳過 HealthAutoExport-2026-02-17.json: [Errno 11] Resource deadlock avoided
  ⚠ 跳過 HealthAutoExport-2026-02-18.json: [Errno 11] Resource deadlock avoided
  ⚠ 跳過 HealthAutoExport-2026-02-19.json: [Errno 11] Resource deadlock avoided
  ⚠ 跳過 HealthAutoExport-2026-02-20.json: [Errno 11] Resource deadlock avoided
  ⚠ 跳過 HealthAutoExport-2026-02-21.json: [Errno 11] Resource deadlock avoided
  ⚠ 跳過 HealthAutoExport-2026-02-22.json: [Errno 11] Resource deadlock avoided
  ⚠ 跳過 HealthAutoExport-2026-02-23.json: [Errno 11] Resource deadlock avoided
  ⚠ 跳過 HealthAutoExport-2026-02-24.json: [Errno 11] Resource deadlock avoided
  ⚠ 跳過 HealthAutoExport-2026-02-25.json: [Errno 11] Resource deadlock avoided
  ⚠ 跳過 HealthAutoExport-2026-02-26.json: [Errno 11] Resource deadlock avoided
  ⚠ 跳過 HealthAutoExport-2026-02-27.json: [Errno 11] Resource deadlock avoided
  ⚠ 跳過 HealthAutoExport-2026-02-28.json: [Errno 11] Resource deadlock avoided
  ⚠ 跳過 HealthAutoExport-2026-03-01.json: [Errno 11] Resource deadlock avoided
  ⚠ 跳過 HealthAutoExport-2026-03-02.json: [Errno 11] Resource deadlock avoided
  ⚠ 跳過 HealthAutoExport-2026-03-03.json: [Errno 11] Resource deadlock avoided
  ⚠ 跳過 HealthAutoExport-2026-03-04.json: [Errno 11] Resource deadlock avoided
  ⚠ 跳過 HealthAutoExport-2026-03-05.json: [Errno 11] Resource deadlock avoided
  ⚠ 跳過 HealthAutoExport-2026-03-06.json: [Errno 11] Resource deadlock avoided
  ⚠ 跳過 HealthAutoExport-2026-03-07.json: [Errno 11] Resource deadlock avoided
  ⚠ 跳過 HealthAutoExport-2026-03-08.json: [Errno 11] Resource deadlock avoided
  ⚠ 跳過 HealthAutoExport-2026-03-09.json: [Errno 11] Resource deadlock avoided
  ⚠ 跳過 HealthAutoExport-2026-03-10.json: [Errno 11] Resource deadlock avoided
  ⚠ 跳過 HealthAutoExport-2026-03-11.json: [Errno 11] Resource deadlock avoided
  ⚠ 跳過 HealthAutoExport-2026-03-12.json: [Errno 11] Resource deadlock avoided
  ⚠ 跳過 HealthAutoExport-2026-03-13.json: [Errno 11] Resource deadlock avoided
  ⚠ 跳過 HealthAutoExport-2026-03-14.json: [Errno 11] Resource deadlock avoided
  ⚠ 跳過 HealthAutoExport-2026-03-15.json: [Errno 11] Resource deadlock avoided
  ⚠ 跳過 HealthAutoExport-2026-03-16.json: [Errno 11] Resource deadlock avoided
  ⚠ 跳過 HealthAutoExport-2026-03-17.json: [Errno 11] Resource deadlock avoided
  ⚠ 跳過 HealthAutoExport-2026-03-18.json: [Errno 11] Resource deadlock avoided
  ⚠ 跳過 HealthAutoExport-2026-03-19.json: [Errno 11] Resource deadlock avoided
  ⚠ 跳過 HealthAutoExport-2026-03-20.json: [Errno 11] Resource deadlock avoided
  ⚠ 跳過 HealthAutoExport-2026-03-21.json: [Errno 11] Resource deadlock avoided
  ⚠ 跳過 HealthAutoExport-2026-03-22.json: [Errno 11] Resource deadlock avoided
  ⚠ 跳過 HealthAutoExport-2026-03-23.json: [Errno 11] Resource deadlock avoided
  ⚠ 跳過 HealthAutoExport-2026-03-24.json: [Errno 11] Resource deadlock avoided
  ⚠ 跳過 HealthAutoExport-2026-03-25.json: [Errno 11] Resource deadlock avoided
  ⚠ 跳過 HealthAutoExport-2026-03-26.json: [Errno 11] Resource deadlock avoided
  ⚠ 跳過 HealthAutoExport-2026-03-27.json: [Errno 11] Resource deadlock avoided
  ⚠ 跳過 HealthAutoExport-2026-03-28.json: [Errno 11] Resource deadlock avoided
  ⚠ 跳過 HealthAutoExport-2026-03-29.json: [Errno 11] Resource deadlock avoided
  ⚠ 跳過 HealthAutoExport-2026-03-30.json: [Errno 11] Resource deadlock avoided
  ⚠ 跳過 HealthAutoExport-2026-03-31.json: [Errno 11] Resource deadlock avoided
  ⚠ 跳過 HealthAutoExport-2026-04-01.json: [Errno 11] Resource deadlock avoided
  ⚠ 跳過 HealthAutoExport-2026-04-02.json: [Errno 11] Resource deadlock avoided
  ⚠ 跳過 HealthAutoExport-2026-04-03.json: [Errno 11] Resource deadlock avoided
  ⚠ 跳過 HealthAutoExport-2026-04-04.json: [Errno 11] Resource deadlock avoided
  ⚠ 跳過 HealthAutoExport-2026-04-05.json: [Errno 11] Resource deadlock avoided
  ⚠ 跳過 HealthAutoExport-2026-04-06.json: [Errno 11] Resource deadlock avoided
  ⚠ 跳過 HealthAutoExport-2026-04-07.json: [Errno 11] Resource deadlock avoided
  ⚠ 跳過 HealthAutoExport-2026-04-08.json: [Errno 11] Resource deadlock avoided
  ⚠ 跳過 HealthAutoExport-2026-04-09.json: [Errno 11] Resource deadlock avoided
  ⚠ 跳過 HealthAutoExport-2026-04-10.json: [Errno 11] Resource deadlock avoided
  ⚠ 跳過 HealthAutoExport-2026-04-12.json: [Errno 11] Resource deadlock avoided
  ⚠ 跳過 HealthAutoExport-2026-04-13.json: [Errno 11] Resource deadlock avoided
  ⚠ 跳過 HealthAutoExport-2026-04-14.json: [Errno 11] Resource deadlock avoided
  ⚠ 跳過 HealthAutoExport-2026-04-15.json: [Errno 11] Resource deadlock avoided
  ⚠ 跳過 HealthAutoExport-2026-04-16.json: [Errno 11] Resource deadlock avoided
  ⚠ 跳過 HealthAutoExport-2026-04-17.json: [Errno 11] Resource deadlock avoided
  ⚠ 跳過 HealthAutoExport-2026-04-18.json: [Errno 11] Resource deadlock avoided
  ⚠ 跳過 HealthAutoExport-2026-04-19.json: [Errno 11] Resource deadlock avoided
  ⚠ 跳過 HealthAutoExport-2026-04-20.json: [Errno 11] Resource deadlock avoided
  ⚠ 跳過 HealthAutoExport-2026-04-21.json: [Errno 11] Resource deadlock avoided
  ⚠ 跳過 HealthAutoExport-2026-04-22.json: [Errno 11] Resource deadlock avoided
  ⚠ 跳過 HealthAutoExport-2026-04-23.json: [Errno 11] Resource deadlock avoided
  ⚠ 跳過 HealthAutoExport-2026-04-24.json: [Errno 11] Resource deadlock avoided
  ⚠ 跳過 HealthAutoExport-2026-04-25.json: [Errno 11] Resource deadlock avoided
  ⚠ 跳過 HealthAutoExport-2026-04-26.json: [Errno 11] Resource deadlock avoided
  ⚠ 跳過 HealthAutoExport-2026-04-27.json: [Errno 11] Resource deadlock avoided
  ⚠ 跳過 HealthAutoExport-2026-04-28.json: [Errno 11] Resource deadlock avoided
  ⚠ 跳過 HealthAutoExport-2026-04-29.json: [Errno 11] Resource deadlock avoided
  ⚠ 跳過 HealthAutoExport-2026-04-30.json: [Errno 11] Resource deadlock avoided
解析完成：0 筆有效夜晚數據
❌ 沒有讀取到任何數據，中止

==================================================
Sleep Dashboard 更新 — 2026-04-30 15:20
==================================================
找到 107 個 JSON 檔案
  ⚠ 跳過 HealthAutoExport-2026-01-02.json: [Errno 11] Resource deadlock avoided
  ⚠ 跳過 HealthAutoExport-2026-01-05.json: [Errno 11] Resource deadlock avoided
  ⚠ 跳過 HealthAutoExport-2026-01-06.json: [Errno 11] Resource deadlock avoided
  ⚠ 跳過 HealthAutoExport-2026-01-07.json: [Errno 11] Resource deadlock avoided
  ⚠ 跳過 HealthAutoExport-2026-01-08.json: [Errno 11] Resource deadlock avoided
  ⚠ 跳過 HealthAutoExport-2026-01-09.json: [Errno 11] Resource deadlock avoided
  ⚠ 跳過 HealthAutoExport-2026-01-12.json: [Errno 11] Resource deadlock avoided
  ⚠ 跳過 HealthAutoExport-2026-01-13.json: [Errno 11] Resource deadlock avoided
  ⚠ 跳過 HealthAutoExport-2026-01-14.json: [Errno 11] Resource deadlock avoided
  ⚠ 跳過 HealthAutoExport-2026-01-16.json: [Errno 11] Resource deadlock avoided
  ⚠ 跳過 HealthAutoExport-2026-01-19.json: [Errno 11] Resource deadlock avoided
  ⚠ 跳過 HealthAutoExport-2026-01-20.json: [Errno 11] Resource deadlock avoided
  ⚠ 跳過 HealthAutoExport-2026-01-21.json: [Errno 11] Resource deadlock avoided
  ⚠ 跳過 HealthAutoExport-2026-01-22.json: [Errno 11] Resource deadlock avoided
  ⚠ 跳過 HealthAutoExport-2026-01-23.json: [Errno 11] Resource deadlock avoided
  ⚠ 跳過 HealthAutoExport-2026-01-26.json: [Errno 11] Resource deadlock avoided
  ⚠ 跳過 HealthAutoExport-2026-01-27.json: [Errno 11] Resource deadlock avoided
  ⚠ 跳過 HealthAutoExport-2026-01-28.json: [Errno 11] Resource deadlock avoided
  ⚠ 跳過 HealthAutoExport-2026-01-29.json: [Errno 11] Resource deadlock avoided
  ⚠ 跳過 HealthAutoExport-2026-01-30.json: [Errno 11] Resource deadlock avoided
  ⚠ 跳過 HealthAutoExport-2026-02-02.json: [Errno 11] Resource deadlock avoided
  ⚠ 跳過 HealthAutoExport-2026-02-03.json: [Errno 11] Resource deadlock avoided
  ⚠ 跳過 HealthAutoExport-2026-02-04.json: [Errno 11] Resource deadlock avoided
  ⚠ 跳過 HealthAutoExport-2026-02-05.json: [Errno 11] Resource deadlock avoided
  ⚠ 跳過 HealthAutoExport-2026-02-06.json: [Errno 11] Resource deadlock avoided
  ⚠ 跳過 HealthAutoExport-2026-02-07.json: [Errno 11] Resource deadlock avoided
  ⚠ 跳過 HealthAutoExport-2026-02-08.json: [Errno 11] Resource deadlock avoided
  ⚠ 跳過 HealthAutoExport-2026-02-09.json: [Errno 11] Resource deadlock avoided
  ⚠ 跳過 HealthAutoExport-2026-02-10.json: [Errno 11] Resource deadlock avoided
  ⚠ 跳過 HealthAutoExport-2026-02-11.json: [Errno 11] Resource deadlock avoided
  ⚠ 跳過 HealthAutoExport-2026-02-12.json: [Errno 11] Resource deadlock avoided
  ⚠ 跳過 HealthAutoExport-2026-02-13.json: [Errno 11] Resource deadlock avoided
  ⚠ 跳過 HealthAutoExport-2026-02-14.json: [Errno 11] Resource deadlock avoided
  ⚠ 跳過 HealthAutoExport-2026-02-15.json: [Errno 11] Resource deadlock avoided
  ⚠ 跳過 HealthAutoExport-2026-02-16.json: [Errno 11] Resource deadlock avoided
  ⚠ 跳過 HealthAutoExport-2026-02-17.json: [Errno 11] Resource deadlock avoided
  ⚠ 跳過 HealthAutoExport-2026-02-18.json: [Errno 11] Resource deadlock avoided
  ⚠ 跳過 HealthAutoExport-2026-02-19.json: [Errno 11] Resource deadlock avoided
  ⚠ 跳過 HealthAutoExport-2026-02-20.json: [Errno 11] Resource deadlock avoided
  ⚠ 跳過 HealthAutoExport-2026-02-21.json: [Errno 11] Resource deadlock avoided
  ⚠ 跳過 HealthAutoExport-2026-02-22.json: [Errno 11] Resource deadlock avoided
  ⚠ 跳過 HealthAutoExport-2026-02-23.json: [Errno 11] Resource deadlock avoided
  ⚠ 跳過 HealthAutoExport-2026-02-24.json: [Errno 11] Resource deadlock avoided
  ⚠ 跳過 HealthAutoExport-2026-02-25.json: [Errno 11] Resource deadlock avoided
  ⚠ 跳過 HealthAutoExport-2026-02-26.json: [Errno 11] Resource deadlock avoided
  ⚠ 跳過 HealthAutoExport-2026-02-27.json: [Errno 11] Resource deadlock avoided
  ⚠ 跳過 HealthAutoExport-2026-02-28.json: [Errno 11] Resource deadlock avoided
  ⚠ 跳過 HealthAutoExport-2026-03-01.json: [Errno 11] Resource deadlock avoided
  ⚠ 跳過 HealthAutoExport-2026-03-02.json: [Errno 11] Resource deadlock avoided
  ⚠ 跳過 HealthAutoExport-2026-03-03.json: [Errno 11] Resource deadlock avoided
  ⚠ 跳過 HealthAutoExport-2026-03-04.json: [Errno 11] Resource deadlock avoided
  ⚠ 跳過 HealthAutoExport-2026-03-05.json: [Errno 11] Resource deadlock avoided
  ⚠ 跳過 HealthAutoExport-2026-03-06.json: [Errno 11] Resource deadlock avoided
  ⚠ 跳過 HealthAutoExport-2026-03-07.json: [Errno 11] Resource deadlock avoided
  ⚠ 跳過 HealthAutoExport-2026-03-08.json: [Errno 11] Resource deadlock avoided
  ⚠ 跳過 HealthAutoExport-2026-03-09.json: [Errno 11] Resource deadlock avoided
  ⚠ 跳過 HealthAutoExport-2026-03-10.json: [Errno 11] Resource deadlock avoided
  ⚠ 跳過 HealthAutoExport-2026-03-11.json: [Errno 11] Resource deadlock avoided
  ⚠ 跳過 HealthAutoExport-2026-03-12.json: [Errno 11] Resource deadlock avoided
  ⚠ 跳過 HealthAutoExport-2026-03-13.json: [Errno 11] Resource deadlock avoided
  ⚠ 跳過 HealthAutoExport-2026-03-14.json: [Errno 11] Resource deadlock avoided
  ⚠ 跳過 HealthAutoExport-2026-03-15.json: [Errno 11] Resource deadlock avoided
  ⚠ 跳過 HealthAutoExport-2026-03-16.json: [Errno 11] Resource deadlock avoided
  ⚠ 跳過 HealthAutoExport-2026-03-17.json: [Errno 11] Resource deadlock avoided
  ⚠ 跳過 HealthAutoExport-2026-03-18.json: [Errno 11] Resource deadlock avoided
  ⚠ 跳過 HealthAutoExport-2026-03-19.json: [Errno 11] Resource deadlock avoided
  ⚠ 跳過 HealthAutoExport-2026-03-20.json: [Errno 11] Resource deadlock avoided
  ⚠ 跳過 HealthAutoExport-2026-03-21.json: [Errno 11] Resource deadlock avoided
  ⚠ 跳過 HealthAutoExport-2026-03-22.json: [Errno 11] Resource deadlock avoided
  ⚠ 跳過 HealthAutoExport-2026-03-23.json: [Errno 11] Resource deadlock avoided
  ⚠ 跳過 HealthAutoExport-2026-03-24.json: [Errno 11] Resource deadlock avoided
  ⚠ 跳過 HealthAutoExport-2026-03-25.json: [Errno 11] Resource deadlock avoided
  ⚠ 跳過 HealthAutoExport-2026-03-26.json: [Errno 11] Resource deadlock avoided
  ⚠ 跳過 HealthAutoExport-2026-03-27.json: [Errno 11] Resource deadlock avoided
  ⚠ 跳過 HealthAutoExport-2026-03-28.json: [Errno 11] Resource deadlock avoided
  ⚠ 跳過 HealthAutoExport-2026-03-29.json: [Errno 11] Resource deadlock avoided
  ⚠ 跳過 HealthAutoExport-2026-03-30.json: [Errno 11] Resource deadlock avoided
  ⚠ 跳過 HealthAutoExport-2026-03-31.json: [Errno 11] Resource deadlock avoided
  ⚠ 跳過 HealthAutoExport-2026-04-01.json: [Errno 11] Resource deadlock avoided
  ⚠ 跳過 HealthAutoExport-2026-04-02.json: [Errno 11] Resource deadlock avoided
  ⚠ 跳過 HealthAutoExport-2026-04-03.json: [Errno 11] Resource deadlock avoided
  ⚠ 跳過 HealthAutoExport-2026-04-04.json: [Errno 11] Resource deadlock avoided
  ⚠ 跳過 HealthAutoExport-2026-04-05.json: [Errno 11] Resource deadlock avoided
  ⚠ 跳過 HealthAutoExport-2026-04-06.json: [Errno 11] Resource deadlock avoided
  ⚠ 跳過 HealthAutoExport-2026-04-07.json: [Errno 11] Resource deadlock avoided
  ⚠ 跳過 HealthAutoExport-2026-04-08.json: [Errno 11] Resource deadlock avoided
  ⚠ 跳過 HealthAutoExport-2026-04-09.json: [Errno 11] Resource deadlock avoided
  ⚠ 跳過 HealthAutoExport-2026-04-10.json: [Errno 11] Resource deadlock avoided
  ⚠ 跳過 HealthAutoExport-2026-04-12.json: [Errno 11] Resource deadlock avoided
  ⚠ 跳過 HealthAutoExport-2026-04-13.json: [Errno 11] Resource deadlock avoided
  ⚠ 跳過 HealthAutoExport-2026-04-14.json: [Errno 11] Resource deadlock avoided
  ⚠ 跳過 HealthAutoExport-2026-04-15.json: [Errno 11] Resource deadlock avoided
  ⚠ 跳過 HealthAutoExport-2026-04-16.json: [Errno 11] Resource deadlock avoided
  ⚠ 跳過 HealthAutoExport-2026-04-17.json: [Errno 11] Resource deadlock avoided
  ⚠ 跳過 HealthAutoExport-2026-04-18.json: [Errno 11] Resource deadlock avoided
[main c2b9706] auto update: 2026-04-30
 1 file changed, 1 insertion(+), 1 deletion(-)
  ⚠ 跳過 HealthAutoExport-2026-04-19.json: [Errno 11] Resource deadlock avoided
  ⚠ 跳過 HealthAutoExport-2026-04-20.json: [Errno 11] Resource deadlock avoided
  ⚠ 跳過 HealthAutoExport-2026-04-21.json: [Errno 11] Resource deadlock avoided
  ⚠ 跳過 HealthAutoExport-2026-04-22.json: [Errno 11] Resource deadlock avoided
  ⚠ 跳過 HealthAutoExport-2026-04-23.json: [Errno 11] Resource deadlock avoided
  ⚠ 跳過 HealthAutoExport-2026-04-24.json: [Errno 11] Resource deadlock avoided
  ⚠ 跳過 HealthAutoExport-2026-04-25.json: [Errno 11] Resource deadlock avoided
  ⚠ 跳過 HealthAutoExport-2026-04-26.json: [Errno 11] Resource deadlock avoided
  ⚠ 跳過 HealthAutoExport-2026-04-27.json: [Errno 11] Resource deadlock avoided
  ⚠ 跳過 HealthAutoExport-2026-04-28.json: [Errno 11] Resource deadlock avoided
  ⚠ 跳過 HealthAutoExport-2026-04-29.json: [Errno 11] Resource deadlock avoided
解析完成：1 筆有效夜晚數據
✅ HTML 更新完成，最新數據：2026-04-30
✅ 已 push 到 GitHub
完成

[main e48789c] auto update: 2026-04-30
 1 file changed, 1 insertion(+), 1 deletion(-)

==================================================
Sleep Dashboard 更新 — 2026-04-30 15:23
==================================================
找到 107 個 JSON 檔案
解析完成：106 筆有效夜晚數據
✅ HTML 更新完成，最新數據：2026-04-30
✅ 已 push 到 GitHub
完成


==================================================
Sleep Dashboard 更新 — 2026-04-30 15:25
==================================================
找到 107 個 JSON 檔案
解析完成：106 筆有效夜晚數據
✅ HTML 更新完成，最新數據：2026-04-30
ℹ️  沒有新變更，不需要 push
完成


==================================================
Sleep Dashboard 更新 — 2026-04-30 15:26
==================================================
找到 107 個 JSON 檔案
解析完成：106 筆有效夜晚數據
✅ HTML 更新完成，最新數據：2026-04-30
ℹ️  沒有新變更，不需要 push
完成


==================================================
Sleep Dashboard 更新 — 2026-05-01 09:45
==================================================
找到 107 個 JSON 檔案
  ⚠ 跳過 HealthAutoExport-2026-01-02.json: [Errno 11] Resource deadlock avoided
  ⚠ 跳過 HealthAutoExport-2026-01-05.json: [Errno 11] Resource deadlock avoided
  ⚠ 跳過 HealthAutoExport-2026-01-06.json: [Errno 11] Resource deadlock avoided
  ⚠ 跳過 HealthAutoExport-2026-01-07.json: [Errno 11] Resource deadlock avoided
  ⚠ 跳過 HealthAutoExport-2026-01-08.json: [Errno 11] Resource deadlock avoided
  ⚠ 跳過 HealthAutoExport-2026-01-09.json: [Errno 11] Resource deadlock avoided
  ⚠ 跳過 HealthAutoExport-2026-01-12.json: [Errno 11] Resource deadlock avoided
  ⚠ 跳過 HealthAutoExport-2026-01-13.json: [Errno 11] Resource deadlock avoided
  ⚠ 跳過 HealthAutoExport-2026-01-14.json: [Errno 11] Resource deadlock avoided
  ⚠ 跳過 HealthAutoExport-2026-01-16.json: [Errno 11] Resource deadlock avoided
  ⚠ 跳過 HealthAutoExport-2026-01-19.json: [Errno 11] Resource deadlock avoided
  ⚠ 跳過 HealthAutoExport-2026-01-20.json: [Errno 11] Resource deadlock avoided
  ⚠ 跳過 HealthAutoExport-2026-01-21.json: [Errno 11] Resource deadlock avoided
  ⚠ 跳過 HealthAutoExport-2026-01-22.json: [Errno 11] Resource deadlock avoided
  ⚠ 跳過 HealthAutoExport-2026-01-23.json: [Errno 11] Resource deadlock avoided
  ⚠ 跳過 HealthAutoExport-2026-01-26.json: [Errno 11] Resource deadlock avoided
  ⚠ 跳過 HealthAutoExport-2026-01-27.json: [Errno 11] Resource deadlock avoided
  ⚠ 跳過 HealthAutoExport-2026-01-28.json: [Errno 11] Resource deadlock avoided
  ⚠ 跳過 HealthAutoExport-2026-01-29.json: [Errno 11] Resource deadlock avoided
  ⚠ 跳過 HealthAutoExport-2026-01-30.json: [Errno 11] Resource deadlock avoided
  ⚠ 跳過 HealthAutoExport-2026-02-02.json: [Errno 11] Resource deadlock avoided
  ⚠ 跳過 HealthAutoExport-2026-02-03.json: [Errno 11] Resource deadlock avoided
  ⚠ 跳過 HealthAutoExport-2026-02-04.json: [Errno 11] Resource deadlock avoided
  ⚠ 跳過 HealthAutoExport-2026-02-05.json: [Errno 11] Resource deadlock avoided
  ⚠ 跳過 HealthAutoExport-2026-02-06.json: [Errno 11] Resource deadlock avoided
  ⚠ 跳過 HealthAutoExport-2026-02-07.json: [Errno 11] Resource deadlock avoided
  ⚠ 跳過 HealthAutoExport-2026-02-08.json: [Errno 11] Resource deadlock avoided
  ⚠ 跳過 HealthAutoExport-2026-02-09.json: [Errno 11] Resource deadlock avoided
  ⚠ 跳過 HealthAutoExport-2026-02-10.json: [Errno 11] Resource deadlock avoided
  ⚠ 跳過 HealthAutoExport-2026-02-11.json: [Errno 11] Resource deadlock avoided
  ⚠ 跳過 HealthAutoExport-2026-02-12.json: [Errno 11] Resource deadlock avoided
  ⚠ 跳過 HealthAutoExport-2026-02-13.json: [Errno 11] Resource deadlock avoided
  ⚠ 跳過 HealthAutoExport-2026-02-14.json: [Errno 11] Resource deadlock avoided
  ⚠ 跳過 HealthAutoExport-2026-02-15.json: [Errno 11] Resource deadlock avoided
  ⚠ 跳過 HealthAutoExport-2026-02-16.json: [Errno 11] Resource deadlock avoided
  ⚠ 跳過 HealthAutoExport-2026-02-17.json: [Errno 11] Resource deadlock avoided
  ⚠ 跳過 HealthAutoExport-2026-02-18.json: [Errno 11] Resource deadlock avoided
  ⚠ 跳過 HealthAutoExport-2026-02-19.json: [Errno 11] Resource deadlock avoided
  ⚠ 跳過 HealthAutoExport-2026-02-20.json: [Errno 11] Resource deadlock avoided
  ⚠ 跳過 HealthAutoExport-2026-02-21.json: [Errno 11] Resource deadlock avoided
  ⚠ 跳過 HealthAutoExport-2026-02-22.json: [Errno 11] Resource deadlock avoided
  ⚠ 跳過 HealthAutoExport-2026-02-23.json: [Errno 11] Resource deadlock avoided
  ⚠ 跳過 HealthAutoExport-2026-02-24.json: [Errno 11] Resource deadlock avoided
  ⚠ 跳過 HealthAutoExport-2026-02-25.json: [Errno 11] Resource deadlock avoided
  ⚠ 跳過 HealthAutoExport-2026-02-26.json: [Errno 11] Resource deadlock avoided
  ⚠ 跳過 HealthAutoExport-2026-02-27.json: [Errno 11] Resource deadlock avoided
  ⚠ 跳過 HealthAutoExport-2026-02-28.json: [Errno 11] Resource deadlock avoided
  ⚠ 跳過 HealthAutoExport-2026-03-01.json: [Errno 11] Resource deadlock avoided
  ⚠ 跳過 HealthAutoExport-2026-03-02.json: [Errno 11] Resource deadlock avoided
  ⚠ 跳過 HealthAutoExport-2026-03-03.json: [Errno 11] Resource deadlock avoided
  ⚠ 跳過 HealthAutoExport-2026-03-04.json: [Errno 11] Resource deadlock avoided
  ⚠ 跳過 HealthAutoExport-2026-03-05.json: [Errno 11] Resource deadlock avoided
  ⚠ 跳過 HealthAutoExport-2026-03-06.json: [Errno 11] Resource deadlock avoided
  ⚠ 跳過 HealthAutoExport-2026-03-07.json: [Errno 11] Resource deadlock avoided
  ⚠ 跳過 HealthAutoExport-2026-03-08.json: [Errno 11] Resource deadlock avoided
  ⚠ 跳過 HealthAutoExport-2026-03-09.json: [Errno 11] Resource deadlock avoided
  ⚠ 跳過 HealthAutoExport-2026-03-10.json: [Errno 11] Resource deadlock avoided
  ⚠ 跳過 HealthAutoExport-2026-03-11.json: [Errno 11] Resource deadlock avoided
  ⚠ 跳過 HealthAutoExport-2026-03-12.json: [Errno 11] Resource deadlock avoided
  ⚠ 跳過 HealthAutoExport-2026-03-13.json: [Errno 11] Resource deadlock avoided
  ⚠ 跳過 HealthAutoExport-2026-03-14.json: [Errno 11] Resource deadlock avoided
  ⚠ 跳過 HealthAutoExport-2026-03-15.json: [Errno 11] Resource deadlock avoided
  ⚠ 跳過 HealthAutoExport-2026-03-16.json: [Errno 11] Resource deadlock avoided
  ⚠ 跳過 HealthAutoExport-2026-03-17.json: [Errno 11] Resource deadlock avoided
  ⚠ 跳過 HealthAutoExport-2026-03-18.json: [Errno 11] Resource deadlock avoided
  ⚠ 跳過 HealthAutoExport-2026-03-19.json: [Errno 11] Resource deadlock avoided
  ⚠ 跳過 HealthAutoExport-2026-03-20.json: [Errno 11] Resource deadlock avoided
  ⚠ 跳過 HealthAutoExport-2026-03-21.json: [Errno 11] Resource deadlock avoided
  ⚠ 跳過 HealthAutoExport-2026-03-22.json: [Errno 11] Resource deadlock avoided
  ⚠ 跳過 HealthAutoExport-2026-03-23.json: [Errno 11] Resource deadlock avoided
  ⚠ 跳過 HealthAutoExport-2026-03-24.json: [Errno 11] Resource deadlock avoided
  ⚠ 跳過 HealthAutoExport-2026-03-25.json: [Errno 11] Resource deadlock avoided
  ⚠ 跳過 HealthAutoExport-2026-03-26.json: [Errno 11] Resource deadlock avoided
  ⚠ 跳過 HealthAutoExport-2026-03-27.json: [Errno 11] Resource deadlock avoided
  ⚠ 跳過 HealthAutoExport-2026-03-28.json: [Errno 11] Resource deadlock avoided
  ⚠ 跳過 HealthAutoExport-2026-03-29.json: [Errno 11] Resource deadlock avoided
  ⚠ 跳過 HealthAutoExport-2026-03-30.json: [Errno 11] Resource deadlock avoided
  ⚠ 跳過 HealthAutoExport-2026-03-31.json: [Errno 11] Resource deadlock avoided
  ⚠ 跳過 HealthAutoExport-2026-04-01.json: [Errno 11] Resource deadlock avoided
  ⚠ 跳過 HealthAutoExport-2026-04-02.json: [Errno 11] Resource deadlock avoided
  ⚠ 跳過 HealthAutoExport-2026-04-03.json: [Errno 11] Resource deadlock avoided
  ⚠ 跳過 HealthAutoExport-2026-04-04.json: [Errno 11] Resource deadlock avoided
  ⚠ 跳過 HealthAutoExport-2026-04-05.json: [Errno 11] Resource deadlock avoided
  ⚠ 跳過 HealthAutoExport-2026-04-06.json: [Errno 11] Resource deadlock avoided
  ⚠ 跳過 HealthAutoExport-2026-04-07.json: [Errno 11] Resource deadlock avoided
  ⚠ 跳過 HealthAutoExport-2026-04-08.json: [Errno 11] Resource deadlock avoided
  ⚠ 跳過 HealthAutoExport-2026-04-09.json: [Errno 11] Resource deadlock avoided
  ⚠ 跳過 HealthAutoExport-2026-04-10.json: [Errno 11] Resource deadlock avoided
  ⚠ 跳過 HealthAutoExport-2026-04-12.json: [Errno 11] Resource deadlock avoided
  ⚠ 跳過 HealthAutoExport-2026-04-13.json: [Errno 11] Resource deadlock avoided
  ⚠ 跳過 HealthAutoExport-2026-04-14.json: [Errno 11] Resource deadlock avoided
  ⚠ 跳過 HealthAutoExport-2026-04-15.json: [Errno 11] Resource deadlock avoided
  ⚠ 跳過 HealthAutoExport-2026-04-16.json: [Errno 11] Resource deadlock avoided
  ⚠ 跳過 HealthAutoExport-2026-04-17.json: [Errno 11] Resource deadlock avoided
  ⚠ 跳過 HealthAutoExport-2026-04-18.json: [Errno 11] Resource deadlock avoided
  ⚠ 跳過 HealthAutoExport-2026-04-19.json: [Errno 11] Resource deadlock avoided
  ⚠ 跳過 HealthAutoExport-2026-04-20.json: [Errno 11] Resource deadlock avoided
  ⚠ 跳過 HealthAutoExport-2026-04-21.json: [Errno 11] Resource deadlock avoided
  ⚠ 跳過 HealthAutoExport-2026-04-22.json: [Errno 11] Resource deadlock avoided
  ⚠ 跳過 HealthAutoExport-2026-04-23.json: [Errno 11] Resource deadlock avoided
  ⚠ 跳過 HealthAutoExport-2026-04-24.json: [Errno 11] Resource deadlock avoided
  ⚠ 跳過 HealthAutoExport-2026-04-25.json: [Errno 11] Resource deadlock avoided
  ⚠ 跳過 HealthAutoExport-2026-04-26.json: [Errno 11] Resource deadlock avoided
  ⚠ 跳過 HealthAutoExport-2026-04-27.json: [Errno 11] Resource deadlock avoided
  ⚠ 跳過 HealthAutoExport-2026-04-28.json: [Errno 11] Resource deadlock avoided
  ⚠ 跳過 HealthAutoExport-2026-04-29.json: [Errno 11] Resource deadlock avoided
  ⚠ 跳過 HealthAutoExport-2026-04-30.json: [Errno 11] Resource deadlock avoided
解析完成：0 筆有效夜晚數據
❌ 沒有讀取到任何數據，中止
[main 029ee22] auto update: 2026-05-01
 1 file changed, 1 insertion(+), 1 deletion(-)

==================================================
Sleep Dashboard 更新 — 2026-05-01 21:23
==================================================
找到 108 個 JSON 檔案
解析完成：107 筆有效夜晚數據
✅ HTML 更新完成，最新數據：2026-05-01
✅ 已 push 到 GitHub
完成


==================================================
Sleep Dashboard 更新 — 2026-05-01 21:30
==================================================
找到 108 個 JSON 檔案
解析完成：107 筆有效夜晚數據
✅ HTML 更新完成，最新數據：2026-05-01
ℹ️  沒有新變更，不需要 push
完成

[main 97a9a9e] auto update: 2026-05-02
 1 file changed, 1 insertion(+), 1 deletion(-)

==================================================
Sleep Dashboard 更新 — 2026-05-02 20:59
==================================================
找到 109 個 JSON 檔案
解析完成：108 筆有效夜晚數據
✅ HTML 更新完成，最新數據：2026-05-02
❌ Git 操作失敗：Command '['git', 'push']' returned non-zero exit status 1.
完成


==================================================
Sleep Dashboard 更新 — 2026-05-02 21:00
==================================================
找到 109 個 JSON 檔案
解析完成：108 筆有效夜晚數據
✅ HTML 更新完成，最新數據：2026-05-02
ℹ️  沒有新變更，不需要 push
完成


==================================================
Sleep Dashboard 更新 — 2026-05-02 21:05
==================================================
找到 109 個 JSON 檔案
解析完成：108 筆有效夜晚數據
✅ HTML 更新完成，最新數據：2026-05-02
ℹ️  沒有新變更，不需要 push
完成


==================================================
Sleep Dashboard 更新 — 2026-05-02 21:30
==================================================
找到 109 個 JSON 檔案
  ⚠ 跳過 HealthAutoExport-2026-01-02.json: [Errno 11] Resource deadlock avoided
  ⚠ 跳過 HealthAutoExport-2026-01-05.json: [Errno 11] Resource deadlock avoided
  ⚠ 跳過 HealthAutoExport-2026-01-06.json: [Errno 11] Resource deadlock avoided
  ⚠ 跳過 HealthAutoExport-2026-01-07.json: [Errno 11] Resource deadlock avoided
  ⚠ 跳過 HealthAutoExport-2026-01-08.json: [Errno 11] Resource deadlock avoided
  ⚠ 跳過 HealthAutoExport-2026-01-09.json: [Errno 11] Resource deadlock avoided
  ⚠ 跳過 HealthAutoExport-2026-01-12.json: [Errno 11] Resource deadlock avoided
  ⚠ 跳過 HealthAutoExport-2026-01-13.json: [Errno 11] Resource deadlock avoided
  ⚠ 跳過 HealthAutoExport-2026-01-14.json: [Errno 11] Resource deadlock avoided
  ⚠ 跳過 HealthAutoExport-2026-01-16.json: [Errno 11] Resource deadlock avoided
  ⚠ 跳過 HealthAutoExport-2026-01-19.json: [Errno 11] Resource deadlock avoided
  ⚠ 跳過 HealthAutoExport-2026-01-20.json: [Errno 11] Resource deadlock avoided
  ⚠ 跳過 HealthAutoExport-2026-01-21.json: [Errno 11] Resource deadlock avoided
  ⚠ 跳過 HealthAutoExport-2026-01-22.json: [Errno 11] Resource deadlock avoided
  ⚠ 跳過 HealthAutoExport-2026-01-23.json: [Errno 11] Resource deadlock avoided
  ⚠ 跳過 HealthAutoExport-2026-01-26.json: [Errno 11] Resource deadlock avoided
  ⚠ 跳過 HealthAutoExport-2026-01-27.json: [Errno 11] Resource deadlock avoided
  ⚠ 跳過 HealthAutoExport-2026-01-28.json: [Errno 11] Resource deadlock avoided
  ⚠ 跳過 HealthAutoExport-2026-01-29.json: [Errno 11] Resource deadlock avoided
  ⚠ 跳過 HealthAutoExport-2026-01-30.json: [Errno 11] Resource deadlock avoided
  ⚠ 跳過 HealthAutoExport-2026-02-02.json: [Errno 11] Resource deadlock avoided
  ⚠ 跳過 HealthAutoExport-2026-02-03.json: [Errno 11] Resource deadlock avoided
  ⚠ 跳過 HealthAutoExport-2026-02-04.json: [Errno 11] Resource deadlock avoided
  ⚠ 跳過 HealthAutoExport-2026-02-05.json: [Errno 11] Resource deadlock avoided
  ⚠ 跳過 HealthAutoExport-2026-02-06.json: [Errno 11] Resource deadlock avoided
  ⚠ 跳過 HealthAutoExport-2026-02-07.json: [Errno 11] Resource deadlock avoided
  ⚠ 跳過 HealthAutoExport-2026-02-08.json: [Errno 11] Resource deadlock avoided
  ⚠ 跳過 HealthAutoExport-2026-02-09.json: [Errno 11] Resource deadlock avoided
  ⚠ 跳過 HealthAutoExport-2026-02-10.json: [Errno 11] Resource deadlock avoided
  ⚠ 跳過 HealthAutoExport-2026-02-11.json: [Errno 11] Resource deadlock avoided
  ⚠ 跳過 HealthAutoExport-2026-02-12.json: [Errno 11] Resource deadlock avoided
  ⚠ 跳過 HealthAutoExport-2026-02-13.json: [Errno 11] Resource deadlock avoided
  ⚠ 跳過 HealthAutoExport-2026-02-14.json: [Errno 11] Resource deadlock avoided
  ⚠ 跳過 HealthAutoExport-2026-02-15.json: [Errno 11] Resource deadlock avoided
  ⚠ 跳過 HealthAutoExport-2026-02-16.json: [Errno 11] Resource deadlock avoided
  ⚠ 跳過 HealthAutoExport-2026-02-17.json: [Errno 11] Resource deadlock avoided
  ⚠ 跳過 HealthAutoExport-2026-02-18.json: [Errno 11] Resource deadlock avoided
  ⚠ 跳過 HealthAutoExport-2026-02-19.json: [Errno 11] Resource deadlock avoided
  ⚠ 跳過 HealthAutoExport-2026-02-20.json: [Errno 11] Resource deadlock avoided
  ⚠ 跳過 HealthAutoExport-2026-02-21.json: [Errno 11] Resource deadlock avoided
  ⚠ 跳過 HealthAutoExport-2026-02-22.json: [Errno 11] Resource deadlock avoided
  ⚠ 跳過 HealthAutoExport-2026-02-23.json: [Errno 11] Resource deadlock avoided
  ⚠ 跳過 HealthAutoExport-2026-02-24.json: [Errno 11] Resource deadlock avoided
  ⚠ 跳過 HealthAutoExport-2026-02-25.json: [Errno 11] Resource deadlock avoided
  ⚠ 跳過 HealthAutoExport-2026-02-26.json: [Errno 11] Resource deadlock avoided
  ⚠ 跳過 HealthAutoExport-2026-02-27.json: [Errno 11] Resource deadlock avoided
  ⚠ 跳過 HealthAutoExport-2026-02-28.json: [Errno 11] Resource deadlock avoided
  ⚠ 跳過 HealthAutoExport-2026-03-01.json: [Errno 11] Resource deadlock avoided
  ⚠ 跳過 HealthAutoExport-2026-03-02.json: [Errno 11] Resource deadlock avoided
  ⚠ 跳過 HealthAutoExport-2026-03-03.json: [Errno 11] Resource deadlock avoided
  ⚠ 跳過 HealthAutoExport-2026-03-04.json: [Errno 11] Resource deadlock avoided
  ⚠ 跳過 HealthAutoExport-2026-03-05.json: [Errno 11] Resource deadlock avoided
  ⚠ 跳過 HealthAutoExport-2026-03-06.json: [Errno 11] Resource deadlock avoided
  ⚠ 跳過 HealthAutoExport-2026-03-07.json: [Errno 11] Resource deadlock avoided
  ⚠ 跳過 HealthAutoExport-2026-03-08.json: [Errno 11] Resource deadlock avoided
  ⚠ 跳過 HealthAutoExport-2026-03-09.json: [Errno 11] Resource deadlock avoided
  ⚠ 跳過 HealthAutoExport-2026-03-10.json: [Errno 11] Resource deadlock avoided
  ⚠ 跳過 HealthAutoExport-2026-03-11.json: [Errno 11] Resource deadlock avoided
  ⚠ 跳過 HealthAutoExport-2026-03-12.json: [Errno 11] Resource deadlock avoided
  ⚠ 跳過 HealthAutoExport-2026-03-13.json: [Errno 11] Resource deadlock avoided
  ⚠ 跳過 HealthAutoExport-2026-03-14.json: [Errno 11] Resource deadlock avoided
  ⚠ 跳過 HealthAutoExport-2026-03-15.json: [Errno 11] Resource deadlock avoided
  ⚠ 跳過 HealthAutoExport-2026-03-16.json: [Errno 11] Resource deadlock avoided
  ⚠ 跳過 HealthAutoExport-2026-03-17.json: [Errno 11] Resource deadlock avoided
  ⚠ 跳過 HealthAutoExport-2026-03-18.json: [Errno 11] Resource deadlock avoided
  ⚠ 跳過 HealthAutoExport-2026-03-19.json: [Errno 11] Resource deadlock avoided
  ⚠ 跳過 HealthAutoExport-2026-03-20.json: [Errno 11] Resource deadlock avoided
  ⚠ 跳過 HealthAutoExport-2026-03-21.json: [Errno 11] Resource deadlock avoided
  ⚠ 跳過 HealthAutoExport-2026-03-22.json: [Errno 11] Resource deadlock avoided
  ⚠ 跳過 HealthAutoExport-2026-03-23.json: [Errno 11] Resource deadlock avoided
  ⚠ 跳過 HealthAutoExport-2026-03-24.json: [Errno 11] Resource deadlock avoided
  ⚠ 跳過 HealthAutoExport-2026-03-25.json: [Errno 11] Resource deadlock avoided
  ⚠ 跳過 HealthAutoExport-2026-03-26.json: [Errno 11] Resource deadlock avoided
  ⚠ 跳過 HealthAutoExport-2026-03-27.json: [Errno 11] Resource deadlock avoided
  ⚠ 跳過 HealthAutoExport-2026-03-28.json: [Errno 11] Resource deadlock avoided
  ⚠ 跳過 HealthAutoExport-2026-03-29.json: [Errno 11] Resource deadlock avoided
  ⚠ 跳過 HealthAutoExport-2026-03-30.json: [Errno 11] Resource deadlock avoided
  ⚠ 跳過 HealthAutoExport-2026-03-31.json: [Errno 11] Resource deadlock avoided
  ⚠ 跳過 HealthAutoExport-2026-04-01.json: [Errno 11] Resource deadlock avoided
  ⚠ 跳過 HealthAutoExport-2026-04-02.json: [Errno 11] Resource deadlock avoided
  ⚠ 跳過 HealthAutoExport-2026-04-03.json: [Errno 11] Resource deadlock avoided
  ⚠ 跳過 HealthAutoExport-2026-04-04.json: [Errno 11] Resource deadlock avoided
  ⚠ 跳過 HealthAutoExport-2026-04-05.json: [Errno 11] Resource deadlock avoided
  ⚠ 跳過 HealthAutoExport-2026-04-06.json: [Errno 11] Resource deadlock avoided
  ⚠ 跳過 HealthAutoExport-2026-04-07.json: [Errno 11] Resource deadlock avoided
  ⚠ 跳過 HealthAutoExport-2026-04-08.json: [Errno 11] Resource deadlock avoided
  ⚠ 跳過 HealthAutoExport-2026-04-09.json: [Errno 11] Resource deadlock avoided
  ⚠ 跳過 HealthAutoExport-2026-04-10.json: [Errno 11] Resource deadlock avoided
  ⚠ 跳過 HealthAutoExport-2026-04-12.json: [Errno 11] Resource deadlock avoided
  ⚠ 跳過 HealthAutoExport-2026-04-13.json: [Errno 11] Resource deadlock avoided
  ⚠ 跳過 HealthAutoExport-2026-04-14.json: [Errno 11] Resource deadlock avoided
  ⚠ 跳過 HealthAutoExport-2026-04-15.json: [Errno 11] Resource deadlock avoided
  ⚠ 跳過 HealthAutoExport-2026-04-16.json: [Errno 11] Resource deadlock avoided
  ⚠ 跳過 HealthAutoExport-2026-04-17.json: [Errno 11] Resource deadlock avoided
  ⚠ 跳過 HealthAutoExport-2026-04-18.json: [Errno 11] Resource deadlock avoided
  ⚠ 跳過 HealthAutoExport-2026-04-19.json: [Errno 11] Resource deadlock avoided
  ⚠ 跳過 HealthAutoExport-2026-04-20.json: [Errno 11] Resource deadlock avoided
  ⚠ 跳過 HealthAutoExport-2026-04-21.json: [Errno 11] Resource deadlock avoided
  ⚠ 跳過 HealthAutoExport-2026-04-22.json: [Errno 11] Resource deadlock avoided
  ⚠ 跳過 HealthAutoExport-2026-04-23.json: [Errno 11] Resource deadlock avoided
  ⚠ 跳過 HealthAutoExport-2026-04-24.json: [Errno 11] Resource deadlock avoided
  ⚠ 跳過 HealthAutoExport-2026-04-25.json: [Errno 11] Resource deadlock avoided
  ⚠ 跳過 HealthAutoExport-2026-04-26.json: [Errno 11] Resource deadlock avoided
  ⚠ 跳過 HealthAutoExport-2026-04-27.json: [Errno 11] Resource deadlock avoided
  ⚠ 跳過 HealthAutoExport-2026-04-28.json: [Errno 11] Resource deadlock avoided
  ⚠ 跳過 HealthAutoExport-2026-04-29.json: [Errno 11] Resource deadlock avoided
  ⚠ 跳過 HealthAutoExport-2026-04-30.json: [Errno 11] Resource deadlock avoided
  ⚠ 跳過 HealthAutoExport-2026-05-01.json: [Errno 11] Resource deadlock avoided
  ⚠ 跳過 HealthAutoExport-2026-05-02.json: [Errno 11] Resource deadlock avoided
解析完成：0 筆有效夜晚數據
❌ 沒有讀取到任何數據，中止

==================================================
Sleep Dashboard 更新 — 2026-05-03 09:38
==================================================
找到 109 個 JSON 檔案
解析完成：108 筆有效夜晚數據
✅ HTML 更新完成，最新數據：2026-05-02
ℹ️  沒有新變更，不需要 push
完成


==================================================
Sleep Dashboard 更新 — 2026-05-03 09:45
==================================================
找到 109 個 JSON 檔案
解析完成：108 筆有效夜晚數據
✅ HTML 更新完成，最新數據：2026-05-02
ℹ️  沒有新變更，不需要 push
完成

[main a33ce14] auto update: 2026-05-03
 1 file changed, 1 insertion(+), 1 deletion(-)

==================================================
Sleep Dashboard 更新 — 2026-05-03 15:02
==================================================
找到 110 個 JSON 檔案
  ⚠ 跳過 HealthAutoExport-2026-01-20.json: [Errno 11] Resource deadlock avoided
  ⚠ 跳過 HealthAutoExport-2026-01-21.json: [Errno 11] Resource deadlock avoided
  ⚠ 跳過 HealthAutoExport-2026-02-07.json: [Errno 11] Resource deadlock avoided
  ⚠ 跳過 HealthAutoExport-2026-02-10.json: [Errno 11] Resource deadlock avoided
  ⚠ 跳過 HealthAutoExport-2026-02-11.json: [Errno 11] Resource deadlock avoided
  ⚠ 跳過 HealthAutoExport-2026-02-26.json: [Errno 11] Resource deadlock avoided
  ⚠ 跳過 HealthAutoExport-2026-02-27.json: [Errno 11] Resource deadlock avoided
  ⚠ 跳過 HealthAutoExport-2026-03-06.json: [Errno 11] Resource deadlock avoided
  ⚠ 跳過 HealthAutoExport-2026-03-10.json: [Errno 11] Resource deadlock avoided
  ⚠ 跳過 HealthAutoExport-2026-03-26.json: [Errno 11] Resource deadlock avoided
  ⚠ 跳過 HealthAutoExport-2026-03-27.json: [Errno 11] Resource deadlock avoided
  ⚠ 跳過 HealthAutoExport-2026-03-30.json: [Errno 11] Resource deadlock avoided
  ⚠ 跳過 HealthAutoExport-2026-03-31.json: [Errno 11] Resource deadlock avoided
  ⚠ 跳過 HealthAutoExport-2026-04-02.json: [Errno 11] Resource deadlock avoided
  ⚠ 跳過 HealthAutoExport-2026-04-14.json: [Errno 11] Resource deadlock avoided
  ⚠ 跳過 HealthAutoExport-2026-04-18.json: [Errno 11] Resource deadlock avoided
  ⚠ 跳過 HealthAutoExport-2026-04-19.json: [Errno 11] Resource deadlock avoided
  ⚠ 跳過 HealthAutoExport-2026-04-22.json: [Errno 11] Resource deadlock avoided
  ⚠ 跳過 HealthAutoExport-2026-04-23.json: [Errno 11] Resource deadlock avoided
  ⚠ 跳過 HealthAutoExport-2026-05-03.json: [Errno 11] Resource deadlock avoided
解析完成：89 筆有效夜晚數據
✅ HTML 更新完成，最新數據：2026-05-02
❌ Git 操作失敗：Command '['git', 'push']' returned non-zero exit status 1.
完成

[main d64d202] auto update: 2026-05-03
 1 file changed, 1 insertion(+), 1 deletion(-)

==================================================
Sleep Dashboard 更新 — 2026-05-03 15:03
==================================================
找到 110 個 JSON 檔案
  ⚠ 跳過 HealthAutoExport-2026-01-21.json: [Errno 11] Resource deadlock avoided
  ⚠ 跳過 HealthAutoExport-2026-02-07.json: [Errno 11] Resource deadlock avoided
  ⚠ 跳過 HealthAutoExport-2026-02-11.json: [Errno 11] Resource deadlock avoided
  ⚠ 跳過 HealthAutoExport-2026-02-27.json: [Errno 11] Resource deadlock avoided
  ⚠ 跳過 HealthAutoExport-2026-03-06.json: [Errno 11] Resource deadlock avoided
  ⚠ 跳過 HealthAutoExport-2026-03-10.json: [Errno 11] Resource deadlock avoided
  ⚠ 跳過 HealthAutoExport-2026-03-26.json: [Errno 11] Resource deadlock avoided
  ⚠ 跳過 HealthAutoExport-2026-04-02.json: [Errno 11] Resource deadlock avoided
  ⚠ 跳過 HealthAutoExport-2026-04-14.json: [Errno 11] Resource deadlock avoided
  ⚠ 跳過 HealthAutoExport-2026-04-18.json: [Errno 11] Resource deadlock avoided
  ⚠ 跳過 HealthAutoExport-2026-04-22.json: [Errno 11] Resource deadlock avoided
解析完成：98 筆有效夜晚數據
✅ HTML 更新完成，最新數據：2026-05-03
❌ Git 操作失敗：Command '['git', 'push']' returned non-zero exit status 1.
完成


==================================================
Sleep Dashboard 更新 — 2026-05-03 15:04
==================================================
找到 110 個 JSON 檔案
  ⚠ 跳過 HealthAutoExport-2026-01-21.json: [Errno 11] Resource deadlock avoided
  ⚠ 跳過 HealthAutoExport-2026-02-07.json: [Errno 11] Resource deadlock avoided
  ⚠ 跳過 HealthAutoExport-2026-02-11.json: [Errno 11] Resource deadlock avoided
  ⚠ 跳過 HealthAutoExport-2026-02-27.json: [Errno 11] Resource deadlock avoided
  ⚠ 跳過 HealthAutoExport-2026-03-06.json: [Errno 11] Resource deadlock avoided
  ⚠ 跳過 HealthAutoExport-2026-03-10.json: [Errno 11] Resource deadlock avoided
  ⚠ 跳過 HealthAutoExport-2026-03-26.json: [Errno 11] Resource deadlock avoided
  ⚠ 跳過 HealthAutoExport-2026-04-02.json: [Errno 11] Resource deadlock avoided
  ⚠ 跳過 HealthAutoExport-2026-04-14.json: [Errno 11] Resource deadlock avoided
  ⚠ 跳過 HealthAutoExport-2026-04-18.json: [Errno 11] Resource deadlock avoided
  ⚠ 跳過 HealthAutoExport-2026-04-22.json: [Errno 11] Resource deadlock avoided
解析完成：98 筆有效夜晚數據
✅ HTML 更新完成，最新數據：2026-05-03
ℹ️  沒有新變更，不需要 push
完成


==================================================
Sleep Dashboard 更新 — 2026-05-03 15:10
==================================================
找到 110 個 JSON 檔案
  ⚠ 跳過 HealthAutoExport-2026-01-02.json: [Errno 11] Resource deadlock avoided
  ⚠ 跳過 HealthAutoExport-2026-01-05.json: [Errno 11] Resource deadlock avoided
  ⚠ 跳過 HealthAutoExport-2026-01-06.json: [Errno 11] Resource deadlock avoided
  ⚠ 跳過 HealthAutoExport-2026-01-07.json: [Errno 11] Resource deadlock avoided
  ⚠ 跳過 HealthAutoExport-2026-01-08.json: [Errno 11] Resource deadlock avoided
  ⚠ 跳過 HealthAutoExport-2026-01-09.json: [Errno 11] Resource deadlock avoided
  ⚠ 跳過 HealthAutoExport-2026-01-12.json: [Errno 11] Resource deadlock avoided
  ⚠ 跳過 HealthAutoExport-2026-01-13.json: [Errno 11] Resource deadlock avoided
  ⚠ 跳過 HealthAutoExport-2026-01-14.json: [Errno 11] Resource deadlock avoided
  ⚠ 跳過 HealthAutoExport-2026-01-16.json: [Errno 11] Resource deadlock avoided
  ⚠ 跳過 HealthAutoExport-2026-01-19.json: [Errno 11] Resource deadlock avoided
  ⚠ 跳過 HealthAutoExport-2026-01-20.json: [Errno 11] Resource deadlock avoided
  ⚠ 跳過 HealthAutoExport-2026-01-21.json: [Errno 11] Resource deadlock avoided
  ⚠ 跳過 HealthAutoExport-2026-01-22.json: [Errno 11] Resource deadlock avoided
  ⚠ 跳過 HealthAutoExport-2026-01-23.json: [Errno 11] Resource deadlock avoided
  ⚠ 跳過 HealthAutoExport-2026-01-26.json: [Errno 11] Resource deadlock avoided
  ⚠ 跳過 HealthAutoExport-2026-01-27.json: [Errno 11] Resource deadlock avoided
  ⚠ 跳過 HealthAutoExport-2026-01-28.json: [Errno 11] Resource deadlock avoided
  ⚠ 跳過 HealthAutoExport-2026-01-29.json: [Errno 11] Resource deadlock avoided
  ⚠ 跳過 HealthAutoExport-2026-01-30.json: [Errno 11] Resource deadlock avoided
  ⚠ 跳過 HealthAutoExport-2026-02-02.json: [Errno 11] Resource deadlock avoided
  ⚠ 跳過 HealthAutoExport-2026-02-03.json: [Errno 11] Resource deadlock avoided
  ⚠ 跳過 HealthAutoExport-2026-02-04.json: [Errno 11] Resource deadlock avoided
  ⚠ 跳過 HealthAutoExport-2026-02-05.json: [Errno 11] Resource deadlock avoided
  ⚠ 跳過 HealthAutoExport-2026-02-06.json: [Errno 11] Resource deadlock avoided
  ⚠ 跳過 HealthAutoExport-2026-02-07.json: [Errno 11] Resource deadlock avoided
  ⚠ 跳過 HealthAutoExport-2026-02-08.json: [Errno 11] Resource deadlock avoided
  ⚠ 跳過 HealthAutoExport-2026-02-09.json: [Errno 11] Resource deadlock avoided
  ⚠ 跳過 HealthAutoExport-2026-02-10.json: [Errno 11] Resource deadlock avoided
  ⚠ 跳過 HealthAutoExport-2026-02-11.json: [Errno 11] Resource deadlock avoided
  ⚠ 跳過 HealthAutoExport-2026-02-12.json: [Errno 11] Resource deadlock avoided
  ⚠ 跳過 HealthAutoExport-2026-02-13.json: [Errno 11] Resource deadlock avoided
  ⚠ 跳過 HealthAutoExport-2026-02-14.json: [Errno 11] Resource deadlock avoided
  ⚠ 跳過 HealthAutoExport-2026-02-15.json: [Errno 11] Resource deadlock avoided
  ⚠ 跳過 HealthAutoExport-2026-02-16.json: [Errno 11] Resource deadlock avoided
  ⚠ 跳過 HealthAutoExport-2026-02-17.json: [Errno 11] Resource deadlock avoided
  ⚠ 跳過 HealthAutoExport-2026-02-18.json: [Errno 11] Resource deadlock avoided
  ⚠ 跳過 HealthAutoExport-2026-02-19.json: [Errno 11] Resource deadlock avoided
  ⚠ 跳過 HealthAutoExport-2026-02-20.json: [Errno 11] Resource deadlock avoided
  ⚠ 跳過 HealthAutoExport-2026-02-21.json: [Errno 11] Resource deadlock avoided
  ⚠ 跳過 HealthAutoExport-2026-02-22.json: [Errno 11] Resource deadlock avoided
  ⚠ 跳過 HealthAutoExport-2026-02-23.json: [Errno 11] Resource deadlock avoided
  ⚠ 跳過 HealthAutoExport-2026-02-24.json: [Errno 11] Resource deadlock avoided
  ⚠ 跳過 HealthAutoExport-2026-02-25.json: [Errno 11] Resource deadlock avoided
  ⚠ 跳過 HealthAutoExport-2026-02-26.json: [Errno 11] Resource deadlock avoided
  ⚠ 跳過 HealthAutoExport-2026-02-27.json: [Errno 11] Resource deadlock avoided
  ⚠ 跳過 HealthAutoExport-2026-02-28.json: [Errno 11] Resource deadlock avoided
  ⚠ 跳過 HealthAutoExport-2026-03-01.json: [Errno 11] Resource deadlock avoided
  ⚠ 跳過 HealthAutoExport-2026-03-02.json: [Errno 11] Resource deadlock avoided
  ⚠ 跳過 HealthAutoExport-2026-03-03.json: [Errno 11] Resource deadlock avoided
  ⚠ 跳過 HealthAutoExport-2026-03-04.json: [Errno 11] Resource deadlock avoided
  ⚠ 跳過 HealthAutoExport-2026-03-05.json: [Errno 11] Resource deadlock avoided
  ⚠ 跳過 HealthAutoExport-2026-03-06.json: [Errno 11] Resource deadlock avoided
  ⚠ 跳過 HealthAutoExport-2026-03-07.json: [Errno 11] Resource deadlock avoided
  ⚠ 跳過 HealthAutoExport-2026-03-08.json: [Errno 11] Resource deadlock avoided
  ⚠ 跳過 HealthAutoExport-2026-03-09.json: [Errno 11] Resource deadlock avoided
  ⚠ 跳過 HealthAutoExport-2026-03-10.json: [Errno 11] Resource deadlock avoided
  ⚠ 跳過 HealthAutoExport-2026-03-11.json: [Errno 11] Resource deadlock avoided
  ⚠ 跳過 HealthAutoExport-2026-03-12.json: [Errno 11] Resource deadlock avoided
  ⚠ 跳過 HealthAutoExport-2026-03-13.json: [Errno 11] Resource deadlock avoided
  ⚠ 跳過 HealthAutoExport-2026-03-14.json: [Errno 11] Resource deadlock avoided
  ⚠ 跳過 HealthAutoExport-2026-03-15.json: [Errno 11] Resource deadlock avoided
  ⚠ 跳過 HealthAutoExport-2026-03-16.json: [Errno 11] Resource deadlock avoided
  ⚠ 跳過 HealthAutoExport-2026-03-17.json: [Errno 11] Resource deadlock avoided
  ⚠ 跳過 HealthAutoExport-2026-03-18.json: [Errno 11] Resource deadlock avoided
  ⚠ 跳過 HealthAutoExport-2026-03-19.json: [Errno 11] Resource deadlock avoided
  ⚠ 跳過 HealthAutoExport-2026-03-20.json: [Errno 11] Resource deadlock avoided
  ⚠ 跳過 HealthAutoExport-2026-03-21.json: [Errno 11] Resource deadlock avoided
  ⚠ 跳過 HealthAutoExport-2026-03-22.json: [Errno 11] Resource deadlock avoided
  ⚠ 跳過 HealthAutoExport-2026-03-23.json: [Errno 11] Resource deadlock avoided
  ⚠ 跳過 HealthAutoExport-2026-03-24.json: [Errno 11] Resource deadlock avoided
  ⚠ 跳過 HealthAutoExport-2026-03-25.json: [Errno 11] Resource deadlock avoided
  ⚠ 跳過 HealthAutoExport-2026-03-26.json: [Errno 11] Resource deadlock avoided
  ⚠ 跳過 HealthAutoExport-2026-03-27.json: [Errno 11] Resource deadlock avoided
  ⚠ 跳過 HealthAutoExport-2026-03-28.json: [Errno 11] Resource deadlock avoided
  ⚠ 跳過 HealthAutoExport-2026-03-29.json: [Errno 11] Resource deadlock avoided
  ⚠ 跳過 HealthAutoExport-2026-03-30.json: [Errno 11] Resource deadlock avoided
  ⚠ 跳過 HealthAutoExport-2026-03-31.json: [Errno 11] Resource deadlock avoided
  ⚠ 跳過 HealthAutoExport-2026-04-01.json: [Errno 11] Resource deadlock avoided
  ⚠ 跳過 HealthAutoExport-2026-04-02.json: [Errno 11] Resource deadlock avoided
  ⚠ 跳過 HealthAutoExport-2026-04-03.json: [Errno 11] Resource deadlock avoided
  ⚠ 跳過 HealthAutoExport-2026-04-04.json: [Errno 11] Resource deadlock avoided
  ⚠ 跳過 HealthAutoExport-2026-04-05.json: [Errno 11] Resource deadlock avoided
  ⚠ 跳過 HealthAutoExport-2026-04-06.json: [Errno 11] Resource deadlock avoided
  ⚠ 跳過 HealthAutoExport-2026-04-07.json: [Errno 11] Resource deadlock avoided
  ⚠ 跳過 HealthAutoExport-2026-04-08.json: [Errno 11] Resource deadlock avoided
  ⚠ 跳過 HealthAutoExport-2026-04-09.json: [Errno 11] Resource deadlock avoided
  ⚠ 跳過 HealthAutoExport-2026-04-10.json: [Errno 11] Resource deadlock avoided
  ⚠ 跳過 HealthAutoExport-2026-04-12.json: [Errno 11] Resource deadlock avoided
  ⚠ 跳過 HealthAutoExport-2026-04-13.json: [Errno 11] Resource deadlock avoided
  ⚠ 跳過 HealthAutoExport-2026-04-14.json: [Errno 11] Resource deadlock avoided
  ⚠ 跳過 HealthAutoExport-2026-04-15.json: [Errno 11] Resource deadlock avoided
  ⚠ 跳過 HealthAutoExport-2026-04-16.json: [Errno 11] Resource deadlock avoided
  ⚠ 跳過 HealthAutoExport-2026-04-17.json: [Errno 11] Resource deadlock avoided
  ⚠ 跳過 HealthAutoExport-2026-04-18.json: [Errno 11] Resource deadlock avoided
[main 8041fbf] auto update: 2026-05-03
 1 file changed, 1 insertion(+), 1 deletion(-)
  ⚠ 跳過 HealthAutoExport-2026-04-19.json: [Errno 11] Resource deadlock avoided
  ⚠ 跳過 HealthAutoExport-2026-04-20.json: [Errno 11] Resource deadlock avoided
  ⚠ 跳過 HealthAutoExport-2026-04-21.json: [Errno 11] Resource deadlock avoided
  ⚠ 跳過 HealthAutoExport-2026-04-22.json: [Errno 11] Resource deadlock avoided
  ⚠ 跳過 HealthAutoExport-2026-04-23.json: [Errno 11] Resource deadlock avoided
  ⚠ 跳過 HealthAutoExport-2026-04-24.json: [Errno 11] Resource deadlock avoided
  ⚠ 跳過 HealthAutoExport-2026-04-25.json: [Errno 11] Resource deadlock avoided
  ⚠ 跳過 HealthAutoExport-2026-04-26.json: [Errno 11] Resource deadlock avoided
  ⚠ 跳過 HealthAutoExport-2026-04-27.json: [Errno 11] Resource deadlock avoided
  ⚠ 跳過 HealthAutoExport-2026-04-28.json: [Errno 11] Resource deadlock avoided
  ⚠ 跳過 HealthAutoExport-2026-04-29.json: [Errno 11] Resource deadlock avoided
  ⚠ 跳過 HealthAutoExport-2026-04-30.json: [Errno 11] Resource deadlock avoided
  ⚠ 跳過 HealthAutoExport-2026-05-03.json: [Errno 11] Resource deadlock avoided
解析完成：2 筆有效夜晚數據
✅ HTML 更新完成，最新數據：2026-05-02
❌ Git 操作失敗：Command '['git', 'push']' returned non-zero exit status 1.
完成


==================================================
Sleep Dashboard 更新 — 2026-05-04 09:19
==================================================
找到 110 個 JSON 檔案
  ⚠ 跳過 HealthAutoExport-2026-01-02.json: [Errno 11] Resource deadlock avoided
  ⚠ 跳過 HealthAutoExport-2026-01-05.json: [Errno 11] Resource deadlock avoided
  ⚠ 跳過 HealthAutoExport-2026-01-06.json: [Errno 11] Resource deadlock avoided
  ⚠ 跳過 HealthAutoExport-2026-01-07.json: [Errno 11] Resource deadlock avoided
  ⚠ 跳過 HealthAutoExport-2026-01-08.json: [Errno 11] Resource deadlock avoided
  ⚠ 跳過 HealthAutoExport-2026-01-09.json: [Errno 11] Resource deadlock avoided
  ⚠ 跳過 HealthAutoExport-2026-01-12.json: [Errno 11] Resource deadlock avoided
  ⚠ 跳過 HealthAutoExport-2026-01-13.json: [Errno 11] Resource deadlock avoided
  ⚠ 跳過 HealthAutoExport-2026-01-14.json: [Errno 11] Resource deadlock avoided
  ⚠ 跳過 HealthAutoExport-2026-01-16.json: [Errno 11] Resource deadlock avoided
  ⚠ 跳過 HealthAutoExport-2026-01-19.json: [Errno 11] Resource deadlock avoided
  ⚠ 跳過 HealthAutoExport-2026-01-20.json: [Errno 11] Resource deadlock avoided
  ⚠ 跳過 HealthAutoExport-2026-01-21.json: [Errno 11] Resource deadlock avoided
  ⚠ 跳過 HealthAutoExport-2026-01-22.json: [Errno 11] Resource deadlock avoided
  ⚠ 跳過 HealthAutoExport-2026-01-23.json: [Errno 11] Resource deadlock avoided
  ⚠ 跳過 HealthAutoExport-2026-01-26.json: [Errno 11] Resource deadlock avoided
  ⚠ 跳過 HealthAutoExport-2026-01-27.json: [Errno 11] Resource deadlock avoided
  ⚠ 跳過 HealthAutoExport-2026-01-28.json: [Errno 11] Resource deadlock avoided
  ⚠ 跳過 HealthAutoExport-2026-01-29.json: [Errno 11] Resource deadlock avoided
  ⚠ 跳過 HealthAutoExport-2026-01-30.json: [Errno 11] Resource deadlock avoided
  ⚠ 跳過 HealthAutoExport-2026-02-02.json: [Errno 11] Resource deadlock avoided
  ⚠ 跳過 HealthAutoExport-2026-02-03.json: [Errno 11] Resource deadlock avoided
  ⚠ 跳過 HealthAutoExport-2026-02-04.json: [Errno 11] Resource deadlock avoided
  ⚠ 跳過 HealthAutoExport-2026-02-05.json: [Errno 11] Resource deadlock avoided
  ⚠ 跳過 HealthAutoExport-2026-02-06.json: [Errno 11] Resource deadlock avoided
  ⚠ 跳過 HealthAutoExport-2026-02-07.json: [Errno 11] Resource deadlock avoided
  ⚠ 跳過 HealthAutoExport-2026-02-08.json: [Errno 11] Resource deadlock avoided
  ⚠ 跳過 HealthAutoExport-2026-02-09.json: [Errno 11] Resource deadlock avoided
  ⚠ 跳過 HealthAutoExport-2026-02-10.json: [Errno 11] Resource deadlock avoided
  ⚠ 跳過 HealthAutoExport-2026-02-11.json: [Errno 11] Resource deadlock avoided
  ⚠ 跳過 HealthAutoExport-2026-02-12.json: [Errno 11] Resource deadlock avoided
  ⚠ 跳過 HealthAutoExport-2026-02-13.json: [Errno 11] Resource deadlock avoided
  ⚠ 跳過 HealthAutoExport-2026-02-14.json: [Errno 11] Resource deadlock avoided
  ⚠ 跳過 HealthAutoExport-2026-02-15.json: [Errno 11] Resource deadlock avoided
  ⚠ 跳過 HealthAutoExport-2026-02-16.json: [Errno 11] Resource deadlock avoided
  ⚠ 跳過 HealthAutoExport-2026-02-17.json: [Errno 11] Resource deadlock avoided
  ⚠ 跳過 HealthAutoExport-2026-02-18.json: [Errno 11] Resource deadlock avoided
  ⚠ 跳過 HealthAutoExport-2026-02-19.json: [Errno 11] Resource deadlock avoided
  ⚠ 跳過 HealthAutoExport-2026-02-20.json: [Errno 11] Resource deadlock avoided
  ⚠ 跳過 HealthAutoExport-2026-02-21.json: [Errno 11] Resource deadlock avoided
  ⚠ 跳過 HealthAutoExport-2026-02-22.json: [Errno 11] Resource deadlock avoided
  ⚠ 跳過 HealthAutoExport-2026-02-23.json: [Errno 11] Resource deadlock avoided
  ⚠ 跳過 HealthAutoExport-2026-02-24.json: [Errno 11] Resource deadlock avoided
  ⚠ 跳過 HealthAutoExport-2026-02-25.json: [Errno 11] Resource deadlock avoided
  ⚠ 跳過 HealthAutoExport-2026-02-26.json: [Errno 11] Resource deadlock avoided
  ⚠ 跳過 HealthAutoExport-2026-02-27.json: [Errno 11] Resource deadlock avoided
  ⚠ 跳過 HealthAutoExport-2026-02-28.json: [Errno 11] Resource deadlock avoided
  ⚠ 跳過 HealthAutoExport-2026-03-01.json: [Errno 11] Resource deadlock avoided
  ⚠ 跳過 HealthAutoExport-2026-03-02.json: [Errno 11] Resource deadlock avoided
  ⚠ 跳過 HealthAutoExport-2026-03-03.json: [Errno 11] Resource deadlock avoided
  ⚠ 跳過 HealthAutoExport-2026-03-04.json: [Errno 11] Resource deadlock avoided
  ⚠ 跳過 HealthAutoExport-2026-03-05.json: [Errno 11] Resource deadlock avoided
  ⚠ 跳過 HealthAutoExport-2026-03-06.json: [Errno 11] Resource deadlock avoided
  ⚠ 跳過 HealthAutoExport-2026-03-07.json: [Errno 11] Resource deadlock avoided
  ⚠ 跳過 HealthAutoExport-2026-03-08.json: [Errno 11] Resource deadlock avoided
  ⚠ 跳過 HealthAutoExport-2026-03-09.json: [Errno 11] Resource deadlock avoided
  ⚠ 跳過 HealthAutoExport-2026-03-10.json: [Errno 11] Resource deadlock avoided
  ⚠ 跳過 HealthAutoExport-2026-03-11.json: [Errno 11] Resource deadlock avoided
  ⚠ 跳過 HealthAutoExport-2026-03-12.json: [Errno 11] Resource deadlock avoided
  ⚠ 跳過 HealthAutoExport-2026-03-13.json: [Errno 11] Resource deadlock avoided
  ⚠ 跳過 HealthAutoExport-2026-03-14.json: [Errno 11] Resource deadlock avoided
  ⚠ 跳過 HealthAutoExport-2026-03-15.json: [Errno 11] Resource deadlock avoided
  ⚠ 跳過 HealthAutoExport-2026-03-16.json: [Errno 11] Resource deadlock avoided
  ⚠ 跳過 HealthAutoExport-2026-03-17.json: [Errno 11] Resource deadlock avoided
  ⚠ 跳過 HealthAutoExport-2026-03-18.json: [Errno 11] Resource deadlock avoided
  ⚠ 跳過 HealthAutoExport-2026-03-19.json: [Errno 11] Resource deadlock avoided
  ⚠ 跳過 HealthAutoExport-2026-03-20.json: [Errno 11] Resource deadlock avoided
  ⚠ 跳過 HealthAutoExport-2026-03-21.json: [Errno 11] Resource deadlock avoided
  ⚠ 跳過 HealthAutoExport-2026-03-22.json: [Errno 11] Resource deadlock avoided
  ⚠ 跳過 HealthAutoExport-2026-03-23.json: [Errno 11] Resource deadlock avoided
  ⚠ 跳過 HealthAutoExport-2026-03-24.json: [Errno 11] Resource deadlock avoided
  ⚠ 跳過 HealthAutoExport-2026-03-25.json: [Errno 11] Resource deadlock avoided
  ⚠ 跳過 HealthAutoExport-2026-03-26.json: [Errno 11] Resource deadlock avoided
  ⚠ 跳過 HealthAutoExport-2026-03-27.json: [Errno 11] Resource deadlock avoided
  ⚠ 跳過 HealthAutoExport-2026-03-28.json: [Errno 11] Resource deadlock avoided
  ⚠ 跳過 HealthAutoExport-2026-03-29.json: [Errno 11] Resource deadlock avoided
  ⚠ 跳過 HealthAutoExport-2026-03-30.json: [Errno 11] Resource deadlock avoided
  ⚠ 跳過 HealthAutoExport-2026-03-31.json: [Errno 11] Resource deadlock avoided
  ⚠ 跳過 HealthAutoExport-2026-04-01.json: [Errno 11] Resource deadlock avoided
  ⚠ 跳過 HealthAutoExport-2026-04-02.json: [Errno 11] Resource deadlock avoided
  ⚠ 跳過 HealthAutoExport-2026-04-03.json: [Errno 11] Resource deadlock avoided
  ⚠ 跳過 HealthAutoExport-2026-04-04.json: [Errno 11] Resource deadlock avoided
  ⚠ 跳過 HealthAutoExport-2026-04-05.json: [Errno 11] Resource deadlock avoided
  ⚠ 跳過 HealthAutoExport-2026-04-06.json: [Errno 11] Resource deadlock avoided
  ⚠ 跳過 HealthAutoExport-2026-04-07.json: [Errno 11] Resource deadlock avoided
  ⚠ 跳過 HealthAutoExport-2026-04-08.json: [Errno 11] Resource deadlock avoided
  ⚠ 跳過 HealthAutoExport-2026-04-09.json: [Errno 11] Resource deadlock avoided
  ⚠ 跳過 HealthAutoExport-2026-04-10.json: [Errno 11] Resource deadlock avoided
  ⚠ 跳過 HealthAutoExport-2026-04-12.json: [Errno 11] Resource deadlock avoided
  ⚠ 跳過 HealthAutoExport-2026-04-13.json: [Errno 11] Resource deadlock avoided
  ⚠ 跳過 HealthAutoExport-2026-04-14.json: [Errno 11] Resource deadlock avoided
  ⚠ 跳過 HealthAutoExport-2026-04-15.json: [Errno 11] Resource deadlock avoided
  ⚠ 跳過 HealthAutoExport-2026-04-16.json: [Errno 11] Resource deadlock avoided
  ⚠ 跳過 HealthAutoExport-2026-04-17.json: [Errno 11] Resource deadlock avoided
  ⚠ 跳過 HealthAutoExport-2026-04-18.json: [Errno 11] Resource deadlock avoided
[main 1408838] auto update: 2026-05-04
 1 file changed, 1 insertion(+), 1 deletion(-)
  ⚠ 跳過 HealthAutoExport-2026-04-19.json: [Errno 11] Resource deadlock avoided
  ⚠ 跳過 HealthAutoExport-2026-04-20.json: [Errno 11] Resource deadlock avoided
  ⚠ 跳過 HealthAutoExport-2026-04-21.json: [Errno 11] Resource deadlock avoided
  ⚠ 跳過 HealthAutoExport-2026-04-22.json: [Errno 11] Resource deadlock avoided
  ⚠ 跳過 HealthAutoExport-2026-04-23.json: [Errno 11] Resource deadlock avoided
  ⚠ 跳過 HealthAutoExport-2026-04-24.json: [Errno 11] Resource deadlock avoided
  ⚠ 跳過 HealthAutoExport-2026-04-25.json: [Errno 11] Resource deadlock avoided
  ⚠ 跳過 HealthAutoExport-2026-04-26.json: [Errno 11] Resource deadlock avoided
  ⚠ 跳過 HealthAutoExport-2026-04-27.json: [Errno 11] Resource deadlock avoided
  ⚠ 跳過 HealthAutoExport-2026-04-28.json: [Errno 11] Resource deadlock avoided
  ⚠ 跳過 HealthAutoExport-2026-04-29.json: [Errno 11] Resource deadlock avoided
  ⚠ 跳過 HealthAutoExport-2026-04-30.json: [Errno 11] Resource deadlock avoided
  ⚠ 跳過 HealthAutoExport-2026-05-01.json: [Errno 11] Resource deadlock avoided
  ⚠ 跳過 HealthAutoExport-2026-05-03.json: [Errno 11] Resource deadlock avoided
解析完成：1 筆有效夜晚數據
✅ HTML 更新完成，最新數據：2026-05-02
✅ 已 push 到 GitHub
完成

[main 3c85ca5] auto update: 2026-05-04
 1 file changed, 1 insertion(+), 1 deletion(-)
Current branch main is up to date.

==================================================
Sleep Dashboard 更新 — 2026-05-04 09:30
==================================================
找到 111 個 JSON 檔案
解析完成：110 筆有效夜晚數據
✅ HTML 更新完成，最新數據：2026-05-04
✅ 已 push 到 GitHub
完成


==================================================
Sleep Dashboard 更新 — 2026-05-05 09:53
==================================================
找到 111 個 JSON 檔案
  ⚠ 跳過 HealthAutoExport-2026-01-02.json: [Errno 11] Resource deadlock avoided
  ⚠ 跳過 HealthAutoExport-2026-01-05.json: [Errno 11] Resource deadlock avoided
  ⚠ 跳過 HealthAutoExport-2026-01-06.json: [Errno 11] Resource deadlock avoided
  ⚠ 跳過 HealthAutoExport-2026-01-07.json: [Errno 11] Resource deadlock avoided
  ⚠ 跳過 HealthAutoExport-2026-01-08.json: [Errno 11] Resource deadlock avoided
  ⚠ 跳過 HealthAutoExport-2026-01-09.json: [Errno 11] Resource deadlock avoided
  ⚠ 跳過 HealthAutoExport-2026-01-12.json: [Errno 11] Resource deadlock avoided
  ⚠ 跳過 HealthAutoExport-2026-01-13.json: [Errno 11] Resource deadlock avoided
  ⚠ 跳過 HealthAutoExport-2026-01-14.json: [Errno 11] Resource deadlock avoided
  ⚠ 跳過 HealthAutoExport-2026-01-16.json: [Errno 11] Resource deadlock avoided
  ⚠ 跳過 HealthAutoExport-2026-01-19.json: [Errno 11] Resource deadlock avoided
  ⚠ 跳過 HealthAutoExport-2026-01-20.json: [Errno 11] Resource deadlock avoided
  ⚠ 跳過 HealthAutoExport-2026-01-21.json: [Errno 11] Resource deadlock avoided
  ⚠ 跳過 HealthAutoExport-2026-01-22.json: [Errno 11] Resource deadlock avoided
  ⚠ 跳過 HealthAutoExport-2026-01-23.json: [Errno 11] Resource deadlock avoided
  ⚠ 跳過 HealthAutoExport-2026-01-26.json: [Errno 11] Resource deadlock avoided
  ⚠ 跳過 HealthAutoExport-2026-01-27.json: [Errno 11] Resource deadlock avoided
  ⚠ 跳過 HealthAutoExport-2026-01-28.json: [Errno 11] Resource deadlock avoided
  ⚠ 跳過 HealthAutoExport-2026-01-29.json: [Errno 11] Resource deadlock avoided
  ⚠ 跳過 HealthAutoExport-2026-01-30.json: [Errno 11] Resource deadlock avoided
  ⚠ 跳過 HealthAutoExport-2026-02-02.json: [Errno 11] Resource deadlock avoided
  ⚠ 跳過 HealthAutoExport-2026-02-03.json: [Errno 11] Resource deadlock avoided
  ⚠ 跳過 HealthAutoExport-2026-02-04.json: [Errno 11] Resource deadlock avoided
  ⚠ 跳過 HealthAutoExport-2026-02-05.json: [Errno 11] Resource deadlock avoided
  ⚠ 跳過 HealthAutoExport-2026-02-06.json: [Errno 11] Resource deadlock avoided
  ⚠ 跳過 HealthAutoExport-2026-02-07.json: [Errno 11] Resource deadlock avoided
  ⚠ 跳過 HealthAutoExport-2026-02-08.json: [Errno 11] Resource deadlock avoided
  ⚠ 跳過 HealthAutoExport-2026-02-09.json: [Errno 11] Resource deadlock avoided
  ⚠ 跳過 HealthAutoExport-2026-02-10.json: [Errno 11] Resource deadlock avoided
  ⚠ 跳過 HealthAutoExport-2026-02-11.json: [Errno 11] Resource deadlock avoided
  ⚠ 跳過 HealthAutoExport-2026-02-12.json: [Errno 11] Resource deadlock avoided
  ⚠ 跳過 HealthAutoExport-2026-02-13.json: [Errno 11] Resource deadlock avoided
  ⚠ 跳過 HealthAutoExport-2026-02-14.json: [Errno 11] Resource deadlock avoided
  ⚠ 跳過 HealthAutoExport-2026-02-15.json: [Errno 11] Resource deadlock avoided
  ⚠ 跳過 HealthAutoExport-2026-02-16.json: [Errno 11] Resource deadlock avoided
  ⚠ 跳過 HealthAutoExport-2026-02-17.json: [Errno 11] Resource deadlock avoided
  ⚠ 跳過 HealthAutoExport-2026-02-18.json: [Errno 11] Resource deadlock avoided
  ⚠ 跳過 HealthAutoExport-2026-02-19.json: [Errno 11] Resource deadlock avoided
  ⚠ 跳過 HealthAutoExport-2026-02-20.json: [Errno 11] Resource deadlock avoided
  ⚠ 跳過 HealthAutoExport-2026-02-21.json: [Errno 11] Resource deadlock avoided
  ⚠ 跳過 HealthAutoExport-2026-02-22.json: [Errno 11] Resource deadlock avoided
  ⚠ 跳過 HealthAutoExport-2026-02-23.json: [Errno 11] Resource deadlock avoided
  ⚠ 跳過 HealthAutoExport-2026-02-24.json: [Errno 11] Resource deadlock avoided
  ⚠ 跳過 HealthAutoExport-2026-02-25.json: [Errno 11] Resource deadlock avoided
  ⚠ 跳過 HealthAutoExport-2026-02-26.json: [Errno 11] Resource deadlock avoided
  ⚠ 跳過 HealthAutoExport-2026-02-27.json: [Errno 11] Resource deadlock avoided
  ⚠ 跳過 HealthAutoExport-2026-02-28.json: [Errno 11] Resource deadlock avoided
  ⚠ 跳過 HealthAutoExport-2026-03-01.json: [Errno 11] Resource deadlock avoided
  ⚠ 跳過 HealthAutoExport-2026-03-02.json: [Errno 11] Resource deadlock avoided
  ⚠ 跳過 HealthAutoExport-2026-03-03.json: [Errno 11] Resource deadlock avoided
  ⚠ 跳過 HealthAutoExport-2026-03-04.json: [Errno 11] Resource deadlock avoided
  ⚠ 跳過 HealthAutoExport-2026-03-05.json: [Errno 11] Resource deadlock avoided
  ⚠ 跳過 HealthAutoExport-2026-03-06.json: [Errno 11] Resource deadlock avoided
  ⚠ 跳過 HealthAutoExport-2026-03-07.json: [Errno 11] Resource deadlock avoided
  ⚠ 跳過 HealthAutoExport-2026-03-08.json: [Errno 11] Resource deadlock avoided
  ⚠ 跳過 HealthAutoExport-2026-03-09.json: [Errno 11] Resource deadlock avoided
  ⚠ 跳過 HealthAutoExport-2026-03-10.json: [Errno 11] Resource deadlock avoided
  ⚠ 跳過 HealthAutoExport-2026-03-11.json: [Errno 11] Resource deadlock avoided
  ⚠ 跳過 HealthAutoExport-2026-03-12.json: [Errno 11] Resource deadlock avoided
  ⚠ 跳過 HealthAutoExport-2026-03-13.json: [Errno 11] Resource deadlock avoided
  ⚠ 跳過 HealthAutoExport-2026-03-14.json: [Errno 11] Resource deadlock avoided
  ⚠ 跳過 HealthAutoExport-2026-03-15.json: [Errno 11] Resource deadlock avoided
  ⚠ 跳過 HealthAutoExport-2026-03-16.json: [Errno 11] Resource deadlock avoided
  ⚠ 跳過 HealthAutoExport-2026-03-17.json: [Errno 11] Resource deadlock avoided
  ⚠ 跳過 HealthAutoExport-2026-03-18.json: [Errno 11] Resource deadlock avoided
  ⚠ 跳過 HealthAutoExport-2026-03-19.json: [Errno 11] Resource deadlock avoided
  ⚠ 跳過 HealthAutoExport-2026-03-20.json: [Errno 11] Resource deadlock avoided
  ⚠ 跳過 HealthAutoExport-2026-03-21.json: [Errno 11] Resource deadlock avoided
  ⚠ 跳過 HealthAutoExport-2026-03-22.json: [Errno 11] Resource deadlock avoided
  ⚠ 跳過 HealthAutoExport-2026-03-23.json: [Errno 11] Resource deadlock avoided
  ⚠ 跳過 HealthAutoExport-2026-03-24.json: [Errno 11] Resource deadlock avoided
  ⚠ 跳過 HealthAutoExport-2026-03-25.json: [Errno 11] Resource deadlock avoided
  ⚠ 跳過 HealthAutoExport-2026-03-26.json: [Errno 11] Resource deadlock avoided
  ⚠ 跳過 HealthAutoExport-2026-03-27.json: [Errno 11] Resource deadlock avoided
  ⚠ 跳過 HealthAutoExport-2026-03-28.json: [Errno 11] Resource deadlock avoided
  ⚠ 跳過 HealthAutoExport-2026-03-29.json: [Errno 11] Resource deadlock avoided
  ⚠ 跳過 HealthAutoExport-2026-03-30.json: [Errno 11] Resource deadlock avoided
  ⚠ 跳過 HealthAutoExport-2026-03-31.json: [Errno 11] Resource deadlock avoided
  ⚠ 跳過 HealthAutoExport-2026-04-01.json: [Errno 11] Resource deadlock avoided
  ⚠ 跳過 HealthAutoExport-2026-04-02.json: [Errno 11] Resource deadlock avoided
  ⚠ 跳過 HealthAutoExport-2026-04-03.json: [Errno 11] Resource deadlock avoided
  ⚠ 跳過 HealthAutoExport-2026-04-04.json: [Errno 11] Resource deadlock avoided
  ⚠ 跳過 HealthAutoExport-2026-04-05.json: [Errno 11] Resource deadlock avoided
  ⚠ 跳過 HealthAutoExport-2026-04-06.json: [Errno 11] Resource deadlock avoided
  ⚠ 跳過 HealthAutoExport-2026-04-07.json: [Errno 11] Resource deadlock avoided
  ⚠ 跳過 HealthAutoExport-2026-04-08.json: [Errno 11] Resource deadlock avoided
  ⚠ 跳過 HealthAutoExport-2026-04-09.json: [Errno 11] Resource deadlock avoided
  ⚠ 跳過 HealthAutoExport-2026-04-10.json: [Errno 11] Resource deadlock avoided
  ⚠ 跳過 HealthAutoExport-2026-04-12.json: [Errno 11] Resource deadlock avoided
  ⚠ 跳過 HealthAutoExport-2026-04-13.json: [Errno 11] Resource deadlock avoided
  ⚠ 跳過 HealthAutoExport-2026-04-14.json: [Errno 11] Resource deadlock avoided
  ⚠ 跳過 HealthAutoExport-2026-04-15.json: [Errno 11] Resource deadlock avoided
  ⚠ 跳過 HealthAutoExport-2026-04-16.json: [Errno 11] Resource deadlock avoided
  ⚠ 跳過 HealthAutoExport-2026-04-17.json: [Errno 11] Resource deadlock avoided
  ⚠ 跳過 HealthAutoExport-2026-04-18.json: [Errno 11] Resource deadlock avoided
  ⚠ 跳過 HealthAutoExport-2026-04-19.json: [Errno 11] Resource deadlock avoided
  ⚠ 跳過 HealthAutoExport-2026-04-20.json: [Errno 11] Resource deadlock avoided
  ⚠ 跳過 HealthAutoExport-2026-04-21.json: [Errno 11] Resource deadlock avoided
  ⚠ 跳過 HealthAutoExport-2026-04-22.json: [Errno 11] Resource deadlock avoided
  ⚠ 跳過 HealthAutoExport-2026-04-23.json: [Errno 11] Resource deadlock avoided
  ⚠ 跳過 HealthAutoExport-2026-04-24.json: [Errno 11] Resource deadlock avoided
  ⚠ 跳過 HealthAutoExport-2026-04-25.json: [Errno 11] Resource deadlock avoided
  ⚠ 跳過 HealthAutoExport-2026-04-26.json: [Errno 11] Resource deadlock avoided
  ⚠ 跳過 HealthAutoExport-2026-04-27.json: [Errno 11] Resource deadlock avoided
  ⚠ 跳過 HealthAutoExport-2026-04-28.json: [Errno 11] Resource deadlock avoided
  ⚠ 跳過 HealthAutoExport-2026-04-29.json: [Errno 11] Resource deadlock avoided
  ⚠ 跳過 HealthAutoExport-2026-04-30.json: [Errno 11] Resource deadlock avoided
  ⚠ 跳過 HealthAutoExport-2026-05-01.json: [Errno 11] Resource deadlock avoided
  ⚠ 跳過 HealthAutoExport-2026-05-02.json: [Errno 11] Resource deadlock avoided
  ⚠ 跳過 HealthAutoExport-2026-05-03.json: [Errno 11] Resource deadlock avoided
  ⚠ 跳過 HealthAutoExport-2026-05-04.json: [Errno 11] Resource deadlock avoided
解析完成：0 筆有效夜晚數據
❌ 沒有讀取到任何數據，中止
[main 34b9f66] auto update: 2026-05-05
 1 file changed, 1 insertion(+), 1 deletion(-)
Current branch main is up to date.

==================================================
Sleep Dashboard 更新 — 2026-05-05 10:02
==================================================
找到 112 個 JSON 檔案
解析完成：111 筆有效夜晚數據
✅ HTML 更新完成，最新數據：2026-05-05
✅ 已 push 到 GitHub
完成


==================================================
Sleep Dashboard 更新 — 2026-05-05 10:10
==================================================
找到 112 個 JSON 檔案
解析完成：111 筆有效夜晚數據
✅ HTML 更新完成，最新數據：2026-05-05
ℹ️  沒有新變更，不需要 push
完成

[main 09422b6] auto update: 2026-05-06
 1 file changed, 1 insertion(+), 1 deletion(-)

==================================================
Sleep Dashboard 更新 — 2026-05-06 09:54
==================================================
找到 113 個 JSON 檔案
解析完成：112 筆有效夜晚數據
✅ HTML 更新完成，最新數據：2026-05-06
✅ 已 push 到 GitHub
完成


==================================================
Sleep Dashboard 更新 — 2026-05-06 09:55
==================================================
找到 113 個 JSON 檔案
解析完成：112 筆有效夜晚數據
✅ HTML 更新完成，最新數據：2026-05-06
ℹ️  沒有新變更，不需要 push
完成


==================================================
Sleep Dashboard 更新 — 2026-05-06 09:59
==================================================
找到 113 個 JSON 檔案
  ⚠ 跳過 HealthAutoExport-2026-01-02.json: [Errno 11] Resource deadlock avoided
  ⚠ 跳過 HealthAutoExport-2026-01-05.json: [Errno 11] Resource deadlock avoided
  ⚠ 跳過 HealthAutoExport-2026-01-06.json: [Errno 11] Resource deadlock avoided
  ⚠ 跳過 HealthAutoExport-2026-01-07.json: [Errno 11] Resource deadlock avoided
  ⚠ 跳過 HealthAutoExport-2026-01-08.json: [Errno 11] Resource deadlock avoided
  ⚠ 跳過 HealthAutoExport-2026-01-09.json: [Errno 11] Resource deadlock avoided
  ⚠ 跳過 HealthAutoExport-2026-01-12.json: [Errno 11] Resource deadlock avoided
  ⚠ 跳過 HealthAutoExport-2026-01-13.json: [Errno 11] Resource deadlock avoided
  ⚠ 跳過 HealthAutoExport-2026-01-14.json: [Errno 11] Resource deadlock avoided
  ⚠ 跳過 HealthAutoExport-2026-01-16.json: [Errno 11] Resource deadlock avoided
  ⚠ 跳過 HealthAutoExport-2026-01-19.json: [Errno 11] Resource deadlock avoided
  ⚠ 跳過 HealthAutoExport-2026-01-20.json: [Errno 11] Resource deadlock avoided
  ⚠ 跳過 HealthAutoExport-2026-01-21.json: [Errno 11] Resource deadlock avoided
  ⚠ 跳過 HealthAutoExport-2026-01-22.json: [Errno 11] Resource deadlock avoided
  ⚠ 跳過 HealthAutoExport-2026-01-23.json: [Errno 11] Resource deadlock avoided
  ⚠ 跳過 HealthAutoExport-2026-01-26.json: [Errno 11] Resource deadlock avoided
  ⚠ 跳過 HealthAutoExport-2026-01-27.json: [Errno 11] Resource deadlock avoided
  ⚠ 跳過 HealthAutoExport-2026-01-28.json: [Errno 11] Resource deadlock avoided
  ⚠ 跳過 HealthAutoExport-2026-01-29.json: [Errno 11] Resource deadlock avoided
  ⚠ 跳過 HealthAutoExport-2026-01-30.json: [Errno 11] Resource deadlock avoided
  ⚠ 跳過 HealthAutoExport-2026-02-02.json: [Errno 11] Resource deadlock avoided
  ⚠ 跳過 HealthAutoExport-2026-02-03.json: [Errno 11] Resource deadlock avoided
  ⚠ 跳過 HealthAutoExport-2026-02-04.json: [Errno 11] Resource deadlock avoided
  ⚠ 跳過 HealthAutoExport-2026-02-05.json: [Errno 11] Resource deadlock avoided
  ⚠ 跳過 HealthAutoExport-2026-02-06.json: [Errno 11] Resource deadlock avoided
  ⚠ 跳過 HealthAutoExport-2026-02-07.json: [Errno 11] Resource deadlock avoided
  ⚠ 跳過 HealthAutoExport-2026-02-08.json: [Errno 11] Resource deadlock avoided
  ⚠ 跳過 HealthAutoExport-2026-02-09.json: [Errno 11] Resource deadlock avoided
  ⚠ 跳過 HealthAutoExport-2026-02-10.json: [Errno 11] Resource deadlock avoided
  ⚠ 跳過 HealthAutoExport-2026-02-11.json: [Errno 11] Resource deadlock avoided
  ⚠ 跳過 HealthAutoExport-2026-02-12.json: [Errno 11] Resource deadlock avoided
  ⚠ 跳過 HealthAutoExport-2026-02-13.json: [Errno 11] Resource deadlock avoided
  ⚠ 跳過 HealthAutoExport-2026-02-14.json: [Errno 11] Resource deadlock avoided
  ⚠ 跳過 HealthAutoExport-2026-02-15.json: [Errno 11] Resource deadlock avoided
  ⚠ 跳過 HealthAutoExport-2026-02-16.json: [Errno 11] Resource deadlock avoided
  ⚠ 跳過 HealthAutoExport-2026-02-17.json: [Errno 11] Resource deadlock avoided
  ⚠ 跳過 HealthAutoExport-2026-02-18.json: [Errno 11] Resource deadlock avoided
  ⚠ 跳過 HealthAutoExport-2026-02-19.json: [Errno 11] Resource deadlock avoided
  ⚠ 跳過 HealthAutoExport-2026-02-20.json: [Errno 11] Resource deadlock avoided
  ⚠ 跳過 HealthAutoExport-2026-02-21.json: [Errno 11] Resource deadlock avoided
  ⚠ 跳過 HealthAutoExport-2026-02-22.json: [Errno 11] Resource deadlock avoided
  ⚠ 跳過 HealthAutoExport-2026-02-23.json: [Errno 11] Resource deadlock avoided
  ⚠ 跳過 HealthAutoExport-2026-02-24.json: [Errno 11] Resource deadlock avoided
  ⚠ 跳過 HealthAutoExport-2026-02-25.json: [Errno 11] Resource deadlock avoided
  ⚠ 跳過 HealthAutoExport-2026-02-26.json: [Errno 11] Resource deadlock avoided
  ⚠ 跳過 HealthAutoExport-2026-02-27.json: [Errno 11] Resource deadlock avoided
  ⚠ 跳過 HealthAutoExport-2026-02-28.json: [Errno 11] Resource deadlock avoided
  ⚠ 跳過 HealthAutoExport-2026-03-01.json: [Errno 11] Resource deadlock avoided
  ⚠ 跳過 HealthAutoExport-2026-03-02.json: [Errno 11] Resource deadlock avoided
  ⚠ 跳過 HealthAutoExport-2026-03-03.json: [Errno 11] Resource deadlock avoided
  ⚠ 跳過 HealthAutoExport-2026-03-04.json: [Errno 11] Resource deadlock avoided
  ⚠ 跳過 HealthAutoExport-2026-03-05.json: [Errno 11] Resource deadlock avoided
  ⚠ 跳過 HealthAutoExport-2026-03-06.json: [Errno 11] Resource deadlock avoided
  ⚠ 跳過 HealthAutoExport-2026-03-07.json: [Errno 11] Resource deadlock avoided
  ⚠ 跳過 HealthAutoExport-2026-03-08.json: [Errno 11] Resource deadlock avoided
  ⚠ 跳過 HealthAutoExport-2026-03-09.json: [Errno 11] Resource deadlock avoided
  ⚠ 跳過 HealthAutoExport-2026-03-10.json: [Errno 11] Resource deadlock avoided
  ⚠ 跳過 HealthAutoExport-2026-03-11.json: [Errno 11] Resource deadlock avoided
  ⚠ 跳過 HealthAutoExport-2026-03-12.json: [Errno 11] Resource deadlock avoided
  ⚠ 跳過 HealthAutoExport-2026-03-13.json: [Errno 11] Resource deadlock avoided
  ⚠ 跳過 HealthAutoExport-2026-03-14.json: [Errno 11] Resource deadlock avoided
  ⚠ 跳過 HealthAutoExport-2026-03-15.json: [Errno 11] Resource deadlock avoided
  ⚠ 跳過 HealthAutoExport-2026-03-16.json: [Errno 11] Resource deadlock avoided
  ⚠ 跳過 HealthAutoExport-2026-03-17.json: [Errno 11] Resource deadlock avoided
  ⚠ 跳過 HealthAutoExport-2026-03-18.json: [Errno 11] Resource deadlock avoided
  ⚠ 跳過 HealthAutoExport-2026-03-19.json: [Errno 11] Resource deadlock avoided
  ⚠ 跳過 HealthAutoExport-2026-03-20.json: [Errno 11] Resource deadlock avoided
  ⚠ 跳過 HealthAutoExport-2026-03-21.json: [Errno 11] Resource deadlock avoided
  ⚠ 跳過 HealthAutoExport-2026-03-22.json: [Errno 11] Resource deadlock avoided
  ⚠ 跳過 HealthAutoExport-2026-03-23.json: [Errno 11] Resource deadlock avoided
  ⚠ 跳過 HealthAutoExport-2026-03-24.json: [Errno 11] Resource deadlock avoided
  ⚠ 跳過 HealthAutoExport-2026-03-25.json: [Errno 11] Resource deadlock avoided
  ⚠ 跳過 HealthAutoExport-2026-03-26.json: [Errno 11] Resource deadlock avoided
  ⚠ 跳過 HealthAutoExport-2026-03-27.json: [Errno 11] Resource deadlock avoided
  ⚠ 跳過 HealthAutoExport-2026-03-28.json: [Errno 11] Resource deadlock avoided
  ⚠ 跳過 HealthAutoExport-2026-03-29.json: [Errno 11] Resource deadlock avoided
  ⚠ 跳過 HealthAutoExport-2026-03-30.json: [Errno 11] Resource deadlock avoided
  ⚠ 跳過 HealthAutoExport-2026-03-31.json: [Errno 11] Resource deadlock avoided
  ⚠ 跳過 HealthAutoExport-2026-04-01.json: [Errno 11] Resource deadlock avoided
  ⚠ 跳過 HealthAutoExport-2026-04-02.json: [Errno 11] Resource deadlock avoided
  ⚠ 跳過 HealthAutoExport-2026-04-03.json: [Errno 11] Resource deadlock avoided
  ⚠ 跳過 HealthAutoExport-2026-04-04.json: [Errno 11] Resource deadlock avoided
  ⚠ 跳過 HealthAutoExport-2026-04-05.json: [Errno 11] Resource deadlock avoided
  ⚠ 跳過 HealthAutoExport-2026-04-06.json: [Errno 11] Resource deadlock avoided
  ⚠ 跳過 HealthAutoExport-2026-04-07.json: [Errno 11] Resource deadlock avoided
  ⚠ 跳過 HealthAutoExport-2026-04-08.json: [Errno 11] Resource deadlock avoided
  ⚠ 跳過 HealthAutoExport-2026-04-09.json: [Errno 11] Resource deadlock avoided
  ⚠ 跳過 HealthAutoExport-2026-04-10.json: [Errno 11] Resource deadlock avoided
  ⚠ 跳過 HealthAutoExport-2026-04-12.json: [Errno 11] Resource deadlock avoided
  ⚠ 跳過 HealthAutoExport-2026-04-13.json: [Errno 11] Resource deadlock avoided
  ⚠ 跳過 HealthAutoExport-2026-04-14.json: [Errno 11] Resource deadlock avoided
  ⚠ 跳過 HealthAutoExport-2026-04-15.json: [Errno 11] Resource deadlock avoided
  ⚠ 跳過 HealthAutoExport-2026-04-16.json: [Errno 11] Resource deadlock avoided
  ⚠ 跳過 HealthAutoExport-2026-04-17.json: [Errno 11] Resource deadlock avoided
  ⚠ 跳過 HealthAutoExport-2026-04-18.json: [Errno 11] Resource deadlock avoided
  ⚠ 跳過 HealthAutoExport-2026-04-19.json: [Errno 11] Resource deadlock avoided
  ⚠ 跳過 HealthAutoExport-2026-04-20.json: [Errno 11] Resource deadlock avoided
  ⚠ 跳過 HealthAutoExport-2026-04-21.json: [Errno 11] Resource deadlock avoided
  ⚠ 跳過 HealthAutoExport-2026-04-22.json: [Errno 11] Resource deadlock avoided
  ⚠ 跳過 HealthAutoExport-2026-04-23.json: [Errno 11] Resource deadlock avoided
  ⚠ 跳過 HealthAutoExport-2026-04-24.json: [Errno 11] Resource deadlock avoided
  ⚠ 跳過 HealthAutoExport-2026-04-25.json: [Errno 11] Resource deadlock avoided
  ⚠ 跳過 HealthAutoExport-2026-04-26.json: [Errno 11] Resource deadlock avoided
  ⚠ 跳過 HealthAutoExport-2026-04-27.json: [Errno 11] Resource deadlock avoided
  ⚠ 跳過 HealthAutoExport-2026-04-28.json: [Errno 11] Resource deadlock avoided
  ⚠ 跳過 HealthAutoExport-2026-04-29.json: [Errno 11] Resource deadlock avoided
  ⚠ 跳過 HealthAutoExport-2026-04-30.json: [Errno 11] Resource deadlock avoided
  ⚠ 跳過 HealthAutoExport-2026-05-01.json: [Errno 11] Resource deadlock avoided
  ⚠ 跳過 HealthAutoExport-2026-05-02.json: [Errno 11] Resource deadlock avoided
  ⚠ 跳過 HealthAutoExport-2026-05-03.json: [Errno 11] Resource deadlock avoided
  ⚠ 跳過 HealthAutoExport-2026-05-04.json: [Errno 11] Resource deadlock avoided
  ⚠ 跳過 HealthAutoExport-2026-05-05.json: [Errno 11] Resource deadlock avoided
  ⚠ 跳過 HealthAutoExport-2026-05-06.json: [Errno 11] Resource deadlock avoided
解析完成：0 筆有效夜晚數據
❌ 沒有讀取到任何數據，中止

==================================================
Sleep Dashboard 更新 — 2026-05-06 09:59
==================================================
找到 113 個 JSON 檔案
  ⚠ 跳過 HealthAutoExport-2026-01-02.json: [Errno 11] Resource deadlock avoided
  ⚠ 跳過 HealthAutoExport-2026-01-05.json: [Errno 11] Resource deadlock avoided
  ⚠ 跳過 HealthAutoExport-2026-01-06.json: [Errno 11] Resource deadlock avoided
  ⚠ 跳過 HealthAutoExport-2026-01-07.json: [Errno 11] Resource deadlock avoided
  ⚠ 跳過 HealthAutoExport-2026-01-08.json: [Errno 11] Resource deadlock avoided
  ⚠ 跳過 HealthAutoExport-2026-01-09.json: [Errno 11] Resource deadlock avoided
  ⚠ 跳過 HealthAutoExport-2026-01-12.json: [Errno 11] Resource deadlock avoided
  ⚠ 跳過 HealthAutoExport-2026-01-13.json: [Errno 11] Resource deadlock avoided
  ⚠ 跳過 HealthAutoExport-2026-01-14.json: [Errno 11] Resource deadlock avoided
  ⚠ 跳過 HealthAutoExport-2026-01-16.json: [Errno 11] Resource deadlock avoided
  ⚠ 跳過 HealthAutoExport-2026-01-19.json: [Errno 11] Resource deadlock avoided
  ⚠ 跳過 HealthAutoExport-2026-01-20.json: [Errno 11] Resource deadlock avoided
  ⚠ 跳過 HealthAutoExport-2026-01-21.json: [Errno 11] Resource deadlock avoided
  ⚠ 跳過 HealthAutoExport-2026-01-22.json: [Errno 11] Resource deadlock avoided
  ⚠ 跳過 HealthAutoExport-2026-01-23.json: [Errno 11] Resource deadlock avoided
  ⚠ 跳過 HealthAutoExport-2026-01-26.json: [Errno 11] Resource deadlock avoided
  ⚠ 跳過 HealthAutoExport-2026-01-27.json: [Errno 11] Resource deadlock avoided
  ⚠ 跳過 HealthAutoExport-2026-01-28.json: [Errno 11] Resource deadlock avoided
  ⚠ 跳過 HealthAutoExport-2026-01-29.json: [Errno 11] Resource deadlock avoided
  ⚠ 跳過 HealthAutoExport-2026-01-30.json: [Errno 11] Resource deadlock avoided
  ⚠ 跳過 HealthAutoExport-2026-02-02.json: [Errno 11] Resource deadlock avoided
  ⚠ 跳過 HealthAutoExport-2026-02-03.json: [Errno 11] Resource deadlock avoided
  ⚠ 跳過 HealthAutoExport-2026-02-04.json: [Errno 11] Resource deadlock avoided
  ⚠ 跳過 HealthAutoExport-2026-02-05.json: [Errno 11] Resource deadlock avoided
  ⚠ 跳過 HealthAutoExport-2026-02-06.json: [Errno 11] Resource deadlock avoided
  ⚠ 跳過 HealthAutoExport-2026-02-07.json: [Errno 11] Resource deadlock avoided
  ⚠ 跳過 HealthAutoExport-2026-02-08.json: [Errno 11] Resource deadlock avoided
  ⚠ 跳過 HealthAutoExport-2026-02-09.json: [Errno 11] Resource deadlock avoided
  ⚠ 跳過 HealthAutoExport-2026-02-10.json: [Errno 11] Resource deadlock avoided
  ⚠ 跳過 HealthAutoExport-2026-02-11.json: [Errno 11] Resource deadlock avoided
  ⚠ 跳過 HealthAutoExport-2026-02-12.json: [Errno 11] Resource deadlock avoided
  ⚠ 跳過 HealthAutoExport-2026-02-13.json: [Errno 11] Resource deadlock avoided
  ⚠ 跳過 HealthAutoExport-2026-02-14.json: [Errno 11] Resource deadlock avoided
  ⚠ 跳過 HealthAutoExport-2026-02-15.json: [Errno 11] Resource deadlock avoided
  ⚠ 跳過 HealthAutoExport-2026-02-16.json: [Errno 11] Resource deadlock avoided
  ⚠ 跳過 HealthAutoExport-2026-02-17.json: [Errno 11] Resource deadlock avoided
  ⚠ 跳過 HealthAutoExport-2026-02-18.json: [Errno 11] Resource deadlock avoided
  ⚠ 跳過 HealthAutoExport-2026-02-19.json: [Errno 11] Resource deadlock avoided
  ⚠ 跳過 HealthAutoExport-2026-02-20.json: [Errno 11] Resource deadlock avoided
  ⚠ 跳過 HealthAutoExport-2026-02-21.json: [Errno 11] Resource deadlock avoided
  ⚠ 跳過 HealthAutoExport-2026-02-22.json: [Errno 11] Resource deadlock avoided
  ⚠ 跳過 HealthAutoExport-2026-02-23.json: [Errno 11] Resource deadlock avoided
  ⚠ 跳過 HealthAutoExport-2026-02-24.json: [Errno 11] Resource deadlock avoided
  ⚠ 跳過 HealthAutoExport-2026-02-25.json: [Errno 11] Resource deadlock avoided
  ⚠ 跳過 HealthAutoExport-2026-02-26.json: [Errno 11] Resource deadlock avoided
  ⚠ 跳過 HealthAutoExport-2026-02-27.json: [Errno 11] Resource deadlock avoided
  ⚠ 跳過 HealthAutoExport-2026-02-28.json: [Errno 11] Resource deadlock avoided
  ⚠ 跳過 HealthAutoExport-2026-03-01.json: [Errno 11] Resource deadlock avoided
  ⚠ 跳過 HealthAutoExport-2026-03-02.json: [Errno 11] Resource deadlock avoided
  ⚠ 跳過 HealthAutoExport-2026-03-03.json: [Errno 11] Resource deadlock avoided
  ⚠ 跳過 HealthAutoExport-2026-03-04.json: [Errno 11] Resource deadlock avoided
  ⚠ 跳過 HealthAutoExport-2026-03-05.json: [Errno 11] Resource deadlock avoided
  ⚠ 跳過 HealthAutoExport-2026-03-06.json: [Errno 11] Resource deadlock avoided
  ⚠ 跳過 HealthAutoExport-2026-03-07.json: [Errno 11] Resource deadlock avoided
  ⚠ 跳過 HealthAutoExport-2026-03-08.json: [Errno 11] Resource deadlock avoided
  ⚠ 跳過 HealthAutoExport-2026-03-09.json: [Errno 11] Resource deadlock avoided
  ⚠ 跳過 HealthAutoExport-2026-03-10.json: [Errno 11] Resource deadlock avoided
  ⚠ 跳過 HealthAutoExport-2026-03-11.json: [Errno 11] Resource deadlock avoided
  ⚠ 跳過 HealthAutoExport-2026-03-12.json: [Errno 11] Resource deadlock avoided
  ⚠ 跳過 HealthAutoExport-2026-03-13.json: [Errno 11] Resource deadlock avoided
  ⚠ 跳過 HealthAutoExport-2026-03-14.json: [Errno 11] Resource deadlock avoided
  ⚠ 跳過 HealthAutoExport-2026-03-15.json: [Errno 11] Resource deadlock avoided
  ⚠ 跳過 HealthAutoExport-2026-03-16.json: [Errno 11] Resource deadlock avoided
  ⚠ 跳過 HealthAutoExport-2026-03-17.json: [Errno 11] Resource deadlock avoided
  ⚠ 跳過 HealthAutoExport-2026-03-18.json: [Errno 11] Resource deadlock avoided
  ⚠ 跳過 HealthAutoExport-2026-03-19.json: [Errno 11] Resource deadlock avoided
  ⚠ 跳過 HealthAutoExport-2026-03-20.json: [Errno 11] Resource deadlock avoided
  ⚠ 跳過 HealthAutoExport-2026-03-21.json: [Errno 11] Resource deadlock avoided
  ⚠ 跳過 HealthAutoExport-2026-03-22.json: [Errno 11] Resource deadlock avoided
  ⚠ 跳過 HealthAutoExport-2026-03-23.json: [Errno 11] Resource deadlock avoided
  ⚠ 跳過 HealthAutoExport-2026-03-24.json: [Errno 11] Resource deadlock avoided
  ⚠ 跳過 HealthAutoExport-2026-03-25.json: [Errno 11] Resource deadlock avoided
  ⚠ 跳過 HealthAutoExport-2026-03-26.json: [Errno 11] Resource deadlock avoided
  ⚠ 跳過 HealthAutoExport-2026-03-27.json: [Errno 11] Resource deadlock avoided
  ⚠ 跳過 HealthAutoExport-2026-03-28.json: [Errno 11] Resource deadlock avoided
  ⚠ 跳過 HealthAutoExport-2026-03-29.json: [Errno 11] Resource deadlock avoided
  ⚠ 跳過 HealthAutoExport-2026-03-30.json: [Errno 11] Resource deadlock avoided
  ⚠ 跳過 HealthAutoExport-2026-03-31.json: [Errno 11] Resource deadlock avoided
  ⚠ 跳過 HealthAutoExport-2026-04-01.json: [Errno 11] Resource deadlock avoided
  ⚠ 跳過 HealthAutoExport-2026-04-02.json: [Errno 11] Resource deadlock avoided
  ⚠ 跳過 HealthAutoExport-2026-04-03.json: [Errno 11] Resource deadlock avoided
  ⚠ 跳過 HealthAutoExport-2026-04-04.json: [Errno 11] Resource deadlock avoided
  ⚠ 跳過 HealthAutoExport-2026-04-05.json: [Errno 11] Resource deadlock avoided
  ⚠ 跳過 HealthAutoExport-2026-04-06.json: [Errno 11] Resource deadlock avoided
  ⚠ 跳過 HealthAutoExport-2026-04-07.json: [Errno 11] Resource deadlock avoided
  ⚠ 跳過 HealthAutoExport-2026-04-08.json: [Errno 11] Resource deadlock avoided
  ⚠ 跳過 HealthAutoExport-2026-04-09.json: [Errno 11] Resource deadlock avoided
  ⚠ 跳過 HealthAutoExport-2026-04-10.json: [Errno 11] Resource deadlock avoided
  ⚠ 跳過 HealthAutoExport-2026-04-12.json: [Errno 11] Resource deadlock avoided
  ⚠ 跳過 HealthAutoExport-2026-04-13.json: [Errno 11] Resource deadlock avoided
  ⚠ 跳過 HealthAutoExport-2026-04-14.json: [Errno 11] Resource deadlock avoided
  ⚠ 跳過 HealthAutoExport-2026-04-15.json: [Errno 11] Resource deadlock avoided
  ⚠ 跳過 HealthAutoExport-2026-04-16.json: [Errno 11] Resource deadlock avoided
  ⚠ 跳過 HealthAutoExport-2026-04-17.json: [Errno 11] Resource deadlock avoided
  ⚠ 跳過 HealthAutoExport-2026-04-18.json: [Errno 11] Resource deadlock avoided
  ⚠ 跳過 HealthAutoExport-2026-04-19.json: [Errno 11] Resource deadlock avoided
  ⚠ 跳過 HealthAutoExport-2026-04-20.json: [Errno 11] Resource deadlock avoided
  ⚠ 跳過 HealthAutoExport-2026-04-21.json: [Errno 11] Resource deadlock avoided
  ⚠ 跳過 HealthAutoExport-2026-04-22.json: [Errno 11] Resource deadlock avoided
  ⚠ 跳過 HealthAutoExport-2026-04-23.json: [Errno 11] Resource deadlock avoided
  ⚠ 跳過 HealthAutoExport-2026-04-24.json: [Errno 11] Resource deadlock avoided
  ⚠ 跳過 HealthAutoExport-2026-04-25.json: [Errno 11] Resource deadlock avoided
  ⚠ 跳過 HealthAutoExport-2026-04-26.json: [Errno 11] Resource deadlock avoided
  ⚠ 跳過 HealthAutoExport-2026-04-27.json: [Errno 11] Resource deadlock avoided
  ⚠ 跳過 HealthAutoExport-2026-04-28.json: [Errno 11] Resource deadlock avoided
  ⚠ 跳過 HealthAutoExport-2026-04-29.json: [Errno 11] Resource deadlock avoided
  ⚠ 跳過 HealthAutoExport-2026-04-30.json: [Errno 11] Resource deadlock avoided
  ⚠ 跳過 HealthAutoExport-2026-05-01.json: [Errno 11] Resource deadlock avoided
  ⚠ 跳過 HealthAutoExport-2026-05-02.json: [Errno 11] Resource deadlock avoided
  ⚠ 跳過 HealthAutoExport-2026-05-03.json: [Errno 11] Resource deadlock avoided
  ⚠ 跳過 HealthAutoExport-2026-05-04.json: [Errno 11] Resource deadlock avoided
  ⚠ 跳過 HealthAutoExport-2026-05-05.json: [Errno 11] Resource deadlock avoided
  ⚠ 跳過 HealthAutoExport-2026-05-06.json: [Errno 11] Resource deadlock avoided
解析完成：0 筆有效夜晚數據
❌ 沒有讀取到任何數據，中止

==================================================
Sleep Dashboard 更新 — 2026-05-06 10:10
==================================================
找到 113 個 JSON 檔案
  ⚠ 跳過 HealthAutoExport-2026-01-02.json: [Errno 11] Resource deadlock avoided
  ⚠ 跳過 HealthAutoExport-2026-01-05.json: [Errno 11] Resource deadlock avoided
  ⚠ 跳過 HealthAutoExport-2026-01-06.json: [Errno 11] Resource deadlock avoided
  ⚠ 跳過 HealthAutoExport-2026-01-07.json: [Errno 11] Resource deadlock avoided
  ⚠ 跳過 HealthAutoExport-2026-01-08.json: [Errno 11] Resource deadlock avoided
  ⚠ 跳過 HealthAutoExport-2026-01-09.json: [Errno 11] Resource deadlock avoided
  ⚠ 跳過 HealthAutoExport-2026-01-12.json: [Errno 11] Resource deadlock avoided
  ⚠ 跳過 HealthAutoExport-2026-01-13.json: [Errno 11] Resource deadlock avoided
  ⚠ 跳過 HealthAutoExport-2026-01-14.json: [Errno 11] Resource deadlock avoided
  ⚠ 跳過 HealthAutoExport-2026-01-16.json: [Errno 11] Resource deadlock avoided
  ⚠ 跳過 HealthAutoExport-2026-01-19.json: [Errno 11] Resource deadlock avoided
  ⚠ 跳過 HealthAutoExport-2026-01-20.json: [Errno 11] Resource deadlock avoided
  ⚠ 跳過 HealthAutoExport-2026-01-21.json: [Errno 11] Resource deadlock avoided
  ⚠ 跳過 HealthAutoExport-2026-01-22.json: [Errno 11] Resource deadlock avoided
  ⚠ 跳過 HealthAutoExport-2026-01-23.json: [Errno 11] Resource deadlock avoided
  ⚠ 跳過 HealthAutoExport-2026-01-26.json: [Errno 11] Resource deadlock avoided
  ⚠ 跳過 HealthAutoExport-2026-01-27.json: [Errno 11] Resource deadlock avoided
  ⚠ 跳過 HealthAutoExport-2026-01-28.json: [Errno 11] Resource deadlock avoided
  ⚠ 跳過 HealthAutoExport-2026-01-29.json: [Errno 11] Resource deadlock avoided
  ⚠ 跳過 HealthAutoExport-2026-01-30.json: [Errno 11] Resource deadlock avoided
  ⚠ 跳過 HealthAutoExport-2026-02-02.json: [Errno 11] Resource deadlock avoided
  ⚠ 跳過 HealthAutoExport-2026-02-03.json: [Errno 11] Resource deadlock avoided
  ⚠ 跳過 HealthAutoExport-2026-02-04.json: [Errno 11] Resource deadlock avoided
  ⚠ 跳過 HealthAutoExport-2026-02-05.json: [Errno 11] Resource deadlock avoided
  ⚠ 跳過 HealthAutoExport-2026-02-06.json: [Errno 11] Resource deadlock avoided
  ⚠ 跳過 HealthAutoExport-2026-02-07.json: [Errno 11] Resource deadlock avoided
  ⚠ 跳過 HealthAutoExport-2026-02-08.json: [Errno 11] Resource deadlock avoided
  ⚠ 跳過 HealthAutoExport-2026-02-09.json: [Errno 11] Resource deadlock avoided
  ⚠ 跳過 HealthAutoExport-2026-02-10.json: [Errno 11] Resource deadlock avoided
  ⚠ 跳過 HealthAutoExport-2026-02-11.json: [Errno 11] Resource deadlock avoided
  ⚠ 跳過 HealthAutoExport-2026-02-12.json: [Errno 11] Resource deadlock avoided
  ⚠ 跳過 HealthAutoExport-2026-02-13.json: [Errno 11] Resource deadlock avoided
  ⚠ 跳過 HealthAutoExport-2026-02-14.json: [Errno 11] Resource deadlock avoided
  ⚠ 跳過 HealthAutoExport-2026-02-15.json: [Errno 11] Resource deadlock avoided
  ⚠ 跳過 HealthAutoExport-2026-02-16.json: [Errno 11] Resource deadlock avoided
  ⚠ 跳過 HealthAutoExport-2026-02-17.json: [Errno 11] Resource deadlock avoided
  ⚠ 跳過 HealthAutoExport-2026-02-18.json: [Errno 11] Resource deadlock avoided
  ⚠ 跳過 HealthAutoExport-2026-02-19.json: [Errno 11] Resource deadlock avoided
  ⚠ 跳過 HealthAutoExport-2026-02-20.json: [Errno 11] Resource deadlock avoided
  ⚠ 跳過 HealthAutoExport-2026-02-21.json: [Errno 11] Resource deadlock avoided
  ⚠ 跳過 HealthAutoExport-2026-02-22.json: [Errno 11] Resource deadlock avoided
  ⚠ 跳過 HealthAutoExport-2026-02-23.json: [Errno 11] Resource deadlock avoided
  ⚠ 跳過 HealthAutoExport-2026-02-24.json: [Errno 11] Resource deadlock avoided
  ⚠ 跳過 HealthAutoExport-2026-02-25.json: [Errno 11] Resource deadlock avoided
  ⚠ 跳過 HealthAutoExport-2026-02-26.json: [Errno 11] Resource deadlock avoided
  ⚠ 跳過 HealthAutoExport-2026-02-27.json: [Errno 11] Resource deadlock avoided
  ⚠ 跳過 HealthAutoExport-2026-02-28.json: [Errno 11] Resource deadlock avoided
  ⚠ 跳過 HealthAutoExport-2026-03-01.json: [Errno 11] Resource deadlock avoided
  ⚠ 跳過 HealthAutoExport-2026-03-02.json: [Errno 11] Resource deadlock avoided
  ⚠ 跳過 HealthAutoExport-2026-03-03.json: [Errno 11] Resource deadlock avoided
  ⚠ 跳過 HealthAutoExport-2026-03-04.json: [Errno 11] Resource deadlock avoided
  ⚠ 跳過 HealthAutoExport-2026-03-05.json: [Errno 11] Resource deadlock avoided
  ⚠ 跳過 HealthAutoExport-2026-03-06.json: [Errno 11] Resource deadlock avoided
  ⚠ 跳過 HealthAutoExport-2026-03-07.json: [Errno 11] Resource deadlock avoided
  ⚠ 跳過 HealthAutoExport-2026-03-08.json: [Errno 11] Resource deadlock avoided
  ⚠ 跳過 HealthAutoExport-2026-03-09.json: [Errno 11] Resource deadlock avoided
  ⚠ 跳過 HealthAutoExport-2026-03-10.json: [Errno 11] Resource deadlock avoided
  ⚠ 跳過 HealthAutoExport-2026-03-11.json: [Errno 11] Resource deadlock avoided
  ⚠ 跳過 HealthAutoExport-2026-03-12.json: [Errno 11] Resource deadlock avoided
  ⚠ 跳過 HealthAutoExport-2026-03-13.json: [Errno 11] Resource deadlock avoided
  ⚠ 跳過 HealthAutoExport-2026-03-14.json: [Errno 11] Resource deadlock avoided
  ⚠ 跳過 HealthAutoExport-2026-03-15.json: [Errno 11] Resource deadlock avoided
  ⚠ 跳過 HealthAutoExport-2026-03-16.json: [Errno 11] Resource deadlock avoided
  ⚠ 跳過 HealthAutoExport-2026-03-17.json: [Errno 11] Resource deadlock avoided
  ⚠ 跳過 HealthAutoExport-2026-03-18.json: [Errno 11] Resource deadlock avoided
  ⚠ 跳過 HealthAutoExport-2026-03-19.json: [Errno 11] Resource deadlock avoided
  ⚠ 跳過 HealthAutoExport-2026-03-20.json: [Errno 11] Resource deadlock avoided
  ⚠ 跳過 HealthAutoExport-2026-03-21.json: [Errno 11] Resource deadlock avoided
  ⚠ 跳過 HealthAutoExport-2026-03-22.json: [Errno 11] Resource deadlock avoided
  ⚠ 跳過 HealthAutoExport-2026-03-23.json: [Errno 11] Resource deadlock avoided
  ⚠ 跳過 HealthAutoExport-2026-03-24.json: [Errno 11] Resource deadlock avoided
  ⚠ 跳過 HealthAutoExport-2026-03-25.json: [Errno 11] Resource deadlock avoided
  ⚠ 跳過 HealthAutoExport-2026-03-26.json: [Errno 11] Resource deadlock avoided
  ⚠ 跳過 HealthAutoExport-2026-03-27.json: [Errno 11] Resource deadlock avoided
  ⚠ 跳過 HealthAutoExport-2026-03-28.json: [Errno 11] Resource deadlock avoided
  ⚠ 跳過 HealthAutoExport-2026-03-29.json: [Errno 11] Resource deadlock avoided
  ⚠ 跳過 HealthAutoExport-2026-03-30.json: [Errno 11] Resource deadlock avoided
  ⚠ 跳過 HealthAutoExport-2026-03-31.json: [Errno 11] Resource deadlock avoided
  ⚠ 跳過 HealthAutoExport-2026-04-01.json: [Errno 11] Resource deadlock avoided
  ⚠ 跳過 HealthAutoExport-2026-04-02.json: [Errno 11] Resource deadlock avoided
  ⚠ 跳過 HealthAutoExport-2026-04-03.json: [Errno 11] Resource deadlock avoided
  ⚠ 跳過 HealthAutoExport-2026-04-04.json: [Errno 11] Resource deadlock avoided
  ⚠ 跳過 HealthAutoExport-2026-04-05.json: [Errno 11] Resource deadlock avoided
  ⚠ 跳過 HealthAutoExport-2026-04-06.json: [Errno 11] Resource deadlock avoided
  ⚠ 跳過 HealthAutoExport-2026-04-07.json: [Errno 11] Resource deadlock avoided
  ⚠ 跳過 HealthAutoExport-2026-04-08.json: [Errno 11] Resource deadlock avoided
  ⚠ 跳過 HealthAutoExport-2026-04-09.json: [Errno 11] Resource deadlock avoided
  ⚠ 跳過 HealthAutoExport-2026-04-10.json: [Errno 11] Resource deadlock avoided
  ⚠ 跳過 HealthAutoExport-2026-04-12.json: [Errno 11] Resource deadlock avoided
  ⚠ 跳過 HealthAutoExport-2026-04-13.json: [Errno 11] Resource deadlock avoided
  ⚠ 跳過 HealthAutoExport-2026-04-14.json: [Errno 11] Resource deadlock avoided
  ⚠ 跳過 HealthAutoExport-2026-04-15.json: [Errno 11] Resource deadlock avoided
  ⚠ 跳過 HealthAutoExport-2026-04-16.json: [Errno 11] Resource deadlock avoided
  ⚠ 跳過 HealthAutoExport-2026-04-17.json: [Errno 11] Resource deadlock avoided
  ⚠ 跳過 HealthAutoExport-2026-04-18.json: [Errno 11] Resource deadlock avoided
  ⚠ 跳過 HealthAutoExport-2026-04-19.json: [Errno 11] Resource deadlock avoided
  ⚠ 跳過 HealthAutoExport-2026-04-20.json: [Errno 11] Resource deadlock avoided
  ⚠ 跳過 HealthAutoExport-2026-04-21.json: [Errno 11] Resource deadlock avoided
  ⚠ 跳過 HealthAutoExport-2026-04-22.json: [Errno 11] Resource deadlock avoided
  ⚠ 跳過 HealthAutoExport-2026-04-23.json: [Errno 11] Resource deadlock avoided
  ⚠ 跳過 HealthAutoExport-2026-04-24.json: [Errno 11] Resource deadlock avoided
  ⚠ 跳過 HealthAutoExport-2026-04-25.json: [Errno 11] Resource deadlock avoided
  ⚠ 跳過 HealthAutoExport-2026-04-26.json: [Errno 11] Resource deadlock avoided
  ⚠ 跳過 HealthAutoExport-2026-04-27.json: [Errno 11] Resource deadlock avoided
  ⚠ 跳過 HealthAutoExport-2026-04-28.json: [Errno 11] Resource deadlock avoided
  ⚠ 跳過 HealthAutoExport-2026-04-29.json: [Errno 11] Resource deadlock avoided
  ⚠ 跳過 HealthAutoExport-2026-04-30.json: [Errno 11] Resource deadlock avoided
  ⚠ 跳過 HealthAutoExport-2026-05-01.json: [Errno 11] Resource deadlock avoided
  ⚠ 跳過 HealthAutoExport-2026-05-02.json: [Errno 11] Resource deadlock avoided
  ⚠ 跳過 HealthAutoExport-2026-05-03.json: [Errno 11] Resource deadlock avoided
  ⚠ 跳過 HealthAutoExport-2026-05-04.json: [Errno 11] Resource deadlock avoided
  ⚠ 跳過 HealthAutoExport-2026-05-05.json: [Errno 11] Resource deadlock avoided
  ⚠ 跳過 HealthAutoExport-2026-05-06.json: [Errno 11] Resource deadlock avoided
解析完成：0 筆有效夜晚數據
❌ 沒有讀取到任何數據，中止

==================================================
Sleep Dashboard 更新 — 2026-05-07 10:10
==================================================
找到 113 個 JSON 檔案
解析完成：112 筆有效夜晚數據
✅ HTML 更新完成，最新數據：2026-05-06
ℹ️  沒有新變更，不需要 push
完成


==================================================
Sleep Dashboard 更新 — 2026-05-07 15:05
==================================================
找到 113 個 JSON 檔案
解析完成：112 筆有效夜晚數據
✅ HTML 更新完成，最新數據：2026-05-06
ℹ️  沒有新變更，不需要 push
完成

找到 1 個 Shortcuts 檔案
現有資料：114 晚
  🔄 2026-05-08: deep=25min rem=84min core=284min awake=37min eff=91.4%
✅ 更新完成（114 晚）
ℹ️ 沒有新資料
找到 2 個 Shortcuts 檔案
現有資料：115 晚
  🔄 2026-05-08: deep=25min rem=84min core=284min awake=37min eff=91.4%
  🔄 2026-05-09: deep=24min rem=133min core=256min awake=37min eff=91.8%
✅ 更新完成（115 晚）
ℹ️ 沒有新資料
找到 2 個 Shortcuts 檔案
現有資料：115 晚
